#include "AST/ASTModule.h"

#include "AST/ASTBundle.h"

namespace EmbeddedModule
{

void load_stdlib_module(AST::Bundle &bundle, AST::Module &module)
{
    auto &file_1 = module.add_file("stdlib:/core/arr.eco");
    static const unsigned char file_1_data[] = {
        0x2f, 0x2a, 0x2a, 0x0a, 0x20, 0x2a, 0x20, 0x41, 0x72, 0x72, 0x61, 0x79, 
        0x20, 0x75, 0x74, 0x69, 0x6c, 0x69, 0x74, 0x69, 0x65, 0x73, 0x2e, 0x0a, 
        0x20, 0x2a, 0x0a, 0x20, 0x2a, 0x20, 0x60, 0x61, 0x72, 0x72, 0x61, 0x79, 
        0x3c, 0x54, 0x3e, 0x60, 0x20, 0x69, 0x74, 0x73, 0x65, 0x6c, 0x66, 0x20, 
        0x69, 0x73, 0x20, 0x61, 0x74, 0x20, 0x74, 0x68, 0x65, 0x20, 0x72, 0x6f, 
        0x6f, 0x74, 0x20, 0x2d, 0x20, 0x61, 0x20, 0x73, 0x65, 0x71, 0x75, 0x65, 
        0x6e, 0x63, 0x65, 0x20, 0x69, 0x73, 0x20, 0x76, 0x6f, 0x63, 0x61, 0x62, 
        0x75, 0x6c, 0x61, 0x72, 0x79, 0x20, 0x79, 0x6f, 0x75, 0x20, 0x77, 0x72, 
        0x69, 0x74, 0x65, 0x20, 0x65, 0x76, 0x65, 0x72, 0x79, 0x20, 0x6c, 0x69, 
        0x6e, 0x65, 0x2c, 0x20, 0x61, 0x6e, 0x64, 0x20, 0x73, 0x6f, 0x20, 0x69, 
        0x73, 0x20, 0x60, 0x24, 0x61, 0x5b, 0x24, 0x69, 0x5d, 0x60, 0x2e, 0x0a, 
        0x20, 0x2a, 0x20, 0x57, 0x68, 0x61, 0x74, 0x20, 0x6c, 0x69, 0x76, 0x65, 
        0x73, 0x20, 0x68, 0x65, 0x72, 0x65, 0x20, 0x69, 0x73, 0x20, 0x77, 0x68, 
        0x61, 0x74, 0x20, 0x69, 0x73, 0x20, 0x62, 0x75, 0x69, 0x6c, 0x74, 0x20, 
        0x2a, 0x6f, 0x6e, 0x2a, 0x20, 0x69, 0x74, 0x3a, 0x20, 0x74, 0x68, 0x69, 
        0x6e, 0x67, 0x73, 0x20, 0x74, 0x68, 0x61, 0x74, 0x20, 0x63, 0x6f, 0x75, 
        0x6c, 0x64, 0x20, 0x62, 0x65, 0x20, 0x6d, 0x65, 0x74, 0x68, 0x6f, 0x64, 
        0x73, 0x20, 0x62, 0x75, 0x74, 0x20, 0x73, 0x68, 0x6f, 0x75, 0x6c, 0x64, 
        0x20, 0x6e, 0x6f, 0x74, 0x20, 0x62, 0x65, 0x2c, 0x20, 0x62, 0x65, 0x63, 
        0x61, 0x75, 0x73, 0x65, 0x20, 0x74, 0x68, 0x65, 0x79, 0x0a, 0x20, 0x2a, 
        0x20, 0x61, 0x6e, 0x73, 0x77, 0x65, 0x72, 0x20, 0x61, 0x20, 0x71, 0x75, 
        0x65, 0x73, 0x74, 0x69, 0x6f, 0x6e, 0x20, 0x61, 0x62, 0x6f, 0x75, 0x74, 
        0x20, 0x61, 0x72, 0x72, 0x61, 0x79, 0x73, 0x20, 0x72, 0x61, 0x74, 0x68, 
        0x65, 0x72, 0x20, 0x74, 0x68, 0x61, 0x6e, 0x20, 0x61, 0x62, 0x6f, 0x75, 
        0x74, 0x20, 0x6f, 0x6e, 0x65, 0x20, 0x61, 0x72, 0x72, 0x61, 0x79, 0x2e, 
        0x0a, 0x20, 0x2a, 0x0a, 0x20, 0x2a, 0x20, 0x41, 0x20, 0x66, 0x75, 0x6e, 
        0x63, 0x74, 0x69, 0x6f, 0x6e, 0x20, 0x67, 0x6f, 0x65, 0x73, 0x20, 0x68, 
        0x65, 0x72, 0x65, 0x20, 0x72, 0x61, 0x74, 0x68, 0x65, 0x72, 0x20, 0x74, 
        0x68, 0x61, 0x6e, 0x20, 0x6f, 0x6e, 0x20, 0x74, 0x68, 0x65, 0x20, 0x74, 
        0x79, 0x70, 0x65, 0x20, 0x77, 0x68, 0x65, 0x6e, 0x20, 0x69, 0x74, 0x20, 
        0x64, 0x6f, 0x65, 0x73, 0x20, 0x6e, 0x6f, 0x74, 0x20, 0x6e, 0x65, 0x65, 
        0x64, 0x20, 0x74, 0x68, 0x65, 0x20, 0x74, 0x79, 0x70, 0x65, 0x27, 0x73, 
        0x20, 0x69, 0x6e, 0x74, 0x65, 0x72, 0x6e, 0x61, 0x6c, 0x73, 0x2e, 0x20, 
        0x60, 0x6d, 0x65, 0x72, 0x67, 0x65, 0x60, 0x20, 0x62, 0x65, 0x6c, 0x6f, 
        0x77, 0x0a, 0x20, 0x2a, 0x20, 0x74, 0x6f, 0x75, 0x63, 0x68, 0x65, 0x73, 
        0x20, 0x6e, 0x6f, 0x20, 0x70, 0x72, 0x6f, 0x70, 0x65, 0x72, 0x74, 0x79, 
        0x20, 0x6f, 0x66, 0x20, 0x65, 0x69, 0x74, 0x68, 0x65, 0x72, 0x20, 0x61, 
        0x72, 0x67, 0x75, 0x6d, 0x65, 0x6e, 0x74, 0x2c, 0x20, 0x6f, 0x6e, 0x6c, 
        0x79, 0x20, 0x60, 0x63, 0x6f, 0x75, 0x6e, 0x74, 0x28, 0x29, 0x60, 0x20, 
        0x61, 0x6e, 0x64, 0x20, 0x60, 0x70, 0x75, 0x73, 0x68, 0x28, 0x29, 0x60, 
        0x2c, 0x20, 0x73, 0x6f, 0x20, 0x70, 0x75, 0x74, 0x74, 0x69, 0x6e, 0x67, 
        0x20, 0x69, 0x74, 0x20, 0x69, 0x6e, 0x20, 0x74, 0x68, 0x65, 0x20, 0x73, 
        0x74, 0x72, 0x75, 0x63, 0x74, 0x20, 0x77, 0x6f, 0x75, 0x6c, 0x64, 0x0a, 
        0x20, 0x2a, 0x20, 0x67, 0x72, 0x6f, 0x77, 0x20, 0x74, 0x68, 0x65, 0x20, 
        0x73, 0x75, 0x72, 0x66, 0x61, 0x63, 0x65, 0x20, 0x65, 0x76, 0x65, 0x72, 
        0x79, 0x20, 0x72, 0x65, 0x61, 0x64, 0x65, 0x72, 0x20, 0x6f, 0x66, 0x20, 
        0x60, 0x61, 0x72, 0x72, 0x61, 0x79, 0x3c, 0x54, 0x3e, 0x60, 0x20, 0x68, 
        0x61, 0x73, 0x20, 0x74, 0x6f, 0x20, 0x77, 0x61, 0x6c, 0x6b, 0x20, 0x70, 
        0x61, 0x73, 0x74, 0x20, 0x66, 0x6f, 0x72, 0x20, 0x6e, 0x6f, 0x20, 0x67, 
        0x61, 0x69, 0x6e, 0x20, 0x69, 0x6e, 0x20, 0x77, 0x68, 0x61, 0x74, 0x20, 
        0x69, 0x74, 0x20, 0x63, 0x61, 0x6e, 0x20, 0x64, 0x6f, 0x2e, 0x0a, 0x20, 
        0x2a, 0x2f, 0x0a, 0x0a, 0x6e, 0x61, 0x6d, 0x65, 0x73, 0x70, 0x61, 0x63, 
        0x65, 0x20, 0x61, 0x72, 0x72, 0x3b, 0x0a, 0x0a, 0x2f, 0x2a, 0x2a, 0x0a, 
        0x20, 0x2a, 0x20, 0x41, 0x20, 0x6e, 0x65, 0x77, 0x20, 0x61, 0x72, 0x72, 
        0x61, 0x79, 0x20, 0x68, 0x6f, 0x6c, 0x64, 0x69, 0x6e, 0x67, 0x20, 0x60, 
        0x24, 0x61, 0x60, 0x27, 0x73, 0x20, 0x65, 0x6c, 0x65, 0x6d, 0x65, 0x6e, 
        0x74, 0x73, 0x20, 0x66, 0x6f, 0x6c, 0x6c, 0x6f, 0x77, 0x65, 0x64, 0x20, 
        0x62, 0x79, 0x20, 0x60, 0x24, 0x62, 0x60, 0x27, 0x73, 0x2e, 0x0a, 0x20, 
        0x2a, 0x0a, 0x20, 0x2a, 0x20, 0x42, 0x6f, 0x74, 0x68, 0x20, 0x69, 0x6e, 
        0x70, 0x75, 0x74, 0x73, 0x20, 0x61, 0x72, 0x65, 0x20, 0x60, 0x63, 0x6f, 
        0x6e, 0x73, 0x74, 0x60, 0x20, 0x62, 0x6f, 0x72, 0x72, 0x6f, 0x77, 0x73, 
        0x2c, 0x20, 0x73, 0x6f, 0x20, 0x6e, 0x6f, 0x74, 0x68, 0x69, 0x6e, 0x67, 
        0x20, 0x68, 0x65, 0x72, 0x65, 0x20, 0x63, 0x6f, 0x6e, 0x73, 0x75, 0x6d, 
        0x65, 0x73, 0x20, 0x6f, 0x72, 0x20, 0x63, 0x68, 0x61, 0x6e, 0x67, 0x65, 
        0x73, 0x20, 0x74, 0x68, 0x65, 0x6d, 0x2e, 0x20, 0x45, 0x6c, 0x65, 0x6d, 
        0x65, 0x6e, 0x74, 0x73, 0x20, 0x61, 0x72, 0x65, 0x20, 0x2a, 0x2a, 0x63, 
        0x6f, 0x70, 0x69, 0x65, 0x64, 0x2a, 0x2a, 0x20, 0x69, 0x6e, 0x74, 0x6f, 
        0x0a, 0x20, 0x2a, 0x20, 0x74, 0x68, 0x65, 0x20, 0x72, 0x65, 0x73, 0x75, 
        0x6c, 0x74, 0x20, 0x62, 0x79, 0x20, 0x74, 0x68, 0x65, 0x20, 0x6f, 0x72, 
        0x64, 0x69, 0x6e, 0x61, 0x72, 0x79, 0x20, 0x72, 0x75, 0x6c, 0x65, 0x73, 
        0x20, 0x2d, 0x20, 0x77, 0x68, 0x69, 0x63, 0x68, 0x20, 0x6d, 0x65, 0x61, 
        0x6e, 0x73, 0x20, 0x61, 0x20, 0x60, 0x54, 0x60, 0x20, 0x77, 0x68, 0x6f, 
        0x73, 0x65, 0x20, 0x63, 0x6f, 0x70, 0x79, 0x20, 0x6e, 0x65, 0x65, 0x64, 
        0x73, 0x20, 0x61, 0x20, 0x63, 0x6f, 0x6e, 0x73, 0x74, 0x72, 0x75, 0x63, 
        0x74, 0x6f, 0x72, 0x20, 0x6e, 0x65, 0x65, 0x64, 0x73, 0x20, 0x6f, 0x6e, 
        0x65, 0x20, 0x68, 0x65, 0x72, 0x65, 0x20, 0x74, 0x6f, 0x6f, 0x2c, 0x0a, 
        0x20, 0x2a, 0x20, 0x61, 0x6e, 0x64, 0x20, 0x74, 0x68, 0x61, 0x74, 0x20, 
        0x72, 0x65, 0x66, 0x75, 0x73, 0x61, 0x6c, 0x20, 0x63, 0x6f, 0x6d, 0x65, 
        0x73, 0x20, 0x66, 0x72, 0x6f, 0x6d, 0x20, 0x60, 0x61, 0x72, 0x72, 0x61, 
        0x79, 0x3c, 0x54, 0x3e, 0x3a, 0x3a, 0x70, 0x75, 0x73, 0x68, 0x60, 0x20, 
        0x65, 0x78, 0x61, 0x63, 0x74, 0x6c, 0x79, 0x20, 0x61, 0x73, 0x20, 0x69, 
        0x74, 0x20, 0x77, 0x6f, 0x75, 0x6c, 0x64, 0x20, 0x61, 0x74, 0x20, 0x61, 
        0x6e, 0x79, 0x20, 0x6f, 0x74, 0x68, 0x65, 0x72, 0x20, 0x63, 0x61, 0x6c, 
        0x6c, 0x20, 0x73, 0x69, 0x74, 0x65, 0x2e, 0x20, 0x54, 0x68, 0x65, 0x72, 
        0x65, 0x20, 0x69, 0x73, 0x20, 0x6e, 0x6f, 0x0a, 0x20, 0x2a, 0x20, 0x72, 
        0x75, 0x6c, 0x65, 0x20, 0x61, 0x62, 0x6f, 0x75, 0x74, 0x20, 0x63, 0x6f, 
        0x70, 0x79, 0x69, 0x6e, 0x67, 0x20, 0x77, 0x72, 0x69, 0x74, 0x74, 0x65, 
        0x6e, 0x20, 0x69, 0x6e, 0x74, 0x6f, 0x20, 0x74, 0x68, 0x69, 0x73, 0x20, 
        0x66, 0x75, 0x6e, 0x63, 0x74, 0x69, 0x6f, 0x6e, 0x2e, 0x0a, 0x20, 0x2a, 
        0x0a, 0x20, 0x2a, 0x20, 0x54, 0x68, 0x65, 0x20, 0x72, 0x65, 0x73, 0x75, 
        0x6c, 0x74, 0x20, 0x69, 0x73, 0x20, 0x72, 0x65, 0x73, 0x65, 0x72, 0x76, 
        0x65, 0x64, 0x20, 0x6f, 0x6e, 0x63, 0x65, 0x2c, 0x20, 0x75, 0x70, 0x20, 
        0x66, 0x72, 0x6f, 0x6e, 0x74, 0x2c, 0x20, 0x73, 0x6f, 0x20, 0x61, 0x20, 
        0x6d, 0x65, 0x72, 0x67, 0x65, 0x20, 0x69, 0x73, 0x20, 0x6f, 0x6e, 0x65, 
        0x20, 0x61, 0x6c, 0x6c, 0x6f, 0x63, 0x61, 0x74, 0x69, 0x6f, 0x6e, 0x20, 
        0x72, 0x61, 0x74, 0x68, 0x65, 0x72, 0x20, 0x74, 0x68, 0x61, 0x6e, 0x20, 
        0x61, 0x20, 0x72, 0x75, 0x6e, 0x20, 0x6f, 0x66, 0x20, 0x64, 0x6f, 0x75, 
        0x62, 0x6c, 0x69, 0x6e, 0x67, 0x73, 0x2e, 0x0a, 0x20, 0x2a, 0x0a, 0x20, 
        0x2a, 0x20, 0x2a, 0x2a, 0x49, 0x6e, 0x64, 0x65, 0x78, 0x65, 0x64, 0x20, 
        0x72, 0x61, 0x74, 0x68, 0x65, 0x72, 0x20, 0x74, 0x68, 0x61, 0x6e, 0x20, 
        0x60, 0x66, 0x6f, 0x72, 0x65, 0x61, 0x63, 0x68, 0x60, 0x65, 0x64, 0x2a, 
        0x2a, 0x2c, 0x20, 0x61, 0x6e, 0x64, 0x20, 0x6e, 0x6f, 0x74, 0x20, 0x66, 
        0x6f, 0x72, 0x20, 0x73, 0x74, 0x79, 0x6c, 0x65, 0x3a, 0x20, 0x60, 0x69, 
        0x74, 0x65, 0x72, 0x61, 0x74, 0x65, 0x28, 0x29, 0x60, 0x20, 0x68, 0x61, 
        0x6e, 0x64, 0x73, 0x20, 0x6f, 0x75, 0x74, 0x20, 0x61, 0x20, 0x63, 0x75, 
        0x72, 0x73, 0x6f, 0x72, 0x20, 0x6f, 0x76, 0x65, 0x72, 0x20, 0x60, 0x54, 
        0x26, 0x60, 0x2c, 0x20, 0x73, 0x6f, 0x20, 0x69, 0x74, 0x0a, 0x20, 0x2a, 
        0x20, 0x69, 0x73, 0x20, 0x6e, 0x6f, 0x74, 0x20, 0x60, 0x63, 0x6f, 0x6e, 
        0x73, 0x74, 0x60, 0x20, 0x61, 0x6e, 0x64, 0x20, 0x61, 0x20, 0x60, 0x63, 
        0x6f, 0x6e, 0x73, 0x74, 0x20, 0x61, 0x72, 0x72, 0x61, 0x79, 0x3c, 0x54, 
        0x3e, 0x26, 0x60, 0x20, 0x63, 0x61, 0x6e, 0x6e, 0x6f, 0x74, 0x20, 0x62, 
        0x65, 0x20, 0x69, 0x74, 0x65, 0x72, 0x61, 0x74, 0x65, 0x64, 0x20, 0x61, 
        0x74, 0x20, 0x61, 0x6c, 0x6c, 0x2e, 0x20, 0x52, 0x65, 0x61, 0x64, 0x69, 
        0x6e, 0x67, 0x20, 0x74, 0x68, 0x72, 0x6f, 0x75, 0x67, 0x68, 0x20, 0x74, 
        0x68, 0x65, 0x20, 0x60, 0x63, 0x6f, 0x6e, 0x73, 0x74, 0x20, 0x67, 0x65, 
        0x74, 0x28, 0x29, 0x60, 0x20, 0x69, 0x73, 0x0a, 0x20, 0x2a, 0x20, 0x74, 
        0x68, 0x65, 0x20, 0x6f, 0x6e, 0x6c, 0x79, 0x20, 0x73, 0x70, 0x65, 0x6c, 
        0x6c, 0x69, 0x6e, 0x67, 0x20, 0x61, 0x76, 0x61, 0x69, 0x6c, 0x61, 0x62, 
        0x6c, 0x65, 0x20, 0x68, 0x65, 0x72, 0x65, 0x2c, 0x20, 0x61, 0x6e, 0x64, 
        0x20, 0x69, 0x74, 0x20, 0x69, 0x73, 0x20, 0x74, 0x68, 0x65, 0x20, 0x63, 
        0x6f, 0x72, 0x72, 0x65, 0x63, 0x74, 0x20, 0x6f, 0x6e, 0x65, 0x20, 0x2d, 
        0x20, 0x63, 0x6f, 0x70, 0x79, 0x69, 0x6e, 0x67, 0x20, 0x61, 0x6e, 0x20, 
        0x65, 0x6c, 0x65, 0x6d, 0x65, 0x6e, 0x74, 0x20, 0x69, 0x73, 0x20, 0x65, 
        0x78, 0x61, 0x63, 0x74, 0x6c, 0x79, 0x20, 0x77, 0x68, 0x61, 0x74, 0x20, 
        0x74, 0x68, 0x69, 0x73, 0x0a, 0x20, 0x2a, 0x20, 0x64, 0x6f, 0x65, 0x73, 
        0x2e, 0x20, 0x41, 0x20, 0x63, 0x6f, 0x6e, 0x73, 0x74, 0x20, 0x63, 0x75, 
        0x72, 0x73, 0x6f, 0x72, 0x20, 0x79, 0x69, 0x65, 0x6c, 0x64, 0x69, 0x6e, 
        0x67, 0x20, 0x60, 0x63, 0x6f, 0x6e, 0x73, 0x74, 0x20, 0x54, 0x26, 0x60, 
        0x20, 0x77, 0x6f, 0x75, 0x6c, 0x64, 0x20, 0x6c, 0x65, 0x74, 0x20, 0x74, 
        0x68, 0x65, 0x20, 0x6c, 0x6f, 0x6f, 0x70, 0x20, 0x72, 0x65, 0x61, 0x64, 
        0x20, 0x61, 0x73, 0x20, 0x61, 0x20, 0x6c, 0x6f, 0x6f, 0x70, 0x2c, 0x20, 
        0x61, 0x6e, 0x64, 0x20, 0x74, 0x68, 0x65, 0x72, 0x65, 0x20, 0x69, 0x73, 
        0x20, 0x6e, 0x6f, 0x74, 0x20, 0x6f, 0x6e, 0x65, 0x20, 0x79, 0x65, 0x74, 
        0x2e, 0x0a, 0x20, 0x2a, 0x2f, 0x0a, 0x66, 0x75, 0x6e, 0x63, 0x74, 0x69, 
        0x6f, 0x6e, 0x20, 0x6d, 0x65, 0x72, 0x67, 0x65, 0x3c, 0x54, 0x3e, 0x28, 
        0x63, 0x6f, 0x6e, 0x73, 0x74, 0x20, 0x61, 0x72, 0x72, 0x61, 0x79, 0x3c, 
        0x54, 0x3e, 0x26, 0x20, 0x24, 0x61, 0x2c, 0x20, 0x63, 0x6f, 0x6e, 0x73, 
        0x74, 0x20, 0x61, 0x72, 0x72, 0x61, 0x79, 0x3c, 0x54, 0x3e, 0x26, 0x20, 
        0x24, 0x62, 0x29, 0x20, 0x3a, 0x20, 0x61, 0x72, 0x72, 0x61, 0x79, 0x3c, 
        0x54, 0x3e, 0x0a, 0x7b, 0x0a, 0x20, 0x20, 0x20, 0x20, 0x61, 0x72, 0x72, 
        0x61, 0x79, 0x3c, 0x54, 0x3e, 0x20, 0x24, 0x6f, 0x75, 0x74, 0x20, 0x3d, 
        0x20, 0x61, 0x72, 0x72, 0x61, 0x79, 0x3c, 0x54, 0x3e, 0x28, 0x29, 0x3b, 
        0x0a, 0x20, 0x20, 0x20, 0x20, 0x24, 0x6f, 0x75, 0x74, 0x2d, 0x3e, 0x72, 
        0x65, 0x73, 0x65, 0x72, 0x76, 0x65, 0x28, 0x24, 0x61, 0x2d, 0x3e, 0x63, 
        0x6f, 0x75, 0x6e, 0x74, 0x28, 0x29, 0x20, 0x2b, 0x20, 0x24, 0x62, 0x2d, 
        0x3e, 0x63, 0x6f, 0x75, 0x6e, 0x74, 0x28, 0x29, 0x29, 0x3b, 0x0a, 0x0a, 
        0x20, 0x20, 0x20, 0x20, 0x75, 0x73, 0x69, 0x7a, 0x65, 0x20, 0x24, 0x69, 
        0x20, 0x3d, 0x20, 0x30, 0x3b, 0x0a, 0x0a, 0x20, 0x20, 0x20, 0x20, 0x77, 
        0x68, 0x69, 0x6c, 0x65, 0x20, 0x28, 0x24, 0x69, 0x20, 0x3c, 0x20, 0x24, 
        0x61, 0x2d, 0x3e, 0x63, 0x6f, 0x75, 0x6e, 0x74, 0x28, 0x29, 0x29, 0x20, 
        0x7b, 0x0a, 0x20, 0x20, 0x20, 0x20, 0x20, 0x20, 0x20, 0x20, 0x24, 0x6f, 
        0x75, 0x74, 0x2d, 0x3e, 0x70, 0x75, 0x73, 0x68, 0x28, 0x24, 0x61, 0x2d, 
        0x3e, 0x67, 0x65, 0x74, 0x28, 0x24, 0x69, 0x29, 0x29, 0x3b, 0x0a, 0x20, 
        0x20, 0x20, 0x20, 0x20, 0x20, 0x20, 0x20, 0x24, 0x69, 0x20, 0x3d, 0x20, 
        0x24, 0x69, 0x20, 0x2b, 0x20, 0x31, 0x3b, 0x0a, 0x20, 0x20, 0x20, 0x20, 
        0x7d, 0x0a, 0x0a, 0x20, 0x20, 0x20, 0x20, 0x24, 0x69, 0x20, 0x3d, 0x20, 
        0x30, 0x3b, 0x0a, 0x0a, 0x20, 0x20, 0x20, 0x20, 0x77, 0x68, 0x69, 0x6c, 
        0x65, 0x20, 0x28, 0x24, 0x69, 0x20, 0x3c, 0x20, 0x24, 0x62, 0x2d, 0x3e, 
        0x63, 0x6f, 0x75, 0x6e, 0x74, 0x28, 0x29, 0x29, 0x20, 0x7b, 0x0a, 0x20, 
        0x20, 0x20, 0x20, 0x20, 0x20, 0x20, 0x20, 0x24, 0x6f, 0x75, 0x74, 0x2d, 
        0x3e, 0x70, 0x75, 0x73, 0x68, 0x28, 0x24, 0x62, 0x2d, 0x3e, 0x67, 0x65, 
        0x74, 0x28, 0x24, 0x69, 0x29, 0x29, 0x3b, 0x0a, 0x20, 0x20, 0x20, 0x20, 
        0x20, 0x20, 0x20, 0x20, 0x24, 0x69, 0x20, 0x3d, 0x20, 0x24, 0x69, 0x20, 
        0x2b, 0x20, 0x31, 0x3b, 0x0a, 0x20, 0x20, 0x20, 0x20, 0x7d, 0x0a, 0x0a, 
        0x20, 0x20, 0x20, 0x20, 0x72, 0x65, 0x74, 0x75, 0x72, 0x6e, 0x20, 0x24, 
        0x6f, 0x75, 0x74, 0x3b, 0x0a, 0x7d, 0x0a, 
    };
    file_1.set_content(reinterpret_cast<const char*>(file_1_data), sizeof(file_1_data));
    auto &file_2 = module.add_file("stdlib:/core/array.eco");
    static const unsigned char file_2_data[] = {
        0x2f, 0x2a, 0x2a, 0x0a, 0x20, 0x2a, 0x20, 0x41, 0x20, 0x67, 0x72, 0x6f, 
        0x77, 0x61, 0x62, 0x6c, 0x65, 0x2c, 0x20, 0x63, 0x6f, 0x6e, 0x74, 0x69, 
        0x67, 0x75, 0x6f, 0x75, 0x73, 0x2c, 0x20, 0x2a, 0x2a, 0x6f, 0x77, 0x6e, 
        0x69, 0x6e, 0x67, 0x2a, 0x2a, 0x20, 0x73, 0x65, 0x71, 0x75, 0x65, 0x6e, 
        0x63, 0x65, 0x20, 0x6f, 0x66, 0x20, 0x6f, 0x6e, 0x65, 0x20, 0x65, 0x6c, 
        0x65, 0x6d, 0x65, 0x6e, 0x74, 0x20, 0x74, 0x79, 0x70, 0x65, 0x2e, 0x0a, 
        0x20, 0x2a, 0x0a, 0x20, 0x2a, 0x20, 0x60, 0x6d, 0x65, 0x6d, 0x3a, 0x3a, 
        0x61, 0x6c, 0x6c, 0x6f, 0x63, 0x3c, 0x54, 0x3e, 0x28, 0x6e, 0x29, 0x60, 
        0x20, 0x67, 0x69, 0x76, 0x65, 0x73, 0x20, 0x79, 0x6f, 0x75, 0x20, 0x6d, 
        0x65, 0x6d, 0x6f, 0x72, 0x79, 0x3b, 0x20, 0x74, 0x68, 0x69, 0x73, 0x20, 
        0x67, 0x69, 0x76, 0x65, 0x73, 0x20, 0x79, 0x6f, 0x75, 0x20, 0x61, 0x6e, 
        0x20, 0x6f, 0x77, 0x6e, 0x65, 0x72, 0x2e, 0x20, 0x49, 0x74, 0x20, 0x6b, 
        0x6e, 0x6f, 0x77, 0x73, 0x20, 0x68, 0x6f, 0x77, 0x20, 0x6d, 0x61, 0x6e, 
        0x79, 0x20, 0x65, 0x6c, 0x65, 0x6d, 0x65, 0x6e, 0x74, 0x73, 0x20, 0x69, 
        0x74, 0x0a, 0x20, 0x2a, 0x20, 0x68, 0x6f, 0x6c, 0x64, 0x73, 0x2c, 0x20, 
        0x69, 0x74, 0x20, 0x6b, 0x6e, 0x6f, 0x77, 0x73, 0x20, 0x68, 0x6f, 0x77, 
        0x20, 0x6d, 0x75, 0x63, 0x68, 0x20, 0x72, 0x6f, 0x6f, 0x6d, 0x20, 0x69, 
        0x74, 0x20, 0x68, 0x61, 0x73, 0x2c, 0x20, 0x69, 0x74, 0x20, 0x67, 0x72, 
        0x6f, 0x77, 0x73, 0x20, 0x77, 0x68, 0x65, 0x6e, 0x20, 0x79, 0x6f, 0x75, 
        0x20, 0x6e, 0x65, 0x65, 0x64, 0x20, 0x6d, 0x6f, 0x72, 0x65, 0x2c, 0x20, 
        0x61, 0x6e, 0x64, 0x20, 0x77, 0x68, 0x65, 0x6e, 0x20, 0x69, 0x74, 0x73, 
        0x20, 0x6f, 0x77, 0x6e, 0x65, 0x72, 0x20, 0x67, 0x6f, 0x65, 0x73, 0x20, 
        0x6f, 0x75, 0x74, 0x20, 0x6f, 0x66, 0x0a, 0x20, 0x2a, 0x20, 0x73, 0x63, 
        0x6f, 0x70, 0x65, 0x20, 0x74, 0x68, 0x65, 0x20, 0x62, 0x75, 0x66, 0x66, 
        0x65, 0x72, 0x20, 0x67, 0x6f, 0x65, 0x73, 0x20, 0x77, 0x69, 0x74, 0x68, 
        0x20, 0x69, 0x74, 0x2e, 0x20, 0x54, 0x68, 0x61, 0x74, 0x20, 0x6f, 0x6e, 
        0x65, 0x20, 0x64, 0x69, 0x66, 0x66, 0x65, 0x72, 0x65, 0x6e, 0x63, 0x65, 
        0x20, 0x69, 0x73, 0x20, 0x77, 0x68, 0x61, 0x74, 0x20, 0x74, 0x68, 0x65, 
        0x20, 0x77, 0x68, 0x6f, 0x6c, 0x65, 0x20, 0x74, 0x79, 0x70, 0x65, 0x20, 
        0x69, 0x73, 0x2e, 0x0a, 0x20, 0x2a, 0x0a, 0x20, 0x2a, 0x20, 0x44, 0x65, 
        0x6c, 0x69, 0x62, 0x65, 0x72, 0x61, 0x74, 0x65, 0x6c, 0x79, 0x20, 0x2a, 
        0x2a, 0x6e, 0x6f, 0x74, 0x2a, 0x2a, 0x20, 0x73, 0x68, 0x61, 0x70, 0x65, 
        0x64, 0x20, 0x6c, 0x69, 0x6b, 0x65, 0x20, 0x60, 0x73, 0x74, 0x72, 0x69, 
        0x6e, 0x67, 0x60, 0x2e, 0x20, 0x41, 0x20, 0x73, 0x74, 0x72, 0x69, 0x6e, 
        0x67, 0x20, 0x69, 0x73, 0x20, 0x61, 0x20, 0x77, 0x69, 0x6e, 0x64, 0x6f, 
        0x77, 0x20, 0x70, 0x6c, 0x75, 0x73, 0x20, 0x61, 0x20, 0x72, 0x65, 0x66, 
        0x65, 0x72, 0x65, 0x6e, 0x63, 0x65, 0x2d, 0x63, 0x6f, 0x75, 0x6e, 0x74, 
        0x65, 0x64, 0x20, 0x62, 0x75, 0x66, 0x66, 0x65, 0x72, 0x2c, 0x0a, 0x20, 
        0x2a, 0x20, 0x73, 0x6f, 0x20, 0x63, 0x6f, 0x70, 0x79, 0x69, 0x6e, 0x67, 
        0x20, 0x6f, 0x6e, 0x65, 0x20, 0x69, 0x73, 0x20, 0x61, 0x20, 0x72, 0x65, 
        0x74, 0x61, 0x69, 0x6e, 0x20, 0x61, 0x6e, 0x64, 0x20, 0x61, 0x20, 0x73, 
        0x75, 0x62, 0x73, 0x74, 0x72, 0x69, 0x6e, 0x67, 0x20, 0x73, 0x68, 0x61, 
        0x72, 0x65, 0x73, 0x20, 0x69, 0x74, 0x73, 0x20, 0x70, 0x61, 0x72, 0x65, 
        0x6e, 0x74, 0x27, 0x73, 0x20, 0x62, 0x79, 0x74, 0x65, 0x73, 0x2e, 0x20, 
        0x41, 0x6e, 0x20, 0x61, 0x72, 0x72, 0x61, 0x79, 0x20, 0x69, 0x73, 0x20, 
        0x61, 0x20, 0x76, 0x61, 0x6c, 0x75, 0x65, 0x20, 0x79, 0x6f, 0x75, 0x0a, 
        0x20, 0x2a, 0x20, 0x6f, 0x77, 0x6e, 0x3a, 0x20, 0x60, 0x24, 0x62, 0x20, 
        0x3d, 0x20, 0x24, 0x61, 0x60, 0x20, 0x64, 0x75, 0x70, 0x6c, 0x69, 0x63, 
        0x61, 0x74, 0x65, 0x73, 0x20, 0x74, 0x68, 0x65, 0x20, 0x65, 0x6c, 0x65, 
        0x6d, 0x65, 0x6e, 0x74, 0x73, 0x2c, 0x20, 0x62, 0x65, 0x63, 0x61, 0x75, 
        0x73, 0x65, 0x20, 0x74, 0x68, 0x61, 0x74, 0x20, 0x69, 0x73, 0x20, 0x74, 
        0x68, 0x65, 0x20, 0x68, 0x6f, 0x6e, 0x65, 0x73, 0x74, 0x20, 0x64, 0x65, 
        0x66, 0x61, 0x75, 0x6c, 0x74, 0x20, 0x66, 0x6f, 0x72, 0x20, 0x61, 0x20, 
        0x76, 0x61, 0x6c, 0x75, 0x65, 0x20, 0x74, 0x79, 0x70, 0x65, 0x20, 0x61, 
        0x6e, 0x64, 0x0a, 0x20, 0x2a, 0x20, 0x61, 0x6e, 0x79, 0x74, 0x68, 0x69, 
        0x6e, 0x67, 0x20, 0x63, 0x68, 0x65, 0x61, 0x70, 0x65, 0x72, 0x20, 0x77, 
        0x6f, 0x75, 0x6c, 0x64, 0x20, 0x61, 0x6c, 0x69, 0x61, 0x73, 0x20, 0x73, 
        0x69, 0x6c, 0x65, 0x6e, 0x74, 0x6c, 0x79, 0x2e, 0x20, 0x42, 0x6f, 0x72, 
        0x72, 0x6f, 0x77, 0x20, 0x69, 0x74, 0x20, 0x77, 0x69, 0x74, 0x68, 0x20, 
        0x60, 0x26, 0x24, 0x61, 0x60, 0x20, 0x77, 0x68, 0x65, 0x6e, 0x20, 0x74, 
        0x68, 0x65, 0x20, 0x63, 0x61, 0x6c, 0x6c, 0x65, 0x65, 0x20, 0x6f, 0x6e, 
        0x6c, 0x79, 0x20, 0x72, 0x65, 0x61, 0x64, 0x73, 0x2c, 0x20, 0x60, 0x6d, 
        0x76, 0x60, 0x20, 0x69, 0x74, 0x0a, 0x20, 0x2a, 0x20, 0x77, 0x68, 0x65, 
        0x6e, 0x20, 0x79, 0x6f, 0x75, 0x20, 0x61, 0x72, 0x65, 0x20, 0x68, 0x61, 
        0x6e, 0x64, 0x69, 0x6e, 0x67, 0x20, 0x69, 0x74, 0x20, 0x6f, 0x76, 0x65, 
        0x72, 0x2c, 0x20, 0x61, 0x6e, 0x64, 0x20, 0x72, 0x65, 0x61, 0x63, 0x68, 
        0x20, 0x66, 0x6f, 0x72, 0x20, 0x60, 0x2d, 0x3e, 0x63, 0x6c, 0x6f, 0x6e, 
        0x65, 0x28, 0x29, 0x60, 0x20, 0x77, 0x68, 0x65, 0x6e, 0x20, 0x79, 0x6f, 
        0x75, 0x20, 0x77, 0x61, 0x6e, 0x74, 0x20, 0x74, 0x68, 0x65, 0x20, 0x63, 
        0x6f, 0x70, 0x79, 0x20, 0x74, 0x6f, 0x20, 0x62, 0x65, 0x20, 0x76, 0x69, 
        0x73, 0x69, 0x62, 0x6c, 0x65, 0x20, 0x61, 0x74, 0x0a, 0x20, 0x2a, 0x20, 
        0x74, 0x68, 0x65, 0x20, 0x63, 0x61, 0x6c, 0x6c, 0x20, 0x73, 0x69, 0x74, 
        0x65, 0x20, 0x72, 0x61, 0x74, 0x68, 0x65, 0x72, 0x20, 0x74, 0x68, 0x61, 
        0x6e, 0x20, 0x69, 0x6d, 0x70, 0x6c, 0x69, 0x65, 0x64, 0x20, 0x62, 0x79, 
        0x20, 0x61, 0x6e, 0x20, 0x60, 0x3d, 0x60, 0x2e, 0x0a, 0x20, 0x2a, 0x0a, 
        0x20, 0x2a, 0x20, 0x2a, 0x2a, 0x54, 0x68, 0x65, 0x20, 0x6b, 0x6e, 0x6f, 
        0x77, 0x6e, 0x20, 0x68, 0x6f, 0x6c, 0x65, 0x3a, 0x20, 0x61, 0x6e, 0x20, 
        0x65, 0x6c, 0x65, 0x6d, 0x65, 0x6e, 0x74, 0x20, 0x74, 0x79, 0x70, 0x65, 
        0x20, 0x74, 0x68, 0x61, 0x74, 0x20, 0x6f, 0x77, 0x6e, 0x73, 0x20, 0x73, 
        0x6f, 0x6d, 0x65, 0x74, 0x68, 0x69, 0x6e, 0x67, 0x2e, 0x2a, 0x2a, 0x20, 
        0x54, 0x68, 0x65, 0x20, 0x63, 0x6f, 0x70, 0x79, 0x20, 0x63, 0x6f, 0x6e, 
        0x73, 0x74, 0x72, 0x75, 0x63, 0x74, 0x6f, 0x72, 0x20, 0x62, 0x65, 0x6c, 
        0x6f, 0x77, 0x20, 0x69, 0x73, 0x20, 0x61, 0x0a, 0x20, 0x2a, 0x20, 0x60, 
        0x6d, 0x65, 0x6d, 0x3a, 0x3a, 0x63, 0x6f, 0x70, 0x79, 0x60, 0x2c, 0x20, 
        0x61, 0x6e, 0x20, 0x65, 0x6c, 0x65, 0x6d, 0x65, 0x6e, 0x74, 0x2d, 0x77, 
        0x69, 0x73, 0x65, 0x20, 0x2a, 0x62, 0x69, 0x74, 0x77, 0x69, 0x73, 0x65, 
        0x2a, 0x20, 0x63, 0x6f, 0x70, 0x79, 0x2c, 0x20, 0x77, 0x68, 0x69, 0x63, 
        0x68, 0x20, 0x69, 0x73, 0x20, 0x63, 0x6f, 0x72, 0x72, 0x65, 0x63, 0x74, 
        0x20, 0x65, 0x78, 0x61, 0x63, 0x74, 0x6c, 0x79, 0x20, 0x77, 0x68, 0x65, 
        0x6e, 0x20, 0x60, 0x54, 0x60, 0x20, 0x6f, 0x77, 0x6e, 0x73, 0x20, 0x6e, 
        0x6f, 0x74, 0x68, 0x69, 0x6e, 0x67, 0x2e, 0x20, 0x41, 0x6e, 0x0a, 0x20, 
        0x2a, 0x20, 0x60, 0x61, 0x72, 0x72, 0x61, 0x79, 0x3c, 0x61, 0x72, 0x72, 
        0x61, 0x79, 0x3c, 0x69, 0x6e, 0x74, 0x33, 0x32, 0x3e, 0x3e, 0x60, 0x20, 
        0x77, 0x6f, 0x75, 0x6c, 0x64, 0x20, 0x6e, 0x65, 0x65, 0x64, 0x20, 0x61, 
        0x20, 0x72, 0x65, 0x63, 0x75, 0x72, 0x73, 0x69, 0x76, 0x65, 0x20, 0x70, 
        0x65, 0x72, 0x2d, 0x65, 0x6c, 0x65, 0x6d, 0x65, 0x6e, 0x74, 0x20, 0x63, 
        0x6f, 0x70, 0x79, 0x2c, 0x20, 0x6b, 0x65, 0x79, 0x65, 0x64, 0x20, 0x6f, 
        0x6e, 0x20, 0x77, 0x68, 0x65, 0x74, 0x68, 0x65, 0x72, 0x20, 0x74, 0x68, 
        0x65, 0x20, 0x65, 0x6c, 0x65, 0x6d, 0x65, 0x6e, 0x74, 0x20, 0x74, 0x79, 
        0x70, 0x65, 0x0a, 0x20, 0x2a, 0x20, 0x6f, 0x77, 0x6e, 0x73, 0x20, 0x61, 
        0x6e, 0x79, 0x74, 0x68, 0x69, 0x6e, 0x67, 0x2e, 0x20, 0x41, 0x20, 0x63, 
        0x6f, 0x6e, 0x73, 0x74, 0x72, 0x61, 0x69, 0x6e, 0x74, 0x20, 0x63, 0x61, 
        0x6e, 0x20, 0x6e, 0x61, 0x6d, 0x65, 0x20, 0x61, 0x20, 0x63, 0x61, 0x70, 
        0x61, 0x62, 0x69, 0x6c, 0x69, 0x74, 0x79, 0x20, 0x72, 0x61, 0x74, 0x68, 
        0x65, 0x72, 0x20, 0x74, 0x68, 0x61, 0x6e, 0x20, 0x61, 0x20, 0x73, 0x65, 
        0x74, 0x20, 0x6f, 0x66, 0x20, 0x63, 0x6f, 0x6e, 0x63, 0x72, 0x65, 0x74, 
        0x65, 0x20, 0x74, 0x79, 0x70, 0x65, 0x73, 0x20, 0x73, 0x69, 0x6e, 0x63, 
        0x65, 0x0a, 0x20, 0x2a, 0x20, 0x69, 0x6e, 0x74, 0x65, 0x72, 0x66, 0x61, 
        0x63, 0x65, 0x73, 0x20, 0x6c, 0x61, 0x6e, 0x64, 0x65, 0x64, 0x2c, 0x20, 
        0x73, 0x6f, 0x20, 0x74, 0x68, 0x61, 0x74, 0x20, 0x71, 0x75, 0x65, 0x73, 
        0x74, 0x69, 0x6f, 0x6e, 0x20, 0x69, 0x73, 0x20, 0x6e, 0x6f, 0x77, 0x20, 
        0x65, 0x78, 0x70, 0x72, 0x65, 0x73, 0x73, 0x69, 0x62, 0x6c, 0x65, 0x20, 
        0x2d, 0x20, 0x62, 0x75, 0x74, 0x20, 0x6e, 0x6f, 0x74, 0x68, 0x69, 0x6e, 
        0x67, 0x20, 0x64, 0x65, 0x63, 0x6c, 0x61, 0x72, 0x65, 0x73, 0x20, 0x73, 
        0x75, 0x63, 0x68, 0x20, 0x61, 0x6e, 0x20, 0x69, 0x6e, 0x74, 0x65, 0x72, 
        0x66, 0x61, 0x63, 0x65, 0x20, 0x61, 0x6e, 0x64, 0x0a, 0x20, 0x2a, 0x20, 
        0x74, 0x68, 0x69, 0x73, 0x20, 0x63, 0x6f, 0x70, 0x79, 0x20, 0x64, 0x6f, 
        0x65, 0x73, 0x20, 0x6e, 0x6f, 0x74, 0x20, 0x61, 0x73, 0x6b, 0x20, 0x66, 
        0x6f, 0x72, 0x20, 0x69, 0x74, 0x2e, 0x20, 0x53, 0x6f, 0x20, 0x61, 0x20, 
        0x6e, 0x65, 0x73, 0x74, 0x65, 0x64, 0x20, 0x6f, 0x77, 0x6e, 0x65, 0x72, 
        0x20, 0x63, 0x6f, 0x6d, 0x70, 0x69, 0x6c, 0x65, 0x73, 0x20, 0x61, 0x6e, 
        0x64, 0x20, 0x69, 0x73, 0x20, 0x77, 0x72, 0x6f, 0x6e, 0x67, 0x2c, 0x20, 
        0x72, 0x61, 0x74, 0x68, 0x65, 0x72, 0x20, 0x74, 0x68, 0x61, 0x6e, 0x20, 
        0x62, 0x65, 0x69, 0x6e, 0x67, 0x20, 0x72, 0x65, 0x66, 0x75, 0x73, 0x65, 
        0x64, 0x2e, 0x0a, 0x20, 0x2a, 0x0a, 0x20, 0x2a, 0x20, 0x43, 0x6f, 0x75, 
        0x6e, 0x74, 0x73, 0x2c, 0x20, 0x63, 0x61, 0x70, 0x61, 0x63, 0x69, 0x74, 
        0x69, 0x65, 0x73, 0x20, 0x61, 0x6e, 0x64, 0x20, 0x69, 0x6e, 0x64, 0x69, 
        0x63, 0x65, 0x73, 0x20, 0x61, 0x72, 0x65, 0x20, 0x60, 0x75, 0x73, 0x69, 
        0x7a, 0x65, 0x60, 0x20, 0x74, 0x68, 0x72, 0x6f, 0x75, 0x67, 0x68, 0x6f, 
        0x75, 0x74, 0x2c, 0x20, 0x6d, 0x61, 0x74, 0x63, 0x68, 0x69, 0x6e, 0x67, 
        0x20, 0x60, 0x6d, 0x65, 0x6d, 0x3a, 0x3a, 0x60, 0x2e, 0x20, 0x54, 0x68, 
        0x65, 0x72, 0x65, 0x20, 0x69, 0x73, 0x20, 0x6e, 0x6f, 0x20, 0x61, 0x6c, 
        0x6c, 0x6f, 0x63, 0x61, 0x74, 0x6f, 0x72, 0x0a, 0x20, 0x2a, 0x20, 0x70, 
        0x61, 0x72, 0x61, 0x6d, 0x65, 0x74, 0x65, 0x72, 0x20, 0x61, 0x6e, 0x64, 
        0x20, 0x64, 0x65, 0x6c, 0x69, 0x62, 0x65, 0x72, 0x61, 0x74, 0x65, 0x6c, 
        0x79, 0x20, 0x6e, 0x6f, 0x6e, 0x65, 0x20, 0x79, 0x65, 0x74, 0x3a, 0x20, 
        0x6d, 0x65, 0x6d, 0x3a, 0x3a, 0x61, 0x6c, 0x6c, 0x6f, 0x63, 0x20, 0x69, 
        0x73, 0x20, 0x61, 0x6c, 0x6c, 0x6f, 0x63, 0x61, 0x74, 0x6f, 0x72, 0x2d, 
        0x66, 0x72, 0x65, 0x65, 0x20, 0x61, 0x6e, 0x64, 0x20, 0x45, 0x63, 0x68, 
        0x6f, 0x20, 0x68, 0x61, 0x73, 0x20, 0x6e, 0x6f, 0x20, 0x66, 0x75, 0x6e, 
        0x63, 0x74, 0x69, 0x6f, 0x6e, 0x0a, 0x20, 0x2a, 0x20, 0x70, 0x6f, 0x69, 
        0x6e, 0x74, 0x65, 0x72, 0x73, 0x2c, 0x20, 0x73, 0x6f, 0x20, 0x61, 0x20, 
        0x70, 0x65, 0x72, 0x2d, 0x63, 0x6f, 0x6e, 0x74, 0x61, 0x69, 0x6e, 0x65, 
        0x72, 0x20, 0x61, 0x6c, 0x6c, 0x6f, 0x63, 0x61, 0x74, 0x6f, 0x72, 0x20, 
        0x77, 0x6f, 0x75, 0x6c, 0x64, 0x20, 0x62, 0x65, 0x20, 0x61, 0x6e, 0x20, 
        0x69, 0x6e, 0x76, 0x65, 0x6e, 0x74, 0x65, 0x64, 0x20, 0x41, 0x42, 0x49, 
        0x2e, 0x20, 0x54, 0x68, 0x65, 0x20, 0x69, 0x6e, 0x74, 0x65, 0x6e, 0x64, 
        0x65, 0x64, 0x20, 0x66, 0x75, 0x74, 0x75, 0x72, 0x65, 0x20, 0x73, 0x68, 
        0x61, 0x70, 0x65, 0x20, 0x69, 0x73, 0x20, 0x61, 0x0a, 0x20, 0x2a, 0x20, 
        0x6d, 0x6f, 0x6e, 0x6f, 0x6d, 0x6f, 0x72, 0x70, 0x68, 0x69, 0x7a, 0x65, 
        0x64, 0x20, 0x61, 0x72, 0x72, 0x61, 0x79, 0x3c, 0x54, 0x2c, 0x20, 0x41, 
        0x3e, 0x20, 0x70, 0x6c, 0x75, 0x73, 0x20, 0x6d, 0x65, 0x6d, 0x3a, 0x3a, 
        0x61, 0x6c, 0x6c, 0x6f, 0x63, 0x5f, 0x77, 0x69, 0x74, 0x68, 0x2c, 0x20, 
        0x77, 0x68, 0x69, 0x63, 0x68, 0x20, 0x69, 0x73, 0x20, 0x70, 0x75, 0x72, 
        0x65, 0x6c, 0x79, 0x20, 0x61, 0x64, 0x64, 0x69, 0x74, 0x69, 0x76, 0x65, 
        0x2e, 0x0a, 0x20, 0x2a, 0x0a, 0x20, 0x2a, 0x20, 0x60, 0x23, 0x5b, 0x63, 
        0x6f, 0x72, 0x65, 0x3a, 0x20, 0x22, 0x61, 0x72, 0x72, 0x61, 0x79, 0x22, 
        0x5d, 0x60, 0x20, 0x69, 0x73, 0x20, 0x77, 0x68, 0x61, 0x74, 0x20, 0x6c, 
        0x65, 0x74, 0x73, 0x20, 0x74, 0x68, 0x65, 0x20, 0x63, 0x6f, 0x6d, 0x70, 
        0x69, 0x6c, 0x65, 0x72, 0x20, 0x2a, 0x73, 0x61, 0x79, 0x2a, 0x20, 0x60, 
        0x61, 0x72, 0x72, 0x61, 0x79, 0x3c, 0x45, 0x3e, 0x60, 0x2c, 0x20, 0x61, 
        0x6e, 0x64, 0x20, 0x69, 0x74, 0x20, 0x6e, 0x65, 0x65, 0x64, 0x73, 0x20, 
        0x74, 0x6f, 0x20, 0x73, 0x61, 0x79, 0x20, 0x69, 0x74, 0x20, 0x69, 0x6e, 
        0x20, 0x65, 0x78, 0x61, 0x63, 0x74, 0x6c, 0x79, 0x0a, 0x20, 0x2a, 0x20, 
        0x6f, 0x6e, 0x65, 0x20, 0x73, 0x69, 0x74, 0x75, 0x61, 0x74, 0x69, 0x6f, 
        0x6e, 0x3a, 0x20, 0x60, 0x24, 0x61, 0x20, 0x3d, 0x20, 0x5b, 0x31, 0x2c, 
        0x20, 0x32, 0x2c, 0x20, 0x33, 0x5d, 0x3b, 0x60, 0x2c, 0x20, 0x61, 0x6e, 
        0x20, 0x61, 0x72, 0x72, 0x61, 0x79, 0x20, 0x6c, 0x69, 0x74, 0x65, 0x72, 
        0x61, 0x6c, 0x20, 0x77, 0x69, 0x74, 0x68, 0x20, 0x6e, 0x6f, 0x20, 0x64, 
        0x65, 0x63, 0x6c, 0x61, 0x72, 0x65, 0x64, 0x20, 0x74, 0x79, 0x70, 0x65, 
        0x20, 0x74, 0x6f, 0x20, 0x74, 0x61, 0x6b, 0x65, 0x20, 0x6f, 0x6e, 0x65, 
        0x20, 0x66, 0x72, 0x6f, 0x6d, 0x2e, 0x20, 0x49, 0x74, 0x0a, 0x20, 0x2a, 
        0x20, 0x6b, 0x6e, 0x6f, 0x77, 0x73, 0x20, 0x6e, 0x6f, 0x20, 0x6d, 0x65, 
        0x74, 0x68, 0x6f, 0x64, 0x2c, 0x20, 0x6e, 0x6f, 0x20, 0x70, 0x72, 0x6f, 
        0x70, 0x65, 0x72, 0x74, 0x79, 0x20, 0x61, 0x6e, 0x64, 0x20, 0x6e, 0x6f, 
        0x20, 0x73, 0x68, 0x61, 0x70, 0x65, 0x20, 0x6f, 0x66, 0x20, 0x74, 0x68, 
        0x69, 0x73, 0x20, 0x74, 0x79, 0x70, 0x65, 0x20, 0x2d, 0x20, 0x65, 0x76, 
        0x65, 0x72, 0x79, 0x74, 0x68, 0x69, 0x6e, 0x67, 0x20, 0x62, 0x65, 0x6c, 
        0x6f, 0x77, 0x20, 0x69, 0x73, 0x20, 0x6c, 0x6f, 0x6f, 0x6b, 0x65, 0x64, 
        0x20, 0x75, 0x70, 0x20, 0x74, 0x68, 0x65, 0x20, 0x77, 0x61, 0x79, 0x0a, 
        0x20, 0x2a, 0x20, 0x79, 0x6f, 0x75, 0x72, 0x20, 0x6f, 0x77, 0x6e, 0x20, 
        0x63, 0x6f, 0x64, 0x65, 0x20, 0x69, 0x73, 0x2e, 0x0a, 0x20, 0x2a, 0x2f, 
        0x0a, 0x23, 0x5b, 0x63, 0x6f, 0x72, 0x65, 0x3a, 0x20, 0x22, 0x61, 0x72, 
        0x72, 0x61, 0x79, 0x22, 0x5d, 0x0a, 0x73, 0x74, 0x72, 0x75, 0x63, 0x74, 
        0x20, 0x61, 0x72, 0x72, 0x61, 0x79, 0x3c, 0x54, 0x3e, 0x20, 0x3a, 0x20, 
        0x63, 0x6f, 0x6e, 0x74, 0x72, 0x61, 0x63, 0x74, 0x3a, 0x3a, 0x69, 0x74, 
        0x65, 0x72, 0x61, 0x62, 0x6c, 0x65, 0x3c, 0x54, 0x3e, 0x0a, 0x7b, 0x0a, 
        0x20, 0x20, 0x20, 0x20, 0x70, 0x74, 0x72, 0x3c, 0x54, 0x3e, 0x20, 0x24, 
        0x64, 0x61, 0x74, 0x61, 0x3b, 0x0a, 0x20, 0x20, 0x20, 0x20, 0x75, 0x73, 
        0x69, 0x7a, 0x65, 0x20, 0x24, 0x6c, 0x65, 0x6e, 0x3b, 0x0a, 0x20, 0x20, 
        0x20, 0x20, 0x75, 0x73, 0x69, 0x7a, 0x65, 0x20, 0x24, 0x63, 0x61, 0x70, 
        0x3b, 0x0a, 0x0a, 0x20, 0x20, 0x20, 0x20, 0x2f, 0x2a, 0x2a, 0x0a, 0x20, 
        0x20, 0x20, 0x20, 0x20, 0x2a, 0x20, 0x41, 0x6e, 0x20, 0x65, 0x6d, 0x70, 
        0x74, 0x79, 0x20, 0x61, 0x72, 0x72, 0x61, 0x79, 0x20, 0x74, 0x68, 0x61, 
        0x74, 0x20, 0x68, 0x61, 0x73, 0x20, 0x6e, 0x6f, 0x74, 0x20, 0x61, 0x6c, 
        0x6c, 0x6f, 0x63, 0x61, 0x74, 0x65, 0x64, 0x20, 0x61, 0x6e, 0x79, 0x74, 
        0x68, 0x69, 0x6e, 0x67, 0x2e, 0x0a, 0x20, 0x20, 0x20, 0x20, 0x20, 0x2a, 
        0x0a, 0x20, 0x20, 0x20, 0x20, 0x20, 0x2a, 0x20, 0x41, 0x20, 0x6e, 0x75, 
        0x6c, 0x6c, 0x20, 0x62, 0x75, 0x66, 0x66, 0x65, 0x72, 0x20, 0x69, 0x73, 
        0x20, 0x61, 0x20, 0x6c, 0x65, 0x67, 0x69, 0x74, 0x69, 0x6d, 0x61, 0x74, 
        0x65, 0x20, 0x73, 0x74, 0x61, 0x74, 0x65, 0x20, 0x61, 0x6e, 0x64, 0x20, 
        0x65, 0x76, 0x65, 0x72, 0x79, 0x20, 0x6d, 0x65, 0x74, 0x68, 0x6f, 0x64, 
        0x20, 0x62, 0x65, 0x6c, 0x6f, 0x77, 0x20, 0x69, 0x73, 0x20, 0x77, 0x72, 
        0x69, 0x74, 0x74, 0x65, 0x6e, 0x20, 0x66, 0x6f, 0x72, 0x20, 0x69, 0x74, 
        0x3a, 0x20, 0x60, 0x6d, 0x65, 0x6d, 0x3a, 0x3a, 0x72, 0x65, 0x61, 0x6c, 
        0x6c, 0x6f, 0x63, 0x60, 0x0a, 0x20, 0x20, 0x20, 0x20, 0x20, 0x2a, 0x20, 
        0x6f, 0x76, 0x65, 0x72, 0x20, 0x61, 0x20, 0x6e, 0x75, 0x6c, 0x6c, 0x20, 
        0x70, 0x6f, 0x69, 0x6e, 0x74, 0x65, 0x72, 0x20, 0x61, 0x6c, 0x6c, 0x6f, 
        0x63, 0x61, 0x74, 0x65, 0x73, 0x2c, 0x20, 0x61, 0x6e, 0x64, 0x20, 0x60, 
        0x6d, 0x65, 0x6d, 0x3a, 0x3a, 0x66, 0x72, 0x65, 0x65, 0x60, 0x20, 0x6f, 
        0x76, 0x65, 0x72, 0x20, 0x6f, 0x6e, 0x65, 0x20, 0x69, 0x73, 0x20, 0x61, 
        0x20, 0x6e, 0x6f, 0x2d, 0x6f, 0x70, 0x2e, 0x20, 0x53, 0x6f, 0x20, 0x74, 
        0x68, 0x65, 0x72, 0x65, 0x20, 0x69, 0x73, 0x20, 0x6e, 0x6f, 0x0a, 0x20, 
        0x20, 0x20, 0x20, 0x20, 0x2a, 0x20, 0x22, 0x75, 0x6e, 0x69, 0x6e, 0x69, 
        0x74, 0x69, 0x61, 0x6c, 0x69, 0x7a, 0x65, 0x64, 0x22, 0x20, 0x63, 0x61, 
        0x73, 0x65, 0x20, 0x73, 0x65, 0x70, 0x61, 0x72, 0x61, 0x74, 0x65, 0x20, 
        0x66, 0x72, 0x6f, 0x6d, 0x20, 0x22, 0x65, 0x6d, 0x70, 0x74, 0x79, 0x22, 
        0x2e, 0x0a, 0x20, 0x20, 0x20, 0x20, 0x20, 0x2a, 0x2f, 0x0a, 0x20, 0x20, 
        0x20, 0x20, 0x63, 0x6f, 0x6e, 0x73, 0x74, 0x72, 0x75, 0x63, 0x74, 0x6f, 
        0x72, 0x28, 0x29, 0x0a, 0x20, 0x20, 0x20, 0x20, 0x7b, 0x0a, 0x20, 0x20, 
        0x20, 0x20, 0x20, 0x20, 0x20, 0x20, 0x24, 0x74, 0x68, 0x69, 0x73, 0x2d, 
        0x3e, 0x64, 0x61, 0x74, 0x61, 0x3a, 0x24, 0x20, 0x3d, 0x20, 0x6e, 0x75, 
        0x6c, 0x6c, 0x3b, 0x0a, 0x20, 0x20, 0x20, 0x20, 0x20, 0x20, 0x20, 0x20, 
        0x24, 0x74, 0x68, 0x69, 0x73, 0x2d, 0x3e, 0x6c, 0x65, 0x6e, 0x20, 0x3d, 
        0x20, 0x30, 0x3b, 0x0a, 0x20, 0x20, 0x20, 0x20, 0x20, 0x20, 0x20, 0x20, 
        0x24, 0x74, 0x68, 0x69, 0x73, 0x2d, 0x3e, 0x63, 0x61, 0x70, 0x20, 0x3d, 
        0x20, 0x30, 0x3b, 0x0a, 0x20, 0x20, 0x20, 0x20, 0x7d, 0x0a, 0x0a, 0x20, 
        0x20, 0x20, 0x20, 0x2f, 0x2a, 0x2a, 0x0a, 0x20, 0x20, 0x20, 0x20, 0x20, 
        0x2a, 0x20, 0x54, 0x68, 0x65, 0x20, 0x64, 0x65, 0x65, 0x70, 0x20, 0x63, 
        0x6f, 0x70, 0x79, 0x2e, 0x20, 0x52, 0x65, 0x63, 0x6f, 0x67, 0x6e, 0x69, 
        0x73, 0x65, 0x64, 0x20, 0x72, 0x61, 0x74, 0x68, 0x65, 0x72, 0x20, 0x74, 
        0x68, 0x61, 0x6e, 0x20, 0x64, 0x65, 0x63, 0x6c, 0x61, 0x72, 0x65, 0x64, 
        0x20, 0x2d, 0x20, 0x61, 0x6e, 0x79, 0x20, 0x63, 0x6f, 0x6e, 0x73, 0x74, 
        0x72, 0x75, 0x63, 0x74, 0x6f, 0x72, 0x20, 0x74, 0x61, 0x6b, 0x69, 0x6e, 
        0x67, 0x20, 0x6f, 0x6e, 0x65, 0x20, 0x6e, 0x6f, 0x6e, 0x2d, 0x6e, 0x75, 
        0x6c, 0x6c, 0x61, 0x62, 0x6c, 0x65, 0x0a, 0x20, 0x20, 0x20, 0x20, 0x20, 
        0x2a, 0x20, 0x62, 0x6f, 0x72, 0x72, 0x6f, 0x77, 0x20, 0x6f, 0x66, 0x20, 
        0x69, 0x74, 0x73, 0x20, 0x6f, 0x77, 0x6e, 0x20, 0x74, 0x79, 0x70, 0x65, 
        0x20, 0x69, 0x73, 0x20, 0x74, 0x68, 0x65, 0x20, 0x63, 0x6f, 0x70, 0x79, 
        0x20, 0x63, 0x6f, 0x6e, 0x73, 0x74, 0x72, 0x75, 0x63, 0x74, 0x6f, 0x72, 
        0x20, 0x28, 0x60, 0x41, 0x53, 0x54, 0x3a, 0x3a, 0x69, 0x73, 0x5f, 0x63, 
        0x6f, 0x70, 0x79, 0x5f, 0x63, 0x6f, 0x6e, 0x73, 0x74, 0x72, 0x75, 0x63, 
        0x74, 0x6f, 0x72, 0x60, 0x29, 0x2c, 0x20, 0x77, 0x68, 0x69, 0x63, 0x68, 
        0x20, 0x69, 0x73, 0x20, 0x77, 0x68, 0x61, 0x74, 0x0a, 0x20, 0x20, 0x20, 
        0x20, 0x20, 0x2a, 0x20, 0x6d, 0x61, 0x6b, 0x65, 0x73, 0x20, 0x60, 0x24, 
        0x62, 0x20, 0x3d, 0x20, 0x24, 0x61, 0x60, 0x20, 0x61, 0x6e, 0x64, 0x20, 
        0x60, 0x61, 0x72, 0x72, 0x61, 0x79, 0x3c, 0x69, 0x6e, 0x74, 0x33, 0x32, 
        0x3e, 0x28, 0x24, 0x61, 0x29, 0x60, 0x20, 0x74, 0x68, 0x65, 0x20, 0x73, 
        0x61, 0x6d, 0x65, 0x20, 0x6f, 0x70, 0x65, 0x72, 0x61, 0x74, 0x69, 0x6f, 
        0x6e, 0x2e, 0x0a, 0x20, 0x20, 0x20, 0x20, 0x20, 0x2a, 0x0a, 0x20, 0x20, 
        0x20, 0x20, 0x20, 0x2a, 0x20, 0x57, 0x72, 0x69, 0x74, 0x74, 0x65, 0x6e, 
        0x20, 0x6f, 0x75, 0x74, 0x20, 0x62, 0x65, 0x63, 0x61, 0x75, 0x73, 0x65, 
        0x20, 0x61, 0x20, 0x64, 0x65, 0x63, 0x6c, 0x61, 0x72, 0x65, 0x64, 0x20, 
        0x64, 0x65, 0x73, 0x74, 0x72, 0x75, 0x63, 0x74, 0x6f, 0x72, 0x20, 0x64, 
        0x69, 0x73, 0x71, 0x75, 0x61, 0x6c, 0x69, 0x66, 0x69, 0x65, 0x73, 0x20, 
        0x74, 0x68, 0x65, 0x20, 0x73, 0x79, 0x6e, 0x74, 0x68, 0x65, 0x73, 0x69, 
        0x7a, 0x65, 0x64, 0x20, 0x63, 0x6f, 0x70, 0x79, 0x2c, 0x20, 0x61, 0x6e, 
        0x64, 0x20, 0x72, 0x69, 0x67, 0x68, 0x74, 0x6c, 0x79, 0x20, 0x73, 0x6f, 
        0x3a, 0x0a, 0x20, 0x20, 0x20, 0x20, 0x20, 0x2a, 0x20, 0x61, 0x20, 0x62, 
        0x69, 0x74, 0x77, 0x69, 0x73, 0x65, 0x20, 0x64, 0x75, 0x70, 0x6c, 0x69, 
        0x63, 0x61, 0x74, 0x65, 0x20, 0x6f, 0x66, 0x20, 0x61, 0x20, 0x73, 0x74, 
        0x72, 0x75, 0x63, 0x74, 0x20, 0x68, 0x6f, 0x6c, 0x64, 0x69, 0x6e, 0x67, 
        0x20, 0x61, 0x20, 0x68, 0x65, 0x61, 0x70, 0x20, 0x70, 0x6f, 0x69, 0x6e, 
        0x74, 0x65, 0x72, 0x20, 0x69, 0x73, 0x20, 0x74, 0x77, 0x6f, 0x20, 0x6f, 
        0x77, 0x6e, 0x65, 0x72, 0x73, 0x20, 0x6f, 0x66, 0x20, 0x6f, 0x6e, 0x65, 
        0x20, 0x62, 0x75, 0x66, 0x66, 0x65, 0x72, 0x2e, 0x0a, 0x20, 0x20, 0x20, 
        0x20, 0x20, 0x2a, 0x0a, 0x20, 0x20, 0x20, 0x20, 0x20, 0x2a, 0x20, 0x53, 
        0x70, 0x65, 0x6c, 0x6c, 0x65, 0x64, 0x20, 0x60, 0x61, 0x72, 0x72, 0x61, 
        0x79, 0x3c, 0x54, 0x3e, 0x26, 0x60, 0x2c, 0x20, 0x6e, 0x6f, 0x74, 0x20, 
        0x60, 0x61, 0x72, 0x72, 0x61, 0x79, 0x26, 0x60, 0x2e, 0x20, 0x49, 0x6e, 
        0x73, 0x69, 0x64, 0x65, 0x20, 0x61, 0x20, 0x67, 0x65, 0x6e, 0x65, 0x72, 
        0x69, 0x63, 0x20, 0x73, 0x74, 0x72, 0x75, 0x63, 0x74, 0x20, 0x74, 0x68, 
        0x65, 0x20, 0x62, 0x61, 0x72, 0x65, 0x20, 0x6e, 0x61, 0x6d, 0x65, 0x20, 
        0x69, 0x73, 0x20, 0x74, 0x68, 0x65, 0x20, 0x2a, 0x74, 0x65, 0x6d, 0x70, 
        0x6c, 0x61, 0x74, 0x65, 0x2a, 0x2c, 0x0a, 0x20, 0x20, 0x20, 0x20, 0x20, 
        0x2a, 0x20, 0x77, 0x68, 0x69, 0x63, 0x68, 0x20, 0x69, 0x73, 0x20, 0x6e, 
        0x6f, 0x74, 0x20, 0x61, 0x20, 0x74, 0x79, 0x70, 0x65, 0x3b, 0x20, 0x6f, 
        0x6e, 0x6c, 0x79, 0x20, 0x74, 0x68, 0x65, 0x20, 0x61, 0x70, 0x70, 0x6c, 
        0x69, 0x65, 0x64, 0x20, 0x66, 0x6f, 0x72, 0x6d, 0x20, 0x6d, 0x61, 0x74, 
        0x63, 0x68, 0x65, 0x73, 0x2e, 0x0a, 0x20, 0x20, 0x20, 0x20, 0x20, 0x2a, 
        0x0a, 0x20, 0x20, 0x20, 0x20, 0x20, 0x2a, 0x20, 0x41, 0x6e, 0x64, 0x20, 
        0x60, 0x63, 0x6f, 0x6e, 0x73, 0x74, 0x60, 0x2c, 0x20, 0x62, 0x65, 0x63, 
        0x61, 0x75, 0x73, 0x65, 0x20, 0x61, 0x20, 0x63, 0x6f, 0x70, 0x79, 0x20, 
        0x72, 0x65, 0x61, 0x64, 0x73, 0x20, 0x69, 0x74, 0x73, 0x20, 0x73, 0x6f, 
        0x75, 0x72, 0x63, 0x65, 0x20, 0x61, 0x6e, 0x64, 0x20, 0x6e, 0x6f, 0x74, 
        0x68, 0x69, 0x6e, 0x67, 0x20, 0x6d, 0x6f, 0x72, 0x65, 0x2e, 0x20, 0x54, 
        0x68, 0x61, 0x74, 0x20, 0x69, 0x73, 0x20, 0x77, 0x68, 0x61, 0x74, 0x20, 
        0x6c, 0x65, 0x74, 0x73, 0x20, 0x60, 0x24, 0x62, 0x20, 0x3d, 0x20, 0x24, 
        0x61, 0x60, 0x20, 0x61, 0x6e, 0x64, 0x0a, 0x20, 0x20, 0x20, 0x20, 0x20, 
        0x2a, 0x20, 0x60, 0x24, 0x61, 0x2d, 0x3e, 0x63, 0x6c, 0x6f, 0x6e, 0x65, 
        0x28, 0x29, 0x60, 0x20, 0x77, 0x6f, 0x72, 0x6b, 0x20, 0x77, 0x68, 0x65, 
        0x6e, 0x20, 0x60, 0x24, 0x61, 0x60, 0x20, 0x69, 0x73, 0x20, 0x60, 0x63, 
        0x6f, 0x6e, 0x73, 0x74, 0x60, 0x20, 0x2d, 0x20, 0x77, 0x69, 0x74, 0x68, 
        0x6f, 0x75, 0x74, 0x20, 0x69, 0x74, 0x20, 0x74, 0x68, 0x65, 0x20, 0x63, 
        0x6f, 0x70, 0x79, 0x20, 0x69, 0x73, 0x20, 0x74, 0x68, 0x65, 0x20, 0x6f, 
        0x6e, 0x65, 0x20, 0x6f, 0x70, 0x65, 0x72, 0x61, 0x74, 0x69, 0x6f, 0x6e, 
        0x20, 0x61, 0x20, 0x63, 0x6f, 0x6e, 0x73, 0x74, 0x0a, 0x20, 0x20, 0x20, 
        0x20, 0x20, 0x2a, 0x20, 0x61, 0x72, 0x72, 0x61, 0x79, 0x20, 0x63, 0x61, 
        0x6e, 0x6e, 0x6f, 0x74, 0x20, 0x74, 0x61, 0x6b, 0x65, 0x20, 0x70, 0x61, 
        0x72, 0x74, 0x20, 0x69, 0x6e, 0x2c, 0x20, 0x69, 0x6e, 0x63, 0x6c, 0x75, 
        0x64, 0x69, 0x6e, 0x67, 0x20, 0x74, 0x68, 0x65, 0x20, 0x6f, 0x6e, 0x65, 
        0x20, 0x69, 0x74, 0x73, 0x20, 0x6f, 0x77, 0x6e, 0x20, 0x60, 0x63, 0x6c, 
        0x6f, 0x6e, 0x65, 0x28, 0x29, 0x60, 0x20, 0x69, 0x73, 0x20, 0x77, 0x72, 
        0x69, 0x74, 0x74, 0x65, 0x6e, 0x20, 0x74, 0x68, 0x72, 0x6f, 0x75, 0x67, 
        0x68, 0x2e, 0x0a, 0x20, 0x20, 0x20, 0x20, 0x20, 0x2a, 0x2f, 0x0a, 0x20, 
        0x20, 0x20, 0x20, 0x63, 0x6f, 0x6e, 0x73, 0x74, 0x72, 0x75, 0x63, 0x74, 
        0x6f, 0x72, 0x28, 0x63, 0x6f, 0x6e, 0x73, 0x74, 0x20, 0x61, 0x72, 0x72, 
        0x61, 0x79, 0x3c, 0x54, 0x3e, 0x26, 0x20, 0x24, 0x6f, 0x74, 0x68, 0x65, 
        0x72, 0x29, 0x0a, 0x20, 0x20, 0x20, 0x20, 0x7b, 0x0a, 0x20, 0x20, 0x20, 
        0x20, 0x20, 0x20, 0x20, 0x20, 0x24, 0x74, 0x68, 0x69, 0x73, 0x2d, 0x3e, 
        0x64, 0x61, 0x74, 0x61, 0x3a, 0x24, 0x20, 0x3d, 0x20, 0x6e, 0x75, 0x6c, 
        0x6c, 0x3b, 0x0a, 0x20, 0x20, 0x20, 0x20, 0x20, 0x20, 0x20, 0x20, 0x24, 
        0x74, 0x68, 0x69, 0x73, 0x2d, 0x3e, 0x6c, 0x65, 0x6e, 0x20, 0x3d, 0x20, 
        0x30, 0x3b, 0x0a, 0x20, 0x20, 0x20, 0x20, 0x20, 0x20, 0x20, 0x20, 0x24, 
        0x74, 0x68, 0x69, 0x73, 0x2d, 0x3e, 0x63, 0x61, 0x70, 0x20, 0x3d, 0x20, 
        0x30, 0x3b, 0x0a, 0x0a, 0x20, 0x20, 0x20, 0x20, 0x20, 0x20, 0x20, 0x20, 
        0x2f, 0x2f, 0x20, 0x61, 0x6e, 0x20, 0x65, 0x6d, 0x70, 0x74, 0x79, 0x20, 
        0x73, 0x6f, 0x75, 0x72, 0x63, 0x65, 0x20, 0x61, 0x6c, 0x6c, 0x6f, 0x63, 
        0x61, 0x74, 0x65, 0x73, 0x20, 0x6e, 0x6f, 0x74, 0x68, 0x69, 0x6e, 0x67, 
        0x2c, 0x20, 0x73, 0x6f, 0x20, 0x61, 0x6e, 0x20, 0x65, 0x6d, 0x70, 0x74, 
        0x79, 0x20, 0x61, 0x72, 0x72, 0x61, 0x79, 0x20, 0x63, 0x6f, 0x70, 0x69, 
        0x65, 0x73, 0x20, 0x74, 0x6f, 0x20, 0x61, 0x6e, 0x20, 0x65, 0x6d, 0x70, 
        0x74, 0x79, 0x20, 0x61, 0x72, 0x72, 0x61, 0x79, 0x20, 0x72, 0x61, 0x74, 
        0x68, 0x65, 0x72, 0x20, 0x74, 0x68, 0x61, 0x6e, 0x0a, 0x20, 0x20, 0x20, 
        0x20, 0x20, 0x20, 0x20, 0x20, 0x2f, 0x2f, 0x20, 0x74, 0x6f, 0x20, 0x61, 
        0x20, 0x7a, 0x65, 0x72, 0x6f, 0x2d, 0x6c, 0x65, 0x6e, 0x67, 0x74, 0x68, 
        0x20, 0x61, 0x6c, 0x6c, 0x6f, 0x63, 0x61, 0x74, 0x69, 0x6f, 0x6e, 0x0a, 
        0x20, 0x20, 0x20, 0x20, 0x20, 0x20, 0x20, 0x20, 0x2f, 0x2f, 0x0a, 0x20, 
        0x20, 0x20, 0x20, 0x20, 0x20, 0x20, 0x20, 0x2f, 0x2f, 0x20, 0x6f, 0x6e, 
        0x65, 0x20, 0x62, 0x72, 0x61, 0x6e, 0x63, 0x68, 0x20, 0x72, 0x61, 0x74, 
        0x68, 0x65, 0x72, 0x20, 0x74, 0x68, 0x61, 0x6e, 0x20, 0x61, 0x6e, 0x20, 
        0x65, 0x61, 0x72, 0x6c, 0x79, 0x20, 0x60, 0x72, 0x65, 0x74, 0x75, 0x72, 
        0x6e, 0x60, 0x2c, 0x20, 0x61, 0x6e, 0x64, 0x20, 0x74, 0x68, 0x61, 0x74, 
        0x20, 0x69, 0x73, 0x20, 0x61, 0x20, 0x6c, 0x69, 0x6d, 0x69, 0x74, 0x61, 
        0x74, 0x69, 0x6f, 0x6e, 0x20, 0x62, 0x65, 0x69, 0x6e, 0x67, 0x20, 0x77, 
        0x6f, 0x72, 0x6b, 0x65, 0x64, 0x20, 0x61, 0x72, 0x6f, 0x75, 0x6e, 0x64, 
        0x0a, 0x20, 0x20, 0x20, 0x20, 0x20, 0x20, 0x20, 0x20, 0x2f, 0x2f, 0x20, 
        0x72, 0x61, 0x74, 0x68, 0x65, 0x72, 0x20, 0x74, 0x68, 0x61, 0x6e, 0x20, 
        0x61, 0x20, 0x70, 0x72, 0x65, 0x66, 0x65, 0x72, 0x65, 0x6e, 0x63, 0x65, 
        0x3a, 0x20, 0x61, 0x20, 0x63, 0x6f, 0x6e, 0x73, 0x74, 0x72, 0x75, 0x63, 
        0x74, 0x6f, 0x72, 0x27, 0x73, 0x20, 0x60, 0x72, 0x65, 0x74, 0x75, 0x72, 
        0x6e, 0x60, 0x20, 0x68, 0x61, 0x6e, 0x64, 0x73, 0x20, 0x62, 0x61, 0x63, 
        0x6b, 0x20, 0x60, 0x24, 0x74, 0x68, 0x69, 0x73, 0x60, 0x2c, 0x20, 0x61, 
        0x6e, 0x64, 0x20, 0x74, 0x68, 0x65, 0x20, 0x6f, 0x77, 0x6e, 0x65, 0x72, 
        0x73, 0x68, 0x69, 0x70, 0x0a, 0x20, 0x20, 0x20, 0x20, 0x20, 0x20, 0x20, 
        0x20, 0x2f, 0x2f, 0x20, 0x70, 0x61, 0x73, 0x73, 0x20, 0x6d, 0x65, 0x72, 
        0x67, 0x65, 0x73, 0x20, 0x61, 0x20, 0x72, 0x65, 0x74, 0x75, 0x72, 0x6e, 
        0x69, 0x6e, 0x67, 0x20, 0x62, 0x72, 0x61, 0x6e, 0x63, 0x68, 0x27, 0x73, 
        0x20, 0x6d, 0x6f, 0x76, 0x65, 0x64, 0x20, 0x73, 0x74, 0x61, 0x74, 0x65, 
        0x20, 0x69, 0x6e, 0x74, 0x6f, 0x20, 0x74, 0x68, 0x65, 0x20, 0x66, 0x61, 
        0x6c, 0x6c, 0x2d, 0x74, 0x68, 0x72, 0x6f, 0x75, 0x67, 0x68, 0x20, 0x69, 
        0x6e, 0x73, 0x74, 0x65, 0x61, 0x64, 0x20, 0x6f, 0x66, 0x20, 0x74, 0x72, 
        0x65, 0x61, 0x74, 0x69, 0x6e, 0x67, 0x20, 0x74, 0x68, 0x65, 0x0a, 0x20, 
        0x20, 0x20, 0x20, 0x20, 0x20, 0x20, 0x20, 0x2f, 0x2f, 0x20, 0x72, 0x65, 
        0x74, 0x75, 0x72, 0x6e, 0x20, 0x61, 0x73, 0x20, 0x61, 0x6e, 0x20, 0x65, 
        0x78, 0x69, 0x74, 0x20, 0x2d, 0x20, 0x73, 0x6f, 0x20, 0x61, 0x6e, 0x20, 
        0x65, 0x61, 0x72, 0x6c, 0x79, 0x20, 0x72, 0x65, 0x74, 0x75, 0x72, 0x6e, 
        0x20, 0x6f, 0x75, 0x74, 0x20, 0x6f, 0x66, 0x20, 0x61, 0x6e, 0x20, 0x2a, 
        0x6f, 0x77, 0x6e, 0x69, 0x6e, 0x67, 0x2a, 0x20, 0x74, 0x79, 0x70, 0x65, 
        0x27, 0x73, 0x20, 0x63, 0x6f, 0x6e, 0x73, 0x74, 0x72, 0x75, 0x63, 0x74, 
        0x6f, 0x72, 0x20, 0x72, 0x65, 0x61, 0x64, 0x73, 0x20, 0x61, 0x73, 0x20, 
        0x61, 0x0a, 0x20, 0x20, 0x20, 0x20, 0x20, 0x20, 0x20, 0x20, 0x2f, 0x2f, 
        0x20, 0x63, 0x6f, 0x6e, 0x64, 0x69, 0x74, 0x69, 0x6f, 0x6e, 0x61, 0x6c, 
        0x20, 0x6d, 0x6f, 0x76, 0x65, 0x2e, 0x20, 0x73, 0x65, 0x65, 0x20, 0x74, 
        0x6f, 0x64, 0x6f, 0x2f, 0x43, 0x37, 0x0a, 0x20, 0x20, 0x20, 0x20, 0x20, 
        0x20, 0x20, 0x20, 0x69, 0x66, 0x20, 0x28, 0x24, 0x6f, 0x74, 0x68, 0x65, 
        0x72, 0x2d, 0x3e, 0x6c, 0x65, 0x6e, 0x20, 0x3e, 0x20, 0x30, 0x29, 0x20, 
        0x7b, 0x0a, 0x20, 0x20, 0x20, 0x20, 0x20, 0x20, 0x20, 0x20, 0x20, 0x20, 
        0x20, 0x20, 0x24, 0x74, 0x68, 0x69, 0x73, 0x2d, 0x3e, 0x64, 0x61, 0x74, 
        0x61, 0x3a, 0x24, 0x20, 0x3d, 0x20, 0x6d, 0x65, 0x6d, 0x3a, 0x3a, 0x61, 
        0x6c, 0x6c, 0x6f, 0x63, 0x3c, 0x54, 0x3e, 0x28, 0x24, 0x6f, 0x74, 0x68, 
        0x65, 0x72, 0x2d, 0x3e, 0x6c, 0x65, 0x6e, 0x29, 0x3b, 0x0a, 0x20, 0x20, 
        0x20, 0x20, 0x20, 0x20, 0x20, 0x20, 0x20, 0x20, 0x20, 0x20, 0x24, 0x74, 
        0x68, 0x69, 0x73, 0x2d, 0x3e, 0x63, 0x61, 0x70, 0x20, 0x3d, 0x20, 0x24, 
        0x6f, 0x74, 0x68, 0x65, 0x72, 0x2d, 0x3e, 0x6c, 0x65, 0x6e, 0x3b, 0x0a, 
        0x20, 0x20, 0x20, 0x20, 0x20, 0x20, 0x20, 0x20, 0x20, 0x20, 0x20, 0x20, 
        0x24, 0x74, 0x68, 0x69, 0x73, 0x2d, 0x3e, 0x6c, 0x65, 0x6e, 0x20, 0x3d, 
        0x20, 0x24, 0x6f, 0x74, 0x68, 0x65, 0x72, 0x2d, 0x3e, 0x6c, 0x65, 0x6e, 
        0x3b, 0x0a, 0x0a, 0x20, 0x20, 0x20, 0x20, 0x20, 0x20, 0x20, 0x20, 0x20, 
        0x20, 0x20, 0x20, 0x6d, 0x65, 0x6d, 0x3a, 0x3a, 0x63, 0x6f, 0x70, 0x79, 
        0x3c, 0x54, 0x3e, 0x28, 0x24, 0x74, 0x68, 0x69, 0x73, 0x2d, 0x3e, 0x64, 
        0x61, 0x74, 0x61, 0x2c, 0x20, 0x24, 0x6f, 0x74, 0x68, 0x65, 0x72, 0x2d, 
        0x3e, 0x64, 0x61, 0x74, 0x61, 0x2c, 0x20, 0x24, 0x6f, 0x74, 0x68, 0x65, 
        0x72, 0x2d, 0x3e, 0x6c, 0x65, 0x6e, 0x29, 0x3b, 0x0a, 0x20, 0x20, 0x20, 
        0x20, 0x20, 0x20, 0x20, 0x20, 0x7d, 0x0a, 0x20, 0x20, 0x20, 0x20, 0x7d, 
        0x0a, 0x0a, 0x20, 0x20, 0x20, 0x20, 0x2f, 0x2a, 0x2a, 0x0a, 0x20, 0x20, 
        0x20, 0x20, 0x20, 0x2a, 0x20, 0x52, 0x65, 0x6c, 0x65, 0x61, 0x73, 0x65, 
        0x73, 0x20, 0x74, 0x68, 0x65, 0x20, 0x62, 0x75, 0x66, 0x66, 0x65, 0x72, 
        0x2e, 0x20, 0x52, 0x75, 0x6e, 0x73, 0x20, 0x61, 0x74, 0x20, 0x74, 0x68, 
        0x65, 0x20, 0x65, 0x6e, 0x64, 0x20, 0x6f, 0x66, 0x20, 0x74, 0x68, 0x65, 
        0x20, 0x73, 0x63, 0x6f, 0x70, 0x65, 0x20, 0x74, 0x68, 0x61, 0x74, 0x20, 
        0x6f, 0x77, 0x6e, 0x73, 0x20, 0x74, 0x68, 0x65, 0x20, 0x61, 0x72, 0x72, 
        0x61, 0x79, 0x2c, 0x20, 0x6f, 0x6e, 0x63, 0x65, 0x2e, 0x0a, 0x20, 0x20, 
        0x20, 0x20, 0x20, 0x2a, 0x0a, 0x20, 0x20, 0x20, 0x20, 0x20, 0x2a, 0x20, 
        0x49, 0x74, 0x20, 0x64, 0x6f, 0x65, 0x73, 0x20, 0x2a, 0x2a, 0x6e, 0x6f, 
        0x74, 0x2a, 0x2a, 0x20, 0x64, 0x65, 0x73, 0x74, 0x72, 0x6f, 0x79, 0x20, 
        0x74, 0x68, 0x65, 0x20, 0x65, 0x6c, 0x65, 0x6d, 0x65, 0x6e, 0x74, 0x73, 
        0x2c, 0x20, 0x61, 0x6e, 0x64, 0x20, 0x74, 0x68, 0x61, 0x74, 0x20, 0x69, 
        0x73, 0x20, 0x74, 0x68, 0x65, 0x20, 0x68, 0x6f, 0x6c, 0x65, 0x20, 0x69, 
        0x6e, 0x20, 0x74, 0x68, 0x65, 0x20, 0x68, 0x65, 0x61, 0x64, 0x65, 0x72, 
        0x20, 0x72, 0x61, 0x74, 0x68, 0x65, 0x72, 0x20, 0x74, 0x68, 0x61, 0x6e, 
        0x20, 0x61, 0x6e, 0x0a, 0x20, 0x20, 0x20, 0x20, 0x20, 0x2a, 0x20, 0x6f, 
        0x76, 0x65, 0x72, 0x73, 0x69, 0x67, 0x68, 0x74, 0x20, 0x68, 0x65, 0x72, 
        0x65, 0x3a, 0x20, 0x74, 0x68, 0x65, 0x72, 0x65, 0x20, 0x69, 0x73, 0x20, 
        0x6e, 0x6f, 0x20, 0x77, 0x61, 0x79, 0x20, 0x74, 0x6f, 0x20, 0x61, 0x73, 
        0x6b, 0x20, 0x77, 0x68, 0x65, 0x74, 0x68, 0x65, 0x72, 0x20, 0x60, 0x54, 
        0x60, 0x20, 0x6e, 0x65, 0x65, 0x64, 0x73, 0x20, 0x64, 0x65, 0x73, 0x74, 
        0x72, 0x6f, 0x79, 0x69, 0x6e, 0x67, 0x2c, 0x20, 0x73, 0x6f, 0x20, 0x74, 
        0x68, 0x65, 0x72, 0x65, 0x20, 0x69, 0x73, 0x20, 0x6e, 0x6f, 0x74, 0x68, 
        0x69, 0x6e, 0x67, 0x20, 0x74, 0x6f, 0x0a, 0x20, 0x20, 0x20, 0x20, 0x20, 
        0x2a, 0x20, 0x63, 0x61, 0x6c, 0x6c, 0x2e, 0x20, 0x46, 0x6f, 0x72, 0x20, 
        0x65, 0x76, 0x65, 0x72, 0x79, 0x20, 0x60, 0x54, 0x60, 0x20, 0x74, 0x68, 
        0x65, 0x20, 0x63, 0x6f, 0x70, 0x79, 0x20, 0x61, 0x62, 0x6f, 0x76, 0x65, 
        0x20, 0x69, 0x73, 0x20, 0x63, 0x6f, 0x72, 0x72, 0x65, 0x63, 0x74, 0x20, 
        0x66, 0x6f, 0x72, 0x2c, 0x20, 0x74, 0x68, 0x65, 0x72, 0x65, 0x20, 0x69, 
        0x73, 0x20, 0x61, 0x6c, 0x73, 0x6f, 0x20, 0x6e, 0x6f, 0x74, 0x68, 0x69, 
        0x6e, 0x67, 0x20, 0x74, 0x6f, 0x20, 0x64, 0x6f, 0x2e, 0x0a, 0x20, 0x20, 
        0x20, 0x20, 0x20, 0x2a, 0x2f, 0x0a, 0x20, 0x20, 0x20, 0x20, 0x64, 0x65, 
        0x73, 0x74, 0x72, 0x75, 0x63, 0x74, 0x6f, 0x72, 0x28, 0x29, 0x0a, 0x20, 
        0x20, 0x20, 0x20, 0x7b, 0x0a, 0x20, 0x20, 0x20, 0x20, 0x20, 0x20, 0x20, 
        0x20, 0x6d, 0x65, 0x6d, 0x3a, 0x3a, 0x66, 0x72, 0x65, 0x65, 0x3c, 0x54, 
        0x3e, 0x28, 0x24, 0x74, 0x68, 0x69, 0x73, 0x2d, 0x3e, 0x64, 0x61, 0x74, 
        0x61, 0x29, 0x3b, 0x0a, 0x20, 0x20, 0x20, 0x20, 0x7d, 0x0a, 0x0a, 0x20, 
        0x20, 0x20, 0x20, 0x2f, 0x2a, 0x2a, 0x0a, 0x20, 0x20, 0x20, 0x20, 0x20, 
        0x2a, 0x20, 0x48, 0x6f, 0x77, 0x20, 0x6d, 0x61, 0x6e, 0x79, 0x20, 0x65, 
        0x6c, 0x65, 0x6d, 0x65, 0x6e, 0x74, 0x73, 0x20, 0x61, 0x72, 0x65, 0x20, 
        0x69, 0x6e, 0x20, 0x69, 0x74, 0x2e, 0x0a, 0x20, 0x20, 0x20, 0x20, 0x20, 
        0x2a, 0x2f, 0x0a, 0x20, 0x20, 0x20, 0x20, 0x63, 0x6f, 0x6e, 0x73, 0x74, 
        0x20, 0x66, 0x75, 0x6e, 0x63, 0x74, 0x69, 0x6f, 0x6e, 0x20, 0x63, 0x6f, 
        0x75, 0x6e, 0x74, 0x28, 0x29, 0x20, 0x3a, 0x20, 0x75, 0x73, 0x69, 0x7a, 
        0x65, 0x0a, 0x20, 0x20, 0x20, 0x20, 0x7b, 0x0a, 0x20, 0x20, 0x20, 0x20, 
        0x20, 0x20, 0x20, 0x20, 0x72, 0x65, 0x74, 0x75, 0x72, 0x6e, 0x20, 0x24, 
        0x74, 0x68, 0x69, 0x73, 0x2d, 0x3e, 0x6c, 0x65, 0x6e, 0x3b, 0x0a, 0x20, 
        0x20, 0x20, 0x20, 0x7d, 0x0a, 0x0a, 0x20, 0x20, 0x20, 0x20, 0x2f, 0x2a, 
        0x2a, 0x0a, 0x20, 0x20, 0x20, 0x20, 0x20, 0x2a, 0x20, 0x48, 0x6f, 0x77, 
        0x20, 0x6d, 0x61, 0x6e, 0x79, 0x20, 0x69, 0x74, 0x20, 0x68, 0x61, 0x73, 
        0x20, 0x72, 0x6f, 0x6f, 0x6d, 0x20, 0x66, 0x6f, 0x72, 0x20, 0x62, 0x65, 
        0x66, 0x6f, 0x72, 0x65, 0x20, 0x69, 0x74, 0x20, 0x68, 0x61, 0x73, 0x20, 
        0x74, 0x6f, 0x20, 0x67, 0x72, 0x6f, 0x77, 0x2e, 0x0a, 0x20, 0x20, 0x20, 
        0x20, 0x20, 0x2a, 0x2f, 0x0a, 0x20, 0x20, 0x20, 0x20, 0x63, 0x6f, 0x6e, 
        0x73, 0x74, 0x20, 0x66, 0x75, 0x6e, 0x63, 0x74, 0x69, 0x6f, 0x6e, 0x20, 
        0x63, 0x61, 0x70, 0x61, 0x63, 0x69, 0x74, 0x79, 0x28, 0x29, 0x20, 0x3a, 
        0x20, 0x75, 0x73, 0x69, 0x7a, 0x65, 0x0a, 0x20, 0x20, 0x20, 0x20, 0x7b, 
        0x0a, 0x20, 0x20, 0x20, 0x20, 0x20, 0x20, 0x20, 0x20, 0x72, 0x65, 0x74, 
        0x75, 0x72, 0x6e, 0x20, 0x24, 0x74, 0x68, 0x69, 0x73, 0x2d, 0x3e, 0x63, 
        0x61, 0x70, 0x3b, 0x0a, 0x20, 0x20, 0x20, 0x20, 0x7d, 0x0a, 0x0a, 0x20, 
        0x20, 0x20, 0x20, 0x2f, 0x2a, 0x2a, 0x0a, 0x20, 0x20, 0x20, 0x20, 0x20, 
        0x2a, 0x20, 0x54, 0x72, 0x75, 0x65, 0x20, 0x77, 0x68, 0x65, 0x6e, 0x20, 
        0x69, 0x74, 0x20, 0x68, 0x6f, 0x6c, 0x64, 0x73, 0x20, 0x6e, 0x6f, 0x20, 
        0x65, 0x6c, 0x65, 0x6d, 0x65, 0x6e, 0x74, 0x73, 0x2e, 0x20, 0x53, 0x61, 
        0x79, 0x73, 0x20, 0x6e, 0x6f, 0x74, 0x68, 0x69, 0x6e, 0x67, 0x20, 0x61, 
        0x62, 0x6f, 0x75, 0x74, 0x20, 0x63, 0x61, 0x70, 0x61, 0x63, 0x69, 0x74, 
        0x79, 0x2e, 0x0a, 0x20, 0x20, 0x20, 0x20, 0x20, 0x2a, 0x2f, 0x0a, 0x20, 
        0x20, 0x20, 0x20, 0x63, 0x6f, 0x6e, 0x73, 0x74, 0x20, 0x66, 0x75, 0x6e, 
        0x63, 0x74, 0x69, 0x6f, 0x6e, 0x20, 0x69, 0x73, 0x5f, 0x65, 0x6d, 0x70, 
        0x74, 0x79, 0x28, 0x29, 0x20, 0x3a, 0x20, 0x62, 0x6f, 0x6f, 0x6c, 0x0a, 
        0x20, 0x20, 0x20, 0x20, 0x7b, 0x0a, 0x20, 0x20, 0x20, 0x20, 0x20, 0x20, 
        0x20, 0x20, 0x69, 0x66, 0x20, 0x28, 0x24, 0x74, 0x68, 0x69, 0x73, 0x2d, 
        0x3e, 0x6c, 0x65, 0x6e, 0x20, 0x3e, 0x20, 0x30, 0x29, 0x20, 0x7b, 0x0a, 
        0x20, 0x20, 0x20, 0x20, 0x20, 0x20, 0x20, 0x20, 0x20, 0x20, 0x20, 0x20, 
        0x72, 0x65, 0x74, 0x75, 0x72, 0x6e, 0x20, 0x66, 0x61, 0x6c, 0x73, 0x65, 
        0x3b, 0x0a, 0x20, 0x20, 0x20, 0x20, 0x20, 0x20, 0x20, 0x20, 0x7d, 0x0a, 
        0x0a, 0x20, 0x20, 0x20, 0x20, 0x20, 0x20, 0x20, 0x20, 0x72, 0x65, 0x74, 
        0x75, 0x72, 0x6e, 0x20, 0x74, 0x72, 0x75, 0x65, 0x3b, 0x0a, 0x20, 0x20, 
        0x20, 0x20, 0x7d, 0x0a, 0x0a, 0x20, 0x20, 0x20, 0x20, 0x2f, 0x2a, 0x2a, 
        0x0a, 0x20, 0x20, 0x20, 0x20, 0x20, 0x2a, 0x20, 0x4d, 0x61, 0x6b, 0x65, 
        0x73, 0x20, 0x72, 0x6f, 0x6f, 0x6d, 0x20, 0x66, 0x6f, 0x72, 0x20, 0x61, 
        0x74, 0x20, 0x6c, 0x65, 0x61, 0x73, 0x74, 0x20, 0x60, 0x24, 0x63, 0x6f, 
        0x75, 0x6e, 0x74, 0x60, 0x20, 0x65, 0x6c, 0x65, 0x6d, 0x65, 0x6e, 0x74, 
        0x73, 0x20, 0x77, 0x69, 0x74, 0x68, 0x6f, 0x75, 0x74, 0x20, 0x63, 0x68, 
        0x61, 0x6e, 0x67, 0x69, 0x6e, 0x67, 0x20, 0x60, 0x63, 0x6f, 0x75, 0x6e, 
        0x74, 0x28, 0x29, 0x60, 0x2e, 0x0a, 0x20, 0x20, 0x20, 0x20, 0x20, 0x2a, 
        0x0a, 0x20, 0x20, 0x20, 0x20, 0x20, 0x2a, 0x20, 0x44, 0x6f, 0x75, 0x62, 
        0x6c, 0x69, 0x6e, 0x67, 0x20, 0x72, 0x61, 0x74, 0x68, 0x65, 0x72, 0x20, 
        0x74, 0x68, 0x61, 0x6e, 0x20, 0x66, 0x69, 0x74, 0x74, 0x69, 0x6e, 0x67, 
        0x20, 0x65, 0x78, 0x61, 0x63, 0x74, 0x6c, 0x79, 0x2c, 0x20, 0x73, 0x6f, 
        0x20, 0x61, 0x20, 0x72, 0x75, 0x6e, 0x20, 0x6f, 0x66, 0x20, 0x61, 0x70, 
        0x70, 0x65, 0x6e, 0x64, 0x73, 0x20, 0x63, 0x6f, 0x73, 0x74, 0x73, 0x20, 
        0x61, 0x6e, 0x20, 0x61, 0x6d, 0x6f, 0x72, 0x74, 0x69, 0x7a, 0x65, 0x64, 
        0x20, 0x63, 0x6f, 0x6e, 0x73, 0x74, 0x61, 0x6e, 0x74, 0x20, 0x65, 0x61, 
        0x63, 0x68, 0x0a, 0x20, 0x20, 0x20, 0x20, 0x20, 0x2a, 0x20, 0x69, 0x6e, 
        0x73, 0x74, 0x65, 0x61, 0x64, 0x20, 0x6f, 0x66, 0x20, 0x62, 0x65, 0x69, 
        0x6e, 0x67, 0x20, 0x4f, 0x28, 0x6e, 0xc2, 0xb2, 0x29, 0x2e, 0x20, 0x43, 
        0x61, 0x6c, 0x6c, 0x20, 0x69, 0x74, 0x20, 0x75, 0x70, 0x20, 0x66, 0x72, 
        0x6f, 0x6e, 0x74, 0x20, 0x77, 0x68, 0x65, 0x6e, 0x20, 0x79, 0x6f, 0x75, 
        0x20, 0x61, 0x6c, 0x72, 0x65, 0x61, 0x64, 0x79, 0x20, 0x6b, 0x6e, 0x6f, 
        0x77, 0x20, 0x74, 0x68, 0x65, 0x20, 0x73, 0x69, 0x7a, 0x65, 0x20, 0x2d, 
        0x20, 0x74, 0x68, 0x61, 0x74, 0x20, 0x69, 0x73, 0x20, 0x74, 0x68, 0x65, 
        0x20, 0x6f, 0x6e, 0x65, 0x0a, 0x20, 0x20, 0x20, 0x20, 0x20, 0x2a, 0x20, 
        0x61, 0x6c, 0x6c, 0x6f, 0x63, 0x61, 0x74, 0x69, 0x6f, 0x6e, 0x20, 0x66, 
        0x6f, 0x72, 0x20, 0x74, 0x68, 0x65, 0x20, 0x77, 0x68, 0x6f, 0x6c, 0x65, 
        0x20, 0x6c, 0x6f, 0x6f, 0x70, 0x2e, 0x0a, 0x20, 0x20, 0x20, 0x20, 0x20, 
        0x2a, 0x0a, 0x20, 0x20, 0x20, 0x20, 0x20, 0x2a, 0x20, 0x2a, 0x2a, 0x54, 
        0x68, 0x69, 0x73, 0x20, 0x6d, 0x61, 0x79, 0x20, 0x6d, 0x6f, 0x76, 0x65, 
        0x20, 0x74, 0x68, 0x65, 0x20, 0x62, 0x75, 0x66, 0x66, 0x65, 0x72, 0x2a, 
        0x2a, 0x2c, 0x20, 0x73, 0x6f, 0x20, 0x65, 0x76, 0x65, 0x72, 0x79, 0x20, 
        0x62, 0x6f, 0x72, 0x72, 0x6f, 0x77, 0x20, 0x69, 0x6e, 0x74, 0x6f, 0x20, 
        0x74, 0x68, 0x65, 0x20, 0x61, 0x72, 0x72, 0x61, 0x79, 0x20, 0x69, 0x73, 
        0x20, 0x73, 0x74, 0x61, 0x6c, 0x65, 0x20, 0x61, 0x66, 0x74, 0x65, 0x72, 
        0x77, 0x61, 0x72, 0x64, 0x73, 0x3a, 0x20, 0x65, 0x76, 0x65, 0x72, 0x79, 
        0x0a, 0x20, 0x20, 0x20, 0x20, 0x20, 0x2a, 0x20, 0x60, 0x73, 0x6c, 0x69, 
        0x63, 0x65, 0x3c, 0x54, 0x3e, 0x60, 0x20, 0x79, 0x6f, 0x75, 0x20, 0x74, 
        0x6f, 0x6f, 0x6b, 0x2c, 0x20, 0x65, 0x76, 0x65, 0x72, 0x79, 0x20, 0x60, 
        0x26, 0x24, 0x61, 0x5b, 0x24, 0x69, 0x5d, 0x60, 0x2e, 0x20, 0x53, 0x65, 
        0x65, 0x20, 0x62, 0x6f, 0x6f, 0x6b, 0x2f, 0x63, 0x6f, 0x6e, 0x63, 0x65, 
        0x70, 0x74, 0x2f, 0x61, 0x72, 0x72, 0x61, 0x79, 0x73, 0x2e, 0x6d, 0x64, 
        0x2c, 0x20, 0x22, 0x47, 0x72, 0x6f, 0x77, 0x74, 0x68, 0x20, 0x61, 0x6e, 
        0x64, 0x20, 0x69, 0x6e, 0x76, 0x61, 0x6c, 0x69, 0x64, 0x61, 0x74, 0x69, 
        0x6f, 0x6e, 0x22, 0x2e, 0x0a, 0x20, 0x20, 0x20, 0x20, 0x20, 0x2a, 0x2f, 
        0x0a, 0x20, 0x20, 0x20, 0x20, 0x66, 0x75, 0x6e, 0x63, 0x74, 0x69, 0x6f, 
        0x6e, 0x20, 0x72, 0x65, 0x73, 0x65, 0x72, 0x76, 0x65, 0x28, 0x75, 0x73, 
        0x69, 0x7a, 0x65, 0x20, 0x24, 0x63, 0x6f, 0x75, 0x6e, 0x74, 0x29, 0x20, 
        0x3a, 0x20, 0x76, 0x6f, 0x69, 0x64, 0x0a, 0x20, 0x20, 0x20, 0x20, 0x7b, 
        0x0a, 0x20, 0x20, 0x20, 0x20, 0x20, 0x20, 0x20, 0x20, 0x69, 0x66, 0x20, 
        0x28, 0x24, 0x74, 0x68, 0x69, 0x73, 0x2d, 0x3e, 0x63, 0x61, 0x70, 0x20, 
        0x3e, 0x3d, 0x20, 0x24, 0x63, 0x6f, 0x75, 0x6e, 0x74, 0x29, 0x20, 0x7b, 
        0x0a, 0x20, 0x20, 0x20, 0x20, 0x20, 0x20, 0x20, 0x20, 0x20, 0x20, 0x20, 
        0x20, 0x72, 0x65, 0x74, 0x75, 0x72, 0x6e, 0x3b, 0x0a, 0x20, 0x20, 0x20, 
        0x20, 0x20, 0x20, 0x20, 0x20, 0x7d, 0x0a, 0x0a, 0x20, 0x20, 0x20, 0x20, 
        0x20, 0x20, 0x20, 0x20, 0x75, 0x73, 0x69, 0x7a, 0x65, 0x20, 0x24, 0x67, 
        0x72, 0x6f, 0x77, 0x6e, 0x20, 0x3d, 0x20, 0x24, 0x74, 0x68, 0x69, 0x73, 
        0x2d, 0x3e, 0x63, 0x61, 0x70, 0x20, 0x2a, 0x20, 0x32, 0x3b, 0x0a, 0x0a, 
        0x20, 0x20, 0x20, 0x20, 0x20, 0x20, 0x20, 0x20, 0x69, 0x66, 0x20, 0x28, 
        0x24, 0x67, 0x72, 0x6f, 0x77, 0x6e, 0x20, 0x3c, 0x20, 0x24, 0x63, 0x6f, 
        0x75, 0x6e, 0x74, 0x29, 0x20, 0x7b, 0x0a, 0x20, 0x20, 0x20, 0x20, 0x20, 
        0x20, 0x20, 0x20, 0x20, 0x20, 0x20, 0x20, 0x24, 0x67, 0x72, 0x6f, 0x77, 
        0x6e, 0x20, 0x3d, 0x20, 0x24, 0x63, 0x6f, 0x75, 0x6e, 0x74, 0x3b, 0x0a, 
        0x20, 0x20, 0x20, 0x20, 0x20, 0x20, 0x20, 0x20, 0x7d, 0x0a, 0x0a, 0x20, 
        0x20, 0x20, 0x20, 0x20, 0x20, 0x20, 0x20, 0x2f, 0x2f, 0x20, 0x72, 0x65, 
        0x2d, 0x73, 0x65, 0x61, 0x74, 0x65, 0x64, 0x20, 0x74, 0x68, 0x72, 0x6f, 
        0x75, 0x67, 0x68, 0x20, 0x60, 0x3a, 0x24, 0x60, 0x2c, 0x20, 0x62, 0x65, 
        0x63, 0x61, 0x75, 0x73, 0x65, 0x20, 0x72, 0x65, 0x61, 0x6c, 0x6c, 0x6f, 
        0x63, 0x20, 0x68, 0x61, 0x6e, 0x64, 0x73, 0x20, 0x62, 0x61, 0x63, 0x6b, 
        0x20, 0x61, 0x6e, 0x20, 0x61, 0x64, 0x64, 0x72, 0x65, 0x73, 0x73, 0x20, 
        0x72, 0x61, 0x74, 0x68, 0x65, 0x72, 0x20, 0x74, 0x68, 0x61, 0x6e, 0x20, 
        0x77, 0x72, 0x69, 0x74, 0x69, 0x6e, 0x67, 0x20, 0x74, 0x68, 0x72, 0x6f, 
        0x75, 0x67, 0x68, 0x0a, 0x20, 0x20, 0x20, 0x20, 0x20, 0x20, 0x20, 0x20, 
        0x2f, 0x2f, 0x20, 0x74, 0x68, 0x65, 0x20, 0x6f, 0x6c, 0x64, 0x20, 0x6f, 
        0x6e, 0x65, 0x0a, 0x20, 0x20, 0x20, 0x20, 0x20, 0x20, 0x20, 0x20, 0x24, 
        0x74, 0x68, 0x69, 0x73, 0x2d, 0x3e, 0x64, 0x61, 0x74, 0x61, 0x3a, 0x24, 
        0x20, 0x3d, 0x20, 0x6d, 0x65, 0x6d, 0x3a, 0x3a, 0x72, 0x65, 0x61, 0x6c, 
        0x6c, 0x6f, 0x63, 0x3c, 0x54, 0x3e, 0x28, 0x24, 0x74, 0x68, 0x69, 0x73, 
        0x2d, 0x3e, 0x64, 0x61, 0x74, 0x61, 0x2c, 0x20, 0x24, 0x67, 0x72, 0x6f, 
        0x77, 0x6e, 0x29, 0x3b, 0x0a, 0x20, 0x20, 0x20, 0x20, 0x20, 0x20, 0x20, 
        0x20, 0x24, 0x74, 0x68, 0x69, 0x73, 0x2d, 0x3e, 0x63, 0x61, 0x70, 0x20, 
        0x3d, 0x20, 0x24, 0x67, 0x72, 0x6f, 0x77, 0x6e, 0x3b, 0x0a, 0x20, 0x20, 
        0x20, 0x20, 0x7d, 0x0a, 0x0a, 0x20, 0x20, 0x20, 0x20, 0x2f, 0x2a, 0x2a, 
        0x0a, 0x20, 0x20, 0x20, 0x20, 0x20, 0x2a, 0x20, 0x41, 0x70, 0x70, 0x65, 
        0x6e, 0x64, 0x73, 0x20, 0x6f, 0x6e, 0x65, 0x20, 0x65, 0x6c, 0x65, 0x6d, 
        0x65, 0x6e, 0x74, 0x2e, 0x20, 0x45, 0x78, 0x61, 0x63, 0x74, 0x6c, 0x79, 
        0x20, 0x77, 0x68, 0x61, 0x74, 0x20, 0x60, 0x24, 0x61, 0x5b, 0x5d, 0x20, 
        0x3d, 0x20, 0x24, 0x76, 0x61, 0x6c, 0x75, 0x65, 0x60, 0x20, 0x6d, 0x65, 
        0x61, 0x6e, 0x73, 0x2c, 0x20, 0x77, 0x72, 0x69, 0x74, 0x74, 0x65, 0x6e, 
        0x20, 0x61, 0x73, 0x20, 0x61, 0x20, 0x63, 0x61, 0x6c, 0x6c, 0x2e, 0x0a, 
        0x20, 0x20, 0x20, 0x20, 0x20, 0x2a, 0x0a, 0x20, 0x20, 0x20, 0x20, 0x20, 
        0x2a, 0x20, 0x54, 0x68, 0x65, 0x20, 0x62, 0x6f, 0x64, 0x79, 0x20, 0x2a, 
        0x69, 0x73, 0x2a, 0x20, 0x60, 0x24, 0x61, 0x5b, 0x5d, 0x20, 0x3d, 0x20, 
        0x24, 0x76, 0x61, 0x6c, 0x75, 0x65, 0x60, 0x2c, 0x20, 0x73, 0x6f, 0x20, 
        0x74, 0x68, 0x65, 0x20, 0x67, 0x72, 0x6f, 0x77, 0x74, 0x68, 0x2c, 0x20, 
        0x74, 0x68, 0x65, 0x20, 0x66, 0x72, 0x65, 0x73, 0x68, 0x2d, 0x73, 0x6c, 
        0x6f, 0x74, 0x20, 0x72, 0x75, 0x6c, 0x65, 0x20, 0x61, 0x6e, 0x64, 0x20, 
        0x74, 0x68, 0x65, 0x20, 0x61, 0x70, 0x70, 0x65, 0x6e, 0x64, 0x20, 0x69, 
        0x74, 0x73, 0x65, 0x6c, 0x66, 0x20, 0x68, 0x61, 0x76, 0x65, 0x0a, 0x20, 
        0x20, 0x20, 0x20, 0x20, 0x2a, 0x20, 0x6f, 0x6e, 0x65, 0x20, 0x69, 0x6d, 
        0x70, 0x6c, 0x65, 0x6d, 0x65, 0x6e, 0x74, 0x61, 0x74, 0x69, 0x6f, 0x6e, 
        0x20, 0x72, 0x61, 0x74, 0x68, 0x65, 0x72, 0x20, 0x74, 0x68, 0x61, 0x6e, 
        0x20, 0x74, 0x77, 0x6f, 0x20, 0x74, 0x68, 0x61, 0x74, 0x20, 0x63, 0x6f, 
        0x75, 0x6c, 0x64, 0x20, 0x64, 0x72, 0x69, 0x66, 0x74, 0x2e, 0x0a, 0x20, 
        0x20, 0x20, 0x20, 0x20, 0x2a, 0x2f, 0x0a, 0x20, 0x20, 0x20, 0x20, 0x66, 
        0x75, 0x6e, 0x63, 0x74, 0x69, 0x6f, 0x6e, 0x20, 0x70, 0x75, 0x73, 0x68, 
        0x28, 0x54, 0x20, 0x24, 0x76, 0x61, 0x6c, 0x75, 0x65, 0x29, 0x20, 0x3a, 
        0x20, 0x76, 0x6f, 0x69, 0x64, 0x0a, 0x20, 0x20, 0x20, 0x20, 0x7b, 0x0a, 
        0x20, 0x20, 0x20, 0x20, 0x20, 0x20, 0x20, 0x20, 0x24, 0x74, 0x68, 0x69, 
        0x73, 0x5b, 0x5d, 0x20, 0x3d, 0x20, 0x24, 0x76, 0x61, 0x6c, 0x75, 0x65, 
        0x3b, 0x0a, 0x20, 0x20, 0x20, 0x20, 0x7d, 0x0a, 0x0a, 0x20, 0x20, 0x20, 
        0x20, 0x2f, 0x2a, 0x2a, 0x0a, 0x20, 0x20, 0x20, 0x20, 0x20, 0x2a, 0x20, 
        0x47, 0x72, 0x6f, 0x77, 0x73, 0x20, 0x62, 0x79, 0x20, 0x6f, 0x6e, 0x65, 
        0x20, 0x61, 0x6e, 0x64, 0x20, 0x68, 0x61, 0x6e, 0x64, 0x73, 0x20, 0x62, 
        0x61, 0x63, 0x6b, 0x20, 0x61, 0x20, 0x62, 0x6f, 0x72, 0x72, 0x6f, 0x77, 
        0x20, 0x6f, 0x66, 0x20, 0x74, 0x68, 0x65, 0x20, 0x6e, 0x65, 0x77, 0x20, 
        0x65, 0x6c, 0x65, 0x6d, 0x65, 0x6e, 0x74, 0x2c, 0x20, 0x73, 0x6f, 0x20, 
        0x69, 0x74, 0x20, 0x63, 0x61, 0x6e, 0x20, 0x62, 0x65, 0x20, 0x66, 0x69, 
        0x6c, 0x6c, 0x65, 0x64, 0x20, 0x69, 0x6e, 0x20, 0x70, 0x6c, 0x61, 0x63, 
        0x65, 0x2e, 0x0a, 0x20, 0x20, 0x20, 0x20, 0x20, 0x2a, 0x0a, 0x20, 0x20, 
        0x20, 0x20, 0x20, 0x2a, 0x20, 0x46, 0x6f, 0x72, 0x20, 0x61, 0x20, 0x76, 
        0x61, 0x6c, 0x75, 0x65, 0x20, 0x74, 0x68, 0x61, 0x74, 0x20, 0x68, 0x61, 
        0x73, 0x20, 0x74, 0x6f, 0x20, 0x62, 0x65, 0x20, 0x62, 0x75, 0x69, 0x6c, 
        0x74, 0x20, 0x66, 0x69, 0x65, 0x6c, 0x64, 0x20, 0x62, 0x79, 0x20, 0x66, 
        0x69, 0x65, 0x6c, 0x64, 0x2c, 0x20, 0x77, 0x68, 0x69, 0x63, 0x68, 0x20, 
        0x69, 0x73, 0x20, 0x74, 0x68, 0x65, 0x20, 0x63, 0x61, 0x73, 0x65, 0x20, 
        0x61, 0x20, 0x73, 0x69, 0x6e, 0x67, 0x6c, 0x65, 0x20, 0x65, 0x78, 0x70, 
        0x72, 0x65, 0x73, 0x73, 0x69, 0x6f, 0x6e, 0x20, 0x63, 0x61, 0x6e, 0x6e, 
        0x6f, 0x74, 0x0a, 0x20, 0x20, 0x20, 0x20, 0x20, 0x2a, 0x20, 0x63, 0x6f, 
        0x76, 0x65, 0x72, 0x2e, 0x20, 0x60, 0x26, 0x24, 0x61, 0x5b, 0x5d, 0x60, 
        0x20, 0x69, 0x73, 0x20, 0x74, 0x68, 0x65, 0x20, 0x73, 0x61, 0x6d, 0x65, 
        0x20, 0x74, 0x68, 0x69, 0x6e, 0x67, 0x20, 0x77, 0x72, 0x69, 0x74, 0x74, 
        0x65, 0x6e, 0x20, 0x61, 0x73, 0x20, 0x61, 0x20, 0x70, 0x6c, 0x61, 0x63, 
        0x65, 0x2c, 0x20, 0x61, 0x6e, 0x64, 0x20, 0x72, 0x65, 0x61, 0x64, 0x73, 
        0x20, 0x62, 0x65, 0x74, 0x74, 0x65, 0x72, 0x20, 0x61, 0x74, 0x20, 0x6d, 
        0x6f, 0x73, 0x74, 0x20, 0x63, 0x61, 0x6c, 0x6c, 0x20, 0x73, 0x69, 0x74, 
        0x65, 0x73, 0x2e, 0x0a, 0x20, 0x20, 0x20, 0x20, 0x20, 0x2a, 0x0a, 0x20, 
        0x20, 0x20, 0x20, 0x20, 0x2a, 0x20, 0x54, 0x68, 0x65, 0x20, 0x73, 0x6c, 
        0x6f, 0x74, 0x20, 0x73, 0x74, 0x61, 0x72, 0x74, 0x73, 0x20, 0x6f, 0x75, 
        0x74, 0x20, 0x2a, 0x2a, 0x75, 0x6e, 0x69, 0x6e, 0x69, 0x74, 0x69, 0x61, 
        0x6c, 0x69, 0x7a, 0x65, 0x64, 0x2a, 0x2a, 0x20, 0x77, 0x68, 0x69, 0x6c, 
        0x65, 0x20, 0x60, 0x63, 0x6f, 0x75, 0x6e, 0x74, 0x28, 0x29, 0x60, 0x20, 
        0x68, 0x61, 0x73, 0x20, 0x61, 0x6c, 0x72, 0x65, 0x61, 0x64, 0x79, 0x20, 
        0x67, 0x72, 0x6f, 0x77, 0x6e, 0x2c, 0x20, 0x73, 0x6f, 0x20, 0x66, 0x69, 
        0x6c, 0x6c, 0x69, 0x6e, 0x67, 0x20, 0x69, 0x74, 0x20, 0x69, 0x73, 0x0a, 
        0x20, 0x20, 0x20, 0x20, 0x20, 0x2a, 0x20, 0x70, 0x61, 0x72, 0x74, 0x20, 
        0x6f, 0x66, 0x20, 0x74, 0x68, 0x65, 0x20, 0x63, 0x6f, 0x6e, 0x74, 0x72, 
        0x61, 0x63, 0x74, 0x20, 0x72, 0x61, 0x74, 0x68, 0x65, 0x72, 0x20, 0x74, 
        0x68, 0x61, 0x6e, 0x20, 0x61, 0x6e, 0x20, 0x6f, 0x70, 0x74, 0x69, 0x6f, 
        0x6e, 0x2e, 0x0a, 0x20, 0x20, 0x20, 0x20, 0x20, 0x2a, 0x2f, 0x0a, 0x20, 
        0x20, 0x20, 0x20, 0x66, 0x75, 0x6e, 0x63, 0x74, 0x69, 0x6f, 0x6e, 0x20, 
        0x70, 0x75, 0x73, 0x68, 0x5f, 0x73, 0x6c, 0x6f, 0x74, 0x28, 0x29, 0x20, 
        0x3a, 0x20, 0x54, 0x26, 0x0a, 0x20, 0x20, 0x20, 0x20, 0x7b, 0x0a, 0x20, 
        0x20, 0x20, 0x20, 0x20, 0x20, 0x20, 0x20, 0x72, 0x65, 0x74, 0x75, 0x72, 
        0x6e, 0x20, 0x26, 0x24, 0x74, 0x68, 0x69, 0x73, 0x5b, 0x5d, 0x3b, 0x0a, 
        0x20, 0x20, 0x20, 0x20, 0x7d, 0x0a, 0x0a, 0x20, 0x20, 0x20, 0x20, 0x2f, 
        0x2a, 0x2a, 0x0a, 0x20, 0x20, 0x20, 0x20, 0x20, 0x2a, 0x20, 0x52, 0x65, 
        0x6d, 0x6f, 0x76, 0x65, 0x73, 0x20, 0x74, 0x68, 0x65, 0x20, 0x6c, 0x61, 
        0x73, 0x74, 0x20, 0x65, 0x6c, 0x65, 0x6d, 0x65, 0x6e, 0x74, 0x20, 0x61, 
        0x6e, 0x64, 0x20, 0x68, 0x61, 0x6e, 0x64, 0x73, 0x20, 0x6f, 0x76, 0x65, 
        0x72, 0x20, 0x69, 0x74, 0x73, 0x20, 0x6f, 0x77, 0x6e, 0x65, 0x72, 0x73, 
        0x68, 0x69, 0x70, 0x2e, 0x0a, 0x20, 0x20, 0x20, 0x20, 0x20, 0x2a, 0x2f, 
        0x0a, 0x20, 0x20, 0x20, 0x20, 0x66, 0x75, 0x6e, 0x63, 0x74, 0x69, 0x6f, 
        0x6e, 0x20, 0x70, 0x6f, 0x70, 0x28, 0x29, 0x20, 0x3a, 0x20, 0x54, 0x0a, 
        0x20, 0x20, 0x20, 0x20, 0x7b, 0x0a, 0x20, 0x20, 0x20, 0x20, 0x20, 0x20, 
        0x20, 0x20, 0x61, 0x73, 0x73, 0x65, 0x72, 0x74, 0x28, 0x24, 0x74, 0x68, 
        0x69, 0x73, 0x2d, 0x3e, 0x6c, 0x65, 0x6e, 0x20, 0x3e, 0x20, 0x30, 0x2c, 
        0x20, 0x22, 0x70, 0x6f, 0x70, 0x20, 0x66, 0x72, 0x6f, 0x6d, 0x20, 0x61, 
        0x6e, 0x20, 0x65, 0x6d, 0x70, 0x74, 0x79, 0x20, 0x61, 0x72, 0x72, 0x61, 
        0x79, 0x22, 0x29, 0x3b, 0x0a, 0x0a, 0x20, 0x20, 0x20, 0x20, 0x20, 0x20, 
        0x20, 0x20, 0x24, 0x74, 0x68, 0x69, 0x73, 0x2d, 0x3e, 0x6c, 0x65, 0x6e, 
        0x20, 0x3d, 0x20, 0x24, 0x74, 0x68, 0x69, 0x73, 0x2d, 0x3e, 0x6c, 0x65, 
        0x6e, 0x20, 0x2d, 0x20, 0x31, 0x3b, 0x0a, 0x0a, 0x20, 0x20, 0x20, 0x20, 
        0x20, 0x20, 0x20, 0x20, 0x72, 0x65, 0x74, 0x75, 0x72, 0x6e, 0x20, 0x24, 
        0x74, 0x68, 0x69, 0x73, 0x2d, 0x3e, 0x64, 0x61, 0x74, 0x61, 0x3a, 0x24, 
        0x5b, 0x24, 0x74, 0x68, 0x69, 0x73, 0x2d, 0x3e, 0x6c, 0x65, 0x6e, 0x5d, 
        0x3b, 0x0a, 0x20, 0x20, 0x20, 0x20, 0x7d, 0x0a, 0x0a, 0x20, 0x20, 0x20, 
        0x20, 0x2f, 0x2a, 0x2a, 0x0a, 0x20, 0x20, 0x20, 0x20, 0x20, 0x2a, 0x20, 
        0x41, 0x20, 0x63, 0x6f, 0x70, 0x79, 0x20, 0x6f, 0x66, 0x20, 0x74, 0x68, 
        0x65, 0x20, 0x65, 0x6c, 0x65, 0x6d, 0x65, 0x6e, 0x74, 0x20, 0x61, 0x74, 
        0x20, 0x60, 0x24, 0x69, 0x6e, 0x64, 0x65, 0x78, 0x60, 0x2c, 0x20, 0x62, 
        0x6f, 0x75, 0x6e, 0x64, 0x73, 0x2d, 0x63, 0x68, 0x65, 0x63, 0x6b, 0x65, 
        0x64, 0x20, 0x69, 0x6e, 0x20, 0x65, 0x76, 0x65, 0x72, 0x79, 0x20, 0x62, 
        0x75, 0x69, 0x6c, 0x64, 0x2e, 0x0a, 0x20, 0x20, 0x20, 0x20, 0x20, 0x2a, 
        0x0a, 0x20, 0x20, 0x20, 0x20, 0x20, 0x2a, 0x20, 0x60, 0x24, 0x61, 0x5b, 
        0x24, 0x69, 0x6e, 0x64, 0x65, 0x78, 0x5d, 0x60, 0x20, 0x69, 0x73, 0x20, 
        0x74, 0x68, 0x65, 0x20, 0x73, 0x61, 0x6d, 0x65, 0x20, 0x65, 0x6c, 0x65, 
        0x6d, 0x65, 0x6e, 0x74, 0x20, 0x77, 0x69, 0x74, 0x68, 0x6f, 0x75, 0x74, 
        0x20, 0x74, 0x68, 0x65, 0x20, 0x63, 0x6f, 0x70, 0x79, 0x2c, 0x20, 0x61, 
        0x6e, 0x64, 0x20, 0x69, 0x73, 0x20, 0x77, 0x68, 0x61, 0x74, 0x20, 0x74, 
        0x6f, 0x20, 0x72, 0x65, 0x61, 0x63, 0x68, 0x20, 0x66, 0x6f, 0x72, 0x2e, 
        0x0a, 0x20, 0x20, 0x20, 0x20, 0x20, 0x2a, 0x2f, 0x0a, 0x20, 0x20, 0x20, 
        0x20, 0x63, 0x6f, 0x6e, 0x73, 0x74, 0x20, 0x66, 0x75, 0x6e, 0x63, 0x74, 
        0x69, 0x6f, 0x6e, 0x20, 0x67, 0x65, 0x74, 0x28, 0x75, 0x73, 0x69, 0x7a, 
        0x65, 0x20, 0x24, 0x69, 0x6e, 0x64, 0x65, 0x78, 0x29, 0x20, 0x3a, 0x20, 
        0x54, 0x0a, 0x20, 0x20, 0x20, 0x20, 0x7b, 0x0a, 0x20, 0x20, 0x20, 0x20, 
        0x20, 0x20, 0x20, 0x20, 0x72, 0x65, 0x74, 0x75, 0x72, 0x6e, 0x20, 0x24, 
        0x74, 0x68, 0x69, 0x73, 0x5b, 0x24, 0x69, 0x6e, 0x64, 0x65, 0x78, 0x5d, 
        0x3b, 0x0a, 0x20, 0x20, 0x20, 0x20, 0x7d, 0x0a, 0x0a, 0x20, 0x20, 0x20, 
        0x20, 0x2f, 0x2a, 0x2a, 0x0a, 0x20, 0x20, 0x20, 0x20, 0x20, 0x2a, 0x20, 
        0x41, 0x20, 0x62, 0x6f, 0x72, 0x72, 0x6f, 0x77, 0x20, 0x6f, 0x66, 0x20, 
        0x74, 0x68, 0x65, 0x20, 0x65, 0x6c, 0x65, 0x6d, 0x65, 0x6e, 0x74, 0x20, 
        0x61, 0x74, 0x20, 0x60, 0x24, 0x69, 0x6e, 0x64, 0x65, 0x78, 0x60, 0x2e, 
        0x20, 0x54, 0x68, 0x65, 0x20, 0x6d, 0x65, 0x74, 0x68, 0x6f, 0x64, 0x20, 
        0x66, 0x6f, 0x72, 0x6d, 0x20, 0x6f, 0x66, 0x20, 0x60, 0x24, 0x61, 0x5b, 
        0x24, 0x69, 0x6e, 0x64, 0x65, 0x78, 0x5d, 0x60, 0x2e, 0x0a, 0x20, 0x20, 
        0x20, 0x20, 0x20, 0x2a, 0x0a, 0x20, 0x20, 0x20, 0x20, 0x20, 0x2a, 0x20, 
        0x57, 0x72, 0x69, 0x74, 0x74, 0x65, 0x6e, 0x20, 0x2a, 0x74, 0x68, 0x72, 
        0x6f, 0x75, 0x67, 0x68, 0x2a, 0x20, 0x74, 0x68, 0x65, 0x20, 0x65, 0x6c, 
        0x65, 0x6d, 0x65, 0x6e, 0x74, 0x20, 0x6f, 0x70, 0x65, 0x72, 0x61, 0x74, 
        0x6f, 0x72, 0x2c, 0x20, 0x74, 0x68, 0x65, 0x20, 0x77, 0x61, 0x79, 0x20, 
        0x60, 0x70, 0x75, 0x73, 0x68, 0x28, 0x29, 0x60, 0x20, 0x69, 0x73, 0x20, 
        0x77, 0x72, 0x69, 0x74, 0x74, 0x65, 0x6e, 0x20, 0x74, 0x68, 0x72, 0x6f, 
        0x75, 0x67, 0x68, 0x20, 0x74, 0x68, 0x65, 0x20, 0x61, 0x70, 0x70, 0x65, 
        0x6e, 0x64, 0x20, 0x6f, 0x6e, 0x65, 0x3a, 0x0a, 0x20, 0x20, 0x20, 0x20, 
        0x20, 0x2a, 0x20, 0x74, 0x68, 0x65, 0x20, 0x62, 0x6f, 0x75, 0x6e, 0x64, 
        0x73, 0x20, 0x72, 0x75, 0x6c, 0x65, 0x20, 0x61, 0x6e, 0x64, 0x20, 0x69, 
        0x74, 0x73, 0x20, 0x6d, 0x65, 0x73, 0x73, 0x61, 0x67, 0x65, 0x20, 0x74, 
        0x68, 0x65, 0x6e, 0x20, 0x68, 0x61, 0x76, 0x65, 0x20, 0x6f, 0x6e, 0x65, 
        0x20, 0x69, 0x6d, 0x70, 0x6c, 0x65, 0x6d, 0x65, 0x6e, 0x74, 0x61, 0x74, 
        0x69, 0x6f, 0x6e, 0x20, 0x72, 0x61, 0x74, 0x68, 0x65, 0x72, 0x20, 0x74, 
        0x68, 0x61, 0x6e, 0x20, 0x74, 0x77, 0x6f, 0x20, 0x74, 0x68, 0x61, 0x74, 
        0x20, 0x63, 0x6f, 0x75, 0x6c, 0x64, 0x20, 0x64, 0x72, 0x69, 0x66, 0x74, 
        0x0a, 0x20, 0x20, 0x20, 0x20, 0x20, 0x2a, 0x20, 0x61, 0x70, 0x61, 0x72, 
        0x74, 0x2c, 0x20, 0x61, 0x6e, 0x64, 0x20, 0x60, 0x24, 0x61, 0x2d, 0x3e, 
        0x61, 0x74, 0x28, 0x24, 0x69, 0x29, 0x60, 0x20, 0x63, 0x61, 0x6e, 0x6e, 
        0x6f, 0x74, 0x20, 0x63, 0x6f, 0x6d, 0x65, 0x20, 0x74, 0x6f, 0x20, 0x6d, 
        0x65, 0x61, 0x6e, 0x20, 0x73, 0x6f, 0x6d, 0x65, 0x74, 0x68, 0x69, 0x6e, 
        0x67, 0x20, 0x60, 0x24, 0x61, 0x5b, 0x24, 0x69, 0x5d, 0x60, 0x20, 0x64, 
        0x6f, 0x65, 0x73, 0x20, 0x6e, 0x6f, 0x74, 0x2e, 0x0a, 0x20, 0x20, 0x20, 
        0x20, 0x20, 0x2a, 0x2f, 0x0a, 0x20, 0x20, 0x20, 0x20, 0x66, 0x75, 0x6e, 
        0x63, 0x74, 0x69, 0x6f, 0x6e, 0x20, 0x61, 0x74, 0x28, 0x75, 0x73, 0x69, 
        0x7a, 0x65, 0x20, 0x24, 0x69, 0x6e, 0x64, 0x65, 0x78, 0x29, 0x20, 0x3a, 
        0x20, 0x54, 0x26, 0x0a, 0x20, 0x20, 0x20, 0x20, 0x7b, 0x0a, 0x20, 0x20, 
        0x20, 0x20, 0x20, 0x20, 0x20, 0x20, 0x72, 0x65, 0x74, 0x75, 0x72, 0x6e, 
        0x20, 0x26, 0x24, 0x74, 0x68, 0x69, 0x73, 0x5b, 0x24, 0x69, 0x6e, 0x64, 
        0x65, 0x78, 0x5d, 0x3b, 0x0a, 0x20, 0x20, 0x20, 0x20, 0x7d, 0x0a, 0x0a, 
        0x20, 0x20, 0x20, 0x20, 0x2f, 0x2a, 0x2a, 0x0a, 0x20, 0x20, 0x20, 0x20, 
        0x20, 0x2a, 0x20, 0x54, 0x68, 0x65, 0x20, 0x73, 0x61, 0x6d, 0x65, 0x20, 
        0x62, 0x6f, 0x72, 0x72, 0x6f, 0x77, 0x2c, 0x20, 0x72, 0x65, 0x61, 0x64, 
        0x2d, 0x6f, 0x6e, 0x6c, 0x79, 0x2c, 0x20, 0x66, 0x6f, 0x72, 0x20, 0x77, 
        0x68, 0x65, 0x6e, 0x20, 0x74, 0x68, 0x65, 0x20, 0x61, 0x72, 0x72, 0x61, 
        0x79, 0x20, 0x69, 0x74, 0x73, 0x65, 0x6c, 0x66, 0x20, 0x69, 0x73, 0x20, 
        0x60, 0x63, 0x6f, 0x6e, 0x73, 0x74, 0x60, 0x2e, 0x0a, 0x20, 0x20, 0x20, 
        0x20, 0x20, 0x2a, 0x0a, 0x20, 0x20, 0x20, 0x20, 0x20, 0x2a, 0x20, 0x54, 
        0x68, 0x65, 0x20, 0x74, 0x77, 0x6f, 0x20, 0x61, 0x72, 0x65, 0x20, 0x6f, 
        0x6e, 0x65, 0x20, 0x6f, 0x76, 0x65, 0x72, 0x6c, 0x6f, 0x61, 0x64, 0x20, 
        0x73, 0x65, 0x74, 0x20, 0x74, 0x6f, 0x6c, 0x64, 0x20, 0x61, 0x70, 0x61, 
        0x72, 0x74, 0x20, 0x62, 0x79, 0x20, 0x74, 0x68, 0x65, 0x20, 0x72, 0x65, 
        0x63, 0x65, 0x69, 0x76, 0x65, 0x72, 0x3a, 0x20, 0x60, 0x24, 0x61, 0x2d, 
        0x3e, 0x61, 0x74, 0x28, 0x24, 0x69, 0x29, 0x60, 0x20, 0x6f, 0x6e, 0x20, 
        0x61, 0x20, 0x6d, 0x75, 0x74, 0x61, 0x62, 0x6c, 0x65, 0x20, 0x61, 0x72, 
        0x72, 0x61, 0x79, 0x20, 0x70, 0x69, 0x63, 0x6b, 0x73, 0x0a, 0x20, 0x20, 
        0x20, 0x20, 0x20, 0x2a, 0x20, 0x74, 0x68, 0x65, 0x20, 0x62, 0x6f, 0x72, 
        0x72, 0x6f, 0x77, 0x20, 0x61, 0x62, 0x6f, 0x76, 0x65, 0x20, 0x62, 0x65, 
        0x63, 0x61, 0x75, 0x73, 0x65, 0x20, 0x69, 0x74, 0x73, 0x20, 0x72, 0x65, 
        0x63, 0x65, 0x69, 0x76, 0x65, 0x72, 0x20, 0x6d, 0x61, 0x74, 0x63, 0x68, 
        0x65, 0x73, 0x20, 0x65, 0x78, 0x61, 0x63, 0x74, 0x6c, 0x79, 0x2c, 0x20, 
        0x61, 0x6e, 0x64, 0x20, 0x6f, 0x6e, 0x20, 0x61, 0x20, 0x60, 0x63, 0x6f, 
        0x6e, 0x73, 0x74, 0x60, 0x20, 0x6f, 0x6e, 0x65, 0x20, 0x6f, 0x6e, 0x6c, 
        0x79, 0x20, 0x74, 0x68, 0x69, 0x73, 0x20, 0x72, 0x65, 0x61, 0x63, 0x68, 
        0x65, 0x73, 0x2e, 0x0a, 0x20, 0x20, 0x20, 0x20, 0x20, 0x2a, 0x20, 0x57, 
        0x72, 0x69, 0x74, 0x74, 0x65, 0x6e, 0x20, 0x74, 0x68, 0x72, 0x6f, 0x75, 
        0x67, 0x68, 0x20, 0x74, 0x68, 0x65, 0x20, 0x63, 0x6f, 0x6e, 0x73, 0x74, 
        0x20, 0x65, 0x6c, 0x65, 0x6d, 0x65, 0x6e, 0x74, 0x20, 0x6f, 0x70, 0x65, 
        0x72, 0x61, 0x74, 0x6f, 0x72, 0x20, 0x66, 0x6f, 0x72, 0x20, 0x74, 0x68, 
        0x65, 0x20, 0x72, 0x65, 0x61, 0x73, 0x6f, 0x6e, 0x20, 0x74, 0x68, 0x65, 
        0x20, 0x6d, 0x75, 0x74, 0x61, 0x62, 0x6c, 0x65, 0x20, 0x66, 0x6f, 0x72, 
        0x6d, 0x20, 0x69, 0x73, 0x20, 0x77, 0x72, 0x69, 0x74, 0x74, 0x65, 0x6e, 
        0x20, 0x74, 0x68, 0x72, 0x6f, 0x75, 0x67, 0x68, 0x0a, 0x20, 0x20, 0x20, 
        0x20, 0x20, 0x2a, 0x20, 0x74, 0x68, 0x65, 0x20, 0x6d, 0x75, 0x74, 0x61, 
        0x62, 0x6c, 0x65, 0x20, 0x6f, 0x6e, 0x65, 0x2e, 0x0a, 0x20, 0x20, 0x20, 
        0x20, 0x20, 0x2a, 0x2f, 0x0a, 0x20, 0x20, 0x20, 0x20, 0x63, 0x6f, 0x6e, 
        0x73, 0x74, 0x20, 0x66, 0x75, 0x6e, 0x63, 0x74, 0x69, 0x6f, 0x6e, 0x20, 
        0x61, 0x74, 0x28, 0x75, 0x73, 0x69, 0x7a, 0x65, 0x20, 0x24, 0x69, 0x6e, 
        0x64, 0x65, 0x78, 0x29, 0x20, 0x3a, 0x20, 0x63, 0x6f, 0x6e, 0x73, 0x74, 
        0x20, 0x54, 0x26, 0x0a, 0x20, 0x20, 0x20, 0x20, 0x7b, 0x0a, 0x20, 0x20, 
        0x20, 0x20, 0x20, 0x20, 0x20, 0x20, 0x72, 0x65, 0x74, 0x75, 0x72, 0x6e, 
        0x20, 0x26, 0x24, 0x74, 0x68, 0x69, 0x73, 0x5b, 0x24, 0x69, 0x6e, 0x64, 
        0x65, 0x78, 0x5d, 0x3b, 0x0a, 0x20, 0x20, 0x20, 0x20, 0x7d, 0x0a, 0x0a, 
        0x20, 0x20, 0x20, 0x20, 0x2f, 0x2a, 0x2a, 0x0a, 0x20, 0x20, 0x20, 0x20, 
        0x20, 0x2a, 0x20, 0x46, 0x6f, 0x72, 0x67, 0x65, 0x74, 0x73, 0x20, 0x65, 
        0x76, 0x65, 0x72, 0x79, 0x20, 0x65, 0x6c, 0x65, 0x6d, 0x65, 0x6e, 0x74, 
        0x20, 0x61, 0x6e, 0x64, 0x20, 0x6b, 0x65, 0x65, 0x70, 0x73, 0x20, 0x74, 
        0x68, 0x65, 0x20, 0x62, 0x75, 0x66, 0x66, 0x65, 0x72, 0x2c, 0x20, 0x73, 
        0x6f, 0x20, 0x74, 0x68, 0x65, 0x20, 0x6e, 0x65, 0x78, 0x74, 0x20, 0x66, 
        0x69, 0x6c, 0x6c, 0x20, 0x72, 0x65, 0x75, 0x73, 0x65, 0x73, 0x20, 0x74, 
        0x68, 0x65, 0x20, 0x61, 0x6c, 0x6c, 0x6f, 0x63, 0x61, 0x74, 0x69, 0x6f, 
        0x6e, 0x2e, 0x0a, 0x20, 0x20, 0x20, 0x20, 0x20, 0x2a, 0x2f, 0x0a, 0x20, 
        0x20, 0x20, 0x20, 0x66, 0x75, 0x6e, 0x63, 0x74, 0x69, 0x6f, 0x6e, 0x20, 
        0x63, 0x6c, 0x65, 0x61, 0x72, 0x28, 0x29, 0x20, 0x3a, 0x20, 0x76, 0x6f, 
        0x69, 0x64, 0x0a, 0x20, 0x20, 0x20, 0x20, 0x7b, 0x0a, 0x20, 0x20, 0x20, 
        0x20, 0x20, 0x20, 0x20, 0x20, 0x24, 0x74, 0x68, 0x69, 0x73, 0x2d, 0x3e, 
        0x6c, 0x65, 0x6e, 0x20, 0x3d, 0x20, 0x30, 0x3b, 0x0a, 0x20, 0x20, 0x20, 
        0x20, 0x7d, 0x0a, 0x0a, 0x20, 0x20, 0x20, 0x20, 0x2f, 0x2a, 0x2a, 0x0a, 
        0x20, 0x20, 0x20, 0x20, 0x20, 0x2a, 0x20, 0x41, 0x20, 0x62, 0x6f, 0x72, 
        0x72, 0x6f, 0x77, 0x65, 0x64, 0x20, 0x77, 0x69, 0x6e, 0x64, 0x6f, 0x77, 
        0x20, 0x6f, 0x76, 0x65, 0x72, 0x20, 0x65, 0x76, 0x65, 0x72, 0x79, 0x74, 
        0x68, 0x69, 0x6e, 0x67, 0x2e, 0x0a, 0x20, 0x20, 0x20, 0x20, 0x20, 0x2a, 
        0x0a, 0x20, 0x20, 0x20, 0x20, 0x20, 0x2a, 0x20, 0x57, 0x72, 0x69, 0x74, 
        0x74, 0x65, 0x6e, 0x20, 0x6f, 0x75, 0x74, 0x20, 0x72, 0x61, 0x74, 0x68, 
        0x65, 0x72, 0x20, 0x74, 0x68, 0x61, 0x6e, 0x20, 0x69, 0x6d, 0x70, 0x6c, 
        0x69, 0x63, 0x69, 0x74, 0x2e, 0x20, 0x41, 0x6e, 0x20, 0x60, 0x61, 0x72, 
        0x72, 0x61, 0x79, 0x3c, 0x54, 0x3e, 0x60, 0x20, 0x64, 0x6f, 0x65, 0x73, 
        0x20, 0x6e, 0x6f, 0x74, 0x20, 0x73, 0x69, 0x6c, 0x65, 0x6e, 0x74, 0x6c, 
        0x79, 0x20, 0x64, 0x65, 0x63, 0x61, 0x79, 0x20, 0x74, 0x6f, 0x20, 0x61, 
        0x20, 0x60, 0x73, 0x6c, 0x69, 0x63, 0x65, 0x3c, 0x54, 0x3e, 0x60, 0x20, 
        0x61, 0x74, 0x20, 0x61, 0x0a, 0x20, 0x20, 0x20, 0x20, 0x20, 0x2a, 0x20, 
        0x63, 0x61, 0x6c, 0x6c, 0x20, 0x73, 0x69, 0x74, 0x65, 0x20, 0x2d, 0x20, 
        0x74, 0x68, 0x65, 0x20, 0x63, 0x6f, 0x6e, 0x76, 0x65, 0x72, 0x73, 0x69, 
        0x6f, 0x6e, 0x20, 0x61, 0x6c, 0x6c, 0x6f, 0x63, 0x61, 0x74, 0x65, 0x73, 
        0x20, 0x6e, 0x6f, 0x74, 0x68, 0x69, 0x6e, 0x67, 0x2c, 0x20, 0x62, 0x75, 
        0x74, 0x20, 0x69, 0x74, 0x20, 0x64, 0x6f, 0x65, 0x73, 0x20, 0x68, 0x61, 
        0x6e, 0x64, 0x20, 0x6f, 0x75, 0x74, 0x20, 0x61, 0x20, 0x62, 0x6f, 0x72, 
        0x72, 0x6f, 0x77, 0x2c, 0x20, 0x61, 0x6e, 0x64, 0x20, 0x68, 0x61, 0x6e, 
        0x64, 0x69, 0x6e, 0x67, 0x20, 0x6f, 0x75, 0x74, 0x0a, 0x20, 0x20, 0x20, 
        0x20, 0x20, 0x2a, 0x20, 0x61, 0x20, 0x62, 0x6f, 0x72, 0x72, 0x6f, 0x77, 
        0x20, 0x69, 0x73, 0x20, 0x61, 0x20, 0x64, 0x65, 0x63, 0x69, 0x73, 0x69, 
        0x6f, 0x6e, 0x20, 0x79, 0x6f, 0x75, 0x20, 0x73, 0x68, 0x6f, 0x75, 0x6c, 
        0x64, 0x20, 0x73, 0x65, 0x65, 0x2e, 0x20, 0x54, 0x68, 0x61, 0x74, 0x20, 
        0x69, 0x73, 0x20, 0x61, 0x20, 0x63, 0x68, 0x6f, 0x69, 0x63, 0x65, 0x2c, 
        0x20, 0x6e, 0x6f, 0x74, 0x20, 0x61, 0x20, 0x6c, 0x69, 0x6d, 0x69, 0x74, 
        0x61, 0x74, 0x69, 0x6f, 0x6e, 0x2e, 0x0a, 0x20, 0x20, 0x20, 0x20, 0x20, 
        0x2a, 0x2f, 0x0a, 0x20, 0x20, 0x20, 0x20, 0x66, 0x75, 0x6e, 0x63, 0x74, 
        0x69, 0x6f, 0x6e, 0x20, 0x73, 0x75, 0x62, 0x28, 0x29, 0x20, 0x3a, 0x20, 
        0x73, 0x6c, 0x69, 0x63, 0x65, 0x3c, 0x54, 0x3e, 0x0a, 0x20, 0x20, 0x20, 
        0x20, 0x7b, 0x0a, 0x20, 0x20, 0x20, 0x20, 0x20, 0x20, 0x20, 0x20, 0x72, 
        0x65, 0x74, 0x75, 0x72, 0x6e, 0x20, 0x24, 0x74, 0x68, 0x69, 0x73, 0x2d, 
        0x3e, 0x73, 0x75, 0x62, 0x28, 0x30, 0x2c, 0x20, 0x24, 0x74, 0x68, 0x69, 
        0x73, 0x2d, 0x3e, 0x6c, 0x65, 0x6e, 0x29, 0x3b, 0x0a, 0x20, 0x20, 0x20, 
        0x20, 0x7d, 0x0a, 0x0a, 0x20, 0x20, 0x20, 0x20, 0x2f, 0x2a, 0x2a, 0x0a, 
        0x20, 0x20, 0x20, 0x20, 0x20, 0x2a, 0x20, 0x41, 0x20, 0x62, 0x6f, 0x72, 
        0x72, 0x6f, 0x77, 0x65, 0x64, 0x20, 0x77, 0x69, 0x6e, 0x64, 0x6f, 0x77, 
        0x20, 0x6f, 0x76, 0x65, 0x72, 0x20, 0x60, 0x24, 0x63, 0x6f, 0x75, 0x6e, 
        0x74, 0x60, 0x20, 0x65, 0x6c, 0x65, 0x6d, 0x65, 0x6e, 0x74, 0x73, 0x20, 
        0x66, 0x72, 0x6f, 0x6d, 0x20, 0x60, 0x24, 0x66, 0x72, 0x6f, 0x6d, 0x60, 
        0x2e, 0x0a, 0x20, 0x20, 0x20, 0x20, 0x20, 0x2a, 0x0a, 0x20, 0x20, 0x20, 
        0x20, 0x20, 0x2a, 0x20, 0x4e, 0x61, 0x6d, 0x65, 0x64, 0x20, 0x60, 0x73, 
        0x75, 0x62, 0x60, 0x20, 0x72, 0x61, 0x74, 0x68, 0x65, 0x72, 0x20, 0x74, 
        0x68, 0x61, 0x6e, 0x20, 0x60, 0x73, 0x6c, 0x69, 0x63, 0x65, 0x60, 0x20, 
        0x74, 0x6f, 0x20, 0x6d, 0x61, 0x74, 0x63, 0x68, 0x20, 0x60, 0x73, 0x6c, 
        0x69, 0x63, 0x65, 0x3c, 0x54, 0x3e, 0x3a, 0x3a, 0x73, 0x75, 0x62, 0x60, 
        0x20, 0x61, 0x6e, 0x64, 0x20, 0x60, 0x73, 0x74, 0x72, 0x69, 0x6e, 0x67, 
        0x3a, 0x3a, 0x76, 0x69, 0x65, 0x77, 0x3a, 0x3a, 0x73, 0x75, 0x62, 0x60, 
        0x20, 0x2d, 0x20, 0x6f, 0x6e, 0x65, 0x20, 0x77, 0x6f, 0x72, 0x64, 0x20, 
        0x66, 0x6f, 0x72, 0x0a, 0x20, 0x20, 0x20, 0x20, 0x20, 0x2a, 0x20, 0x22, 
        0x61, 0x20, 0x6e, 0x61, 0x72, 0x72, 0x6f, 0x77, 0x65, 0x72, 0x20, 0x77, 
        0x69, 0x6e, 0x64, 0x6f, 0x77, 0x20, 0x6f, 0x76, 0x65, 0x72, 0x20, 0x74, 
        0x68, 0x65, 0x20, 0x73, 0x61, 0x6d, 0x65, 0x20, 0x62, 0x79, 0x74, 0x65, 
        0x73, 0x22, 0x2c, 0x20, 0x77, 0x68, 0x65, 0x72, 0x65, 0x76, 0x65, 0x72, 
        0x20, 0x79, 0x6f, 0x75, 0x20, 0x61, 0x73, 0x6b, 0x20, 0x66, 0x6f, 0x72, 
        0x20, 0x6f, 0x6e, 0x65, 0x2e, 0x0a, 0x20, 0x20, 0x20, 0x20, 0x20, 0x2a, 
        0x2f, 0x0a, 0x20, 0x20, 0x20, 0x20, 0x66, 0x75, 0x6e, 0x63, 0x74, 0x69, 
        0x6f, 0x6e, 0x20, 0x73, 0x75, 0x62, 0x28, 0x75, 0x73, 0x69, 0x7a, 0x65, 
        0x20, 0x24, 0x66, 0x72, 0x6f, 0x6d, 0x2c, 0x20, 0x75, 0x73, 0x69, 0x7a, 
        0x65, 0x20, 0x24, 0x63, 0x6f, 0x75, 0x6e, 0x74, 0x29, 0x20, 0x3a, 0x20, 
        0x73, 0x6c, 0x69, 0x63, 0x65, 0x3c, 0x54, 0x3e, 0x0a, 0x20, 0x20, 0x20, 
        0x20, 0x7b, 0x0a, 0x20, 0x20, 0x20, 0x20, 0x20, 0x20, 0x20, 0x20, 0x61, 
        0x73, 0x73, 0x65, 0x72, 0x74, 0x28, 0x24, 0x66, 0x72, 0x6f, 0x6d, 0x20, 
        0x3c, 0x3d, 0x20, 0x24, 0x74, 0x68, 0x69, 0x73, 0x2d, 0x3e, 0x6c, 0x65, 
        0x6e, 0x2c, 0x20, 0x22, 0x73, 0x6c, 0x69, 0x63, 0x65, 0x20, 0x73, 0x74, 
        0x61, 0x72, 0x74, 0x20, 0x6f, 0x75, 0x74, 0x20, 0x6f, 0x66, 0x20, 0x72, 
        0x61, 0x6e, 0x67, 0x65, 0x22, 0x29, 0x3b, 0x0a, 0x20, 0x20, 0x20, 0x20, 
        0x20, 0x20, 0x20, 0x20, 0x61, 0x73, 0x73, 0x65, 0x72, 0x74, 0x28, 0x24, 
        0x63, 0x6f, 0x75, 0x6e, 0x74, 0x20, 0x3c, 0x3d, 0x20, 0x24, 0x74, 0x68, 
        0x69, 0x73, 0x2d, 0x3e, 0x6c, 0x65, 0x6e, 0x20, 0x2d, 0x20, 0x24, 0x66, 
        0x72, 0x6f, 0x6d, 0x2c, 0x20, 0x22, 0x73, 0x6c, 0x69, 0x63, 0x65, 0x20, 
        0x6c, 0x65, 0x6e, 0x67, 0x74, 0x68, 0x20, 0x6f, 0x75, 0x74, 0x20, 0x6f, 
        0x66, 0x20, 0x72, 0x61, 0x6e, 0x67, 0x65, 0x22, 0x29, 0x3b, 0x0a, 0x0a, 
        0x20, 0x20, 0x20, 0x20, 0x20, 0x20, 0x20, 0x20, 0x72, 0x65, 0x74, 0x75, 
        0x72, 0x6e, 0x20, 0x73, 0x6c, 0x69, 0x63, 0x65, 0x3c, 0x54, 0x3e, 0x28, 
        0x24, 0x74, 0x68, 0x69, 0x73, 0x2d, 0x3e, 0x64, 0x61, 0x74, 0x61, 0x3a, 
        0x24, 0x20, 0x2b, 0x20, 0x24, 0x66, 0x72, 0x6f, 0x6d, 0x2c, 0x20, 0x24, 
        0x63, 0x6f, 0x75, 0x6e, 0x74, 0x29, 0x3b, 0x0a, 0x20, 0x20, 0x20, 0x20, 
        0x7d, 0x0a, 0x0a, 0x20, 0x20, 0x20, 0x20, 0x2f, 0x2a, 0x2a, 0x0a, 0x20, 
        0x20, 0x20, 0x20, 0x20, 0x2a, 0x20, 0x41, 0x20, 0x63, 0x75, 0x72, 0x73, 
        0x6f, 0x72, 0x20, 0x6f, 0x76, 0x65, 0x72, 0x20, 0x74, 0x68, 0x65, 0x20, 
        0x65, 0x6c, 0x65, 0x6d, 0x65, 0x6e, 0x74, 0x73, 0x2e, 0x0a, 0x20, 0x20, 
        0x20, 0x20, 0x20, 0x2a, 0x0a, 0x20, 0x20, 0x20, 0x20, 0x20, 0x2a, 0x20, 
        0x57, 0x72, 0x69, 0x74, 0x74, 0x65, 0x6e, 0x20, 0x2a, 0x74, 0x68, 0x72, 
        0x6f, 0x75, 0x67, 0x68, 0x2a, 0x20, 0x60, 0x2d, 0x3e, 0x73, 0x75, 0x62, 
        0x28, 0x29, 0x60, 0x20, 0x73, 0x6f, 0x20, 0x74, 0x68, 0x65, 0x20, 0x77, 
        0x69, 0x6e, 0x64, 0x6f, 0x77, 0x20, 0x72, 0x75, 0x6c, 0x65, 0x73, 0x20, 
        0x68, 0x61, 0x76, 0x65, 0x20, 0x6f, 0x6e, 0x65, 0x20, 0x69, 0x6d, 0x70, 
        0x6c, 0x65, 0x6d, 0x65, 0x6e, 0x74, 0x61, 0x74, 0x69, 0x6f, 0x6e, 0x20, 
        0x61, 0x6e, 0x64, 0x20, 0x74, 0x68, 0x69, 0x73, 0x20, 0x63, 0x61, 0x6e, 
        0x6e, 0x6f, 0x74, 0x20, 0x64, 0x72, 0x69, 0x66, 0x74, 0x0a, 0x20, 0x20, 
        0x20, 0x20, 0x20, 0x2a, 0x20, 0x66, 0x72, 0x6f, 0x6d, 0x20, 0x77, 0x68, 
        0x61, 0x74, 0x20, 0x60, 0x24, 0x61, 0x2d, 0x3e, 0x73, 0x75, 0x62, 0x28, 
        0x29, 0x60, 0x20, 0x68, 0x61, 0x6e, 0x64, 0x73, 0x20, 0x6f, 0x75, 0x74, 
        0x2e, 0x0a, 0x20, 0x20, 0x20, 0x20, 0x20, 0x2a, 0x2f, 0x0a, 0x20, 0x20, 
        0x20, 0x20, 0x66, 0x75, 0x6e, 0x63, 0x74, 0x69, 0x6f, 0x6e, 0x20, 0x69, 
        0x74, 0x65, 0x72, 0x61, 0x74, 0x65, 0x28, 0x29, 0x20, 0x3a, 0x20, 0x73, 
        0x6c, 0x69, 0x63, 0x65, 0x5f, 0x69, 0x74, 0x65, 0x72, 0x61, 0x74, 0x6f, 
        0x72, 0x3c, 0x54, 0x3e, 0x0a, 0x20, 0x20, 0x20, 0x20, 0x7b, 0x0a, 0x20, 
        0x20, 0x20, 0x20, 0x20, 0x20, 0x20, 0x20, 0x72, 0x65, 0x74, 0x75, 0x72, 
        0x6e, 0x20, 0x73, 0x6c, 0x69, 0x63, 0x65, 0x5f, 0x69, 0x74, 0x65, 0x72, 
        0x61, 0x74, 0x6f, 0x72, 0x3c, 0x54, 0x3e, 0x28, 0x24, 0x74, 0x68, 0x69, 
        0x73, 0x2d, 0x3e, 0x73, 0x75, 0x62, 0x28, 0x29, 0x29, 0x3b, 0x0a, 0x20, 
        0x20, 0x20, 0x20, 0x7d, 0x0a, 0x0a, 0x20, 0x20, 0x20, 0x20, 0x2f, 0x2a, 
        0x2a, 0x0a, 0x20, 0x20, 0x20, 0x20, 0x20, 0x2a, 0x20, 0x41, 0x6e, 0x20, 
        0x65, 0x78, 0x70, 0x6c, 0x69, 0x63, 0x69, 0x74, 0x20, 0x64, 0x65, 0x65, 
        0x70, 0x20, 0x63, 0x6f, 0x70, 0x79, 0x20, 0x2d, 0x20, 0x74, 0x68, 0x65, 
        0x20, 0x73, 0x61, 0x6d, 0x65, 0x20, 0x74, 0x68, 0x69, 0x6e, 0x67, 0x20, 
        0x60, 0x24, 0x62, 0x20, 0x3d, 0x20, 0x24, 0x61, 0x60, 0x20, 0x64, 0x6f, 
        0x65, 0x73, 0x2c, 0x20, 0x73, 0x61, 0x69, 0x64, 0x20, 0x6f, 0x75, 0x74, 
        0x20, 0x6c, 0x6f, 0x75, 0x64, 0x20, 0x61, 0x74, 0x20, 0x74, 0x68, 0x65, 
        0x20, 0x63, 0x61, 0x6c, 0x6c, 0x20, 0x73, 0x69, 0x74, 0x65, 0x2e, 0x0a, 
        0x20, 0x20, 0x20, 0x20, 0x20, 0x2a, 0x2f, 0x0a, 0x20, 0x20, 0x20, 0x20, 
        0x63, 0x6f, 0x6e, 0x73, 0x74, 0x20, 0x66, 0x75, 0x6e, 0x63, 0x74, 0x69, 
        0x6f, 0x6e, 0x20, 0x63, 0x6c, 0x6f, 0x6e, 0x65, 0x28, 0x29, 0x20, 0x3a, 
        0x20, 0x61, 0x72, 0x72, 0x61, 0x79, 0x3c, 0x54, 0x3e, 0x0a, 0x20, 0x20, 
        0x20, 0x20, 0x7b, 0x0a, 0x20, 0x20, 0x20, 0x20, 0x20, 0x20, 0x20, 0x20, 
        0x72, 0x65, 0x74, 0x75, 0x72, 0x6e, 0x20, 0x61, 0x72, 0x72, 0x61, 0x79, 
        0x3c, 0x54, 0x3e, 0x28, 0x24, 0x74, 0x68, 0x69, 0x73, 0x29, 0x3b, 0x0a, 
        0x20, 0x20, 0x20, 0x20, 0x7d, 0x0a, 0x7d, 0x0a, 0x0a, 0x2f, 0x2a, 0x2a, 
        0x0a, 0x20, 0x2a, 0x20, 0x54, 0x68, 0x65, 0x20, 0x65, 0x6c, 0x65, 0x6d, 
        0x65, 0x6e, 0x74, 0x20, 0x63, 0x6f, 0x6e, 0x74, 0x72, 0x61, 0x63, 0x74, 
        0x2e, 0x20, 0x60, 0x24, 0x61, 0x5b, 0x24, 0x69, 0x5d, 0x60, 0x20, 0x72, 
        0x65, 0x61, 0x64, 0x73, 0x2c, 0x20, 0x77, 0x72, 0x69, 0x74, 0x65, 0x73, 
        0x2c, 0x20, 0x74, 0x61, 0x6b, 0x65, 0x73, 0x20, 0x60, 0x26, 0x60, 0x20, 
        0x61, 0x6e, 0x64, 0x20, 0x63, 0x68, 0x61, 0x69, 0x6e, 0x73, 0x20, 0x77, 
        0x69, 0x74, 0x68, 0x20, 0x60, 0x2d, 0x3e, 0x60, 0x2c, 0x20, 0x61, 0x6c, 
        0x6c, 0x20, 0x74, 0x68, 0x72, 0x6f, 0x75, 0x67, 0x68, 0x20, 0x74, 0x68, 
        0x65, 0x0a, 0x20, 0x2a, 0x20, 0x62, 0x6f, 0x72, 0x72, 0x6f, 0x77, 0x20, 
        0x74, 0x68, 0x69, 0x73, 0x20, 0x68, 0x61, 0x6e, 0x64, 0x73, 0x20, 0x62, 
        0x61, 0x63, 0x6b, 0x2c, 0x20, 0x62, 0x65, 0x63, 0x61, 0x75, 0x73, 0x65, 
        0x20, 0x61, 0x20, 0x70, 0x6c, 0x61, 0x63, 0x65, 0x20, 0x69, 0x73, 0x20, 
        0x65, 0x78, 0x61, 0x63, 0x74, 0x6c, 0x79, 0x20, 0x61, 0x6e, 0x20, 0x61, 
        0x64, 0x64, 0x72, 0x65, 0x73, 0x73, 0x20, 0x70, 0x6c, 0x75, 0x73, 0x20, 
        0x77, 0x68, 0x61, 0x74, 0x20, 0x69, 0x73, 0x20, 0x73, 0x74, 0x6f, 0x72, 
        0x65, 0x64, 0x20, 0x61, 0x74, 0x20, 0x69, 0x74, 0x2e, 0x0a, 0x20, 0x2a, 
        0x0a, 0x20, 0x2a, 0x20, 0x42, 0x6f, 0x75, 0x6e, 0x64, 0x73, 0x2d, 0x63, 
        0x68, 0x65, 0x63, 0x6b, 0x65, 0x64, 0x20, 0x77, 0x69, 0x74, 0x68, 0x20, 
        0x60, 0x61, 0x73, 0x73, 0x65, 0x72, 0x74, 0x60, 0x2c, 0x20, 0x73, 0x6f, 
        0x20, 0x61, 0x20, 0x64, 0x65, 0x62, 0x75, 0x67, 0x20, 0x62, 0x75, 0x69, 
        0x6c, 0x64, 0x20, 0x63, 0x61, 0x74, 0x63, 0x68, 0x65, 0x73, 0x20, 0x74, 
        0x68, 0x65, 0x20, 0x6d, 0x69, 0x73, 0x74, 0x61, 0x6b, 0x65, 0x20, 0x61, 
        0x6e, 0x64, 0x20, 0x61, 0x20, 0x72, 0x65, 0x6c, 0x65, 0x61, 0x73, 0x65, 
        0x20, 0x62, 0x75, 0x69, 0x6c, 0x64, 0x20, 0x70, 0x61, 0x79, 0x73, 0x0a, 
        0x20, 0x2a, 0x20, 0x6e, 0x6f, 0x74, 0x68, 0x69, 0x6e, 0x67, 0x20, 0x2d, 
        0x20, 0x74, 0x68, 0x65, 0x20, 0x73, 0x61, 0x6d, 0x65, 0x20, 0x62, 0x61, 
        0x72, 0x67, 0x61, 0x69, 0x6e, 0x20, 0x60, 0x2d, 0x3e, 0x61, 0x74, 0x28, 
        0x29, 0x60, 0x20, 0x61, 0x6e, 0x64, 0x20, 0x60, 0x73, 0x74, 0x72, 0x69, 
        0x6e, 0x67, 0x3a, 0x3a, 0x76, 0x69, 0x65, 0x77, 0x3a, 0x3a, 0x62, 0x79, 
        0x74, 0x65, 0x5f, 0x61, 0x74, 0x60, 0x20, 0x6d, 0x61, 0x6b, 0x65, 0x2e, 
        0x0a, 0x20, 0x2a, 0x2f, 0x0a, 0x6f, 0x70, 0x65, 0x72, 0x61, 0x74, 0x6f, 
        0x72, 0x3c, 0x54, 0x3e, 0x20, 0x28, 0x61, 0x72, 0x72, 0x61, 0x79, 0x3c, 
        0x54, 0x3e, 0x26, 0x20, 0x24, 0x61, 0x29, 0x5b, 0x75, 0x73, 0x69, 0x7a, 
        0x65, 0x20, 0x24, 0x69, 0x6e, 0x64, 0x65, 0x78, 0x5d, 0x20, 0x3a, 0x20, 
        0x54, 0x26, 0x0a, 0x7b, 0x0a, 0x20, 0x20, 0x20, 0x20, 0x61, 0x73, 0x73, 
        0x65, 0x72, 0x74, 0x28, 0x24, 0x69, 0x6e, 0x64, 0x65, 0x78, 0x20, 0x3c, 
        0x20, 0x24, 0x61, 0x2d, 0x3e, 0x6c, 0x65, 0x6e, 0x2c, 0x20, 0x22, 0x61, 
        0x72, 0x72, 0x61, 0x79, 0x20, 0x69, 0x6e, 0x64, 0x65, 0x78, 0x20, 0x6f, 
        0x75, 0x74, 0x20, 0x6f, 0x66, 0x20, 0x72, 0x61, 0x6e, 0x67, 0x65, 0x22, 
        0x29, 0x3b, 0x0a, 0x0a, 0x20, 0x20, 0x20, 0x20, 0x72, 0x65, 0x74, 0x75, 
        0x72, 0x6e, 0x20, 0x26, 0x24, 0x61, 0x2d, 0x3e, 0x64, 0x61, 0x74, 0x61, 
        0x3a, 0x24, 0x5b, 0x24, 0x69, 0x6e, 0x64, 0x65, 0x78, 0x5d, 0x3b, 0x0a, 
        0x7d, 0x0a, 0x0a, 0x2f, 0x2a, 0x2a, 0x0a, 0x20, 0x2a, 0x20, 0x54, 0x68, 
        0x65, 0x20, 0x73, 0x61, 0x6d, 0x65, 0x20, 0x63, 0x6f, 0x6e, 0x74, 0x72, 
        0x61, 0x63, 0x74, 0x20, 0x6f, 0x76, 0x65, 0x72, 0x20, 0x61, 0x20, 0x60, 
        0x63, 0x6f, 0x6e, 0x73, 0x74, 0x60, 0x20, 0x61, 0x72, 0x72, 0x61, 0x79, 
        0x3a, 0x20, 0x69, 0x74, 0x20, 0x72, 0x65, 0x61, 0x64, 0x73, 0x2c, 0x20, 
        0x69, 0x74, 0x20, 0x63, 0x68, 0x61, 0x69, 0x6e, 0x73, 0x20, 0x77, 0x69, 
        0x74, 0x68, 0x20, 0x60, 0x2d, 0x3e, 0x60, 0x2c, 0x20, 0x61, 0x6e, 0x64, 
        0x20, 0x69, 0x74, 0x20, 0x64, 0x6f, 0x65, 0x73, 0x20, 0x6e, 0x6f, 0x74, 
        0x20, 0x77, 0x72, 0x69, 0x74, 0x65, 0x2e, 0x0a, 0x20, 0x2a, 0x0a, 0x20, 
        0x2a, 0x20, 0x4e, 0x6f, 0x74, 0x20, 0x61, 0x20, 0x6d, 0x65, 0x74, 0x68, 
        0x6f, 0x64, 0x2c, 0x20, 0x73, 0x6f, 0x20, 0x74, 0x68, 0x65, 0x72, 0x65, 
        0x20, 0x69, 0x73, 0x20, 0x6e, 0x6f, 0x20, 0x72, 0x65, 0x63, 0x65, 0x69, 
        0x76, 0x65, 0x72, 0x20, 0x68, 0x65, 0x72, 0x65, 0x20, 0x74, 0x6f, 0x20, 
        0x64, 0x65, 0x63, 0x6c, 0x61, 0x72, 0x65, 0x20, 0x60, 0x63, 0x6f, 0x6e, 
        0x73, 0x74, 0x60, 0x20, 0x2d, 0x20, 0x74, 0x68, 0x65, 0x20, 0x6f, 0x70, 
        0x65, 0x72, 0x61, 0x6e, 0x64, 0x20, 0x73, 0x61, 0x79, 0x73, 0x20, 0x69, 
        0x74, 0x2c, 0x20, 0x77, 0x68, 0x69, 0x63, 0x68, 0x20, 0x69, 0x73, 0x20, 
        0x77, 0x68, 0x79, 0x0a, 0x20, 0x2a, 0x20, 0x74, 0x68, 0x69, 0x73, 0x20, 
        0x69, 0x73, 0x20, 0x61, 0x6e, 0x20, 0x6f, 0x72, 0x64, 0x69, 0x6e, 0x61, 
        0x72, 0x79, 0x20, 0x6f, 0x76, 0x65, 0x72, 0x6c, 0x6f, 0x61, 0x64, 0x20, 
        0x72, 0x61, 0x74, 0x68, 0x65, 0x72, 0x20, 0x74, 0x68, 0x61, 0x6e, 0x20, 
        0x61, 0x6e, 0x79, 0x74, 0x68, 0x69, 0x6e, 0x67, 0x20, 0x6e, 0x65, 0x77, 
        0x2e, 0x20, 0x41, 0x20, 0x6d, 0x75, 0x74, 0x61, 0x62, 0x6c, 0x65, 0x20, 
        0x61, 0x72, 0x72, 0x61, 0x79, 0x20, 0x73, 0x74, 0x69, 0x6c, 0x6c, 0x20, 
        0x70, 0x69, 0x63, 0x6b, 0x73, 0x20, 0x74, 0x68, 0x65, 0x20, 0x66, 0x6f, 
        0x72, 0x6d, 0x20, 0x61, 0x62, 0x6f, 0x76, 0x65, 0x2c, 0x0a, 0x20, 0x2a, 
        0x20, 0x69, 0x74, 0x73, 0x20, 0x6f, 0x70, 0x65, 0x72, 0x61, 0x6e, 0x64, 
        0x20, 0x6d, 0x61, 0x74, 0x63, 0x68, 0x69, 0x6e, 0x67, 0x20, 0x65, 0x78, 
        0x61, 0x63, 0x74, 0x6c, 0x79, 0x20, 0x77, 0x68, 0x65, 0x72, 0x65, 0x20, 
        0x74, 0x68, 0x69, 0x73, 0x20, 0x6f, 0x6e, 0x65, 0x20, 0x77, 0x6f, 0x75, 
        0x6c, 0x64, 0x20, 0x6f, 0x6e, 0x6c, 0x79, 0x20, 0x77, 0x69, 0x64, 0x65, 
        0x6e, 0x3b, 0x20, 0x61, 0x20, 0x60, 0x63, 0x6f, 0x6e, 0x73, 0x74, 0x60, 
        0x20, 0x61, 0x72, 0x72, 0x61, 0x79, 0x20, 0x72, 0x65, 0x61, 0x63, 0x68, 
        0x65, 0x73, 0x20, 0x6f, 0x6e, 0x6c, 0x79, 0x20, 0x74, 0x68, 0x69, 0x73, 
        0x2e, 0x0a, 0x20, 0x2a, 0x0a, 0x20, 0x2a, 0x20, 0x60, 0x63, 0x6f, 0x6e, 
        0x73, 0x74, 0x20, 0x54, 0x26, 0x60, 0x20, 0x69, 0x73, 0x20, 0x77, 0x68, 
        0x61, 0x74, 0x20, 0x6d, 0x61, 0x6b, 0x65, 0x73, 0x20, 0x69, 0x74, 0x20, 
        0x72, 0x65, 0x61, 0x64, 0x2d, 0x6f, 0x6e, 0x6c, 0x79, 0x20, 0x61, 0x6c, 
        0x6c, 0x20, 0x74, 0x68, 0x65, 0x20, 0x77, 0x61, 0x79, 0x20, 0x74, 0x68, 
        0x72, 0x6f, 0x75, 0x67, 0x68, 0x3a, 0x20, 0x60, 0x24, 0x63, 0x5b, 0x24, 
        0x69, 0x5d, 0x20, 0x3d, 0x20, 0x76, 0x60, 0x20, 0x69, 0x73, 0x20, 0x74, 
        0x68, 0x65, 0x6e, 0x20, 0x61, 0x20, 0x77, 0x72, 0x69, 0x74, 0x65, 0x20, 
        0x74, 0x68, 0x72, 0x6f, 0x75, 0x67, 0x68, 0x20, 0x61, 0x0a, 0x20, 0x2a, 
        0x20, 0x63, 0x6f, 0x6e, 0x73, 0x74, 0x20, 0x70, 0x6f, 0x69, 0x6e, 0x74, 
        0x65, 0x65, 0x2c, 0x20, 0x77, 0x68, 0x69, 0x63, 0x68, 0x20, 0x74, 0x68, 
        0x65, 0x20, 0x63, 0x6f, 0x6d, 0x70, 0x69, 0x6c, 0x65, 0x72, 0x20, 0x72, 
        0x65, 0x66, 0x75, 0x73, 0x65, 0x73, 0x20, 0x62, 0x79, 0x20, 0x6e, 0x61, 
        0x6d, 0x69, 0x6e, 0x67, 0x20, 0x65, 0x78, 0x61, 0x63, 0x74, 0x6c, 0x79, 
        0x20, 0x74, 0x68, 0x61, 0x74, 0x2e, 0x0a, 0x20, 0x2a, 0x2f, 0x0a, 0x6f, 
        0x70, 0x65, 0x72, 0x61, 0x74, 0x6f, 0x72, 0x3c, 0x54, 0x3e, 0x20, 0x28, 
        0x63, 0x6f, 0x6e, 0x73, 0x74, 0x20, 0x61, 0x72, 0x72, 0x61, 0x79, 0x3c, 
        0x54, 0x3e, 0x26, 0x20, 0x24, 0x61, 0x29, 0x5b, 0x75, 0x73, 0x69, 0x7a, 
        0x65, 0x20, 0x24, 0x69, 0x6e, 0x64, 0x65, 0x78, 0x5d, 0x20, 0x3a, 0x20, 
        0x63, 0x6f, 0x6e, 0x73, 0x74, 0x20, 0x54, 0x26, 0x0a, 0x7b, 0x0a, 0x20, 
        0x20, 0x20, 0x20, 0x61, 0x73, 0x73, 0x65, 0x72, 0x74, 0x28, 0x24, 0x69, 
        0x6e, 0x64, 0x65, 0x78, 0x20, 0x3c, 0x20, 0x24, 0x61, 0x2d, 0x3e, 0x6c, 
        0x65, 0x6e, 0x2c, 0x20, 0x22, 0x61, 0x72, 0x72, 0x61, 0x79, 0x20, 0x69, 
        0x6e, 0x64, 0x65, 0x78, 0x20, 0x6f, 0x75, 0x74, 0x20, 0x6f, 0x66, 0x20, 
        0x72, 0x61, 0x6e, 0x67, 0x65, 0x22, 0x29, 0x3b, 0x0a, 0x0a, 0x20, 0x20, 
        0x20, 0x20, 0x72, 0x65, 0x74, 0x75, 0x72, 0x6e, 0x20, 0x26, 0x24, 0x61, 
        0x2d, 0x3e, 0x64, 0x61, 0x74, 0x61, 0x3a, 0x24, 0x5b, 0x24, 0x69, 0x6e, 
        0x64, 0x65, 0x78, 0x5d, 0x3b, 0x0a, 0x7d, 0x0a, 0x0a, 0x2f, 0x2a, 0x2a, 
        0x0a, 0x20, 0x2a, 0x20, 0x54, 0x68, 0x65, 0x20, 0x61, 0x70, 0x70, 0x65, 
        0x6e, 0x64, 0x20, 0x63, 0x6f, 0x6e, 0x74, 0x72, 0x61, 0x63, 0x74, 0x3a, 
        0x20, 0x60, 0x24, 0x61, 0x5b, 0x5d, 0x20, 0x3d, 0x20, 0x24, 0x76, 0x61, 
        0x6c, 0x75, 0x65, 0x60, 0x20, 0x67, 0x72, 0x6f, 0x77, 0x73, 0x20, 0x62, 
        0x79, 0x20, 0x6f, 0x6e, 0x65, 0x20, 0x61, 0x6e, 0x64, 0x20, 0x68, 0x61, 
        0x6e, 0x64, 0x73, 0x20, 0x62, 0x61, 0x63, 0x6b, 0x20, 0x74, 0x68, 0x65, 
        0x20, 0x6e, 0x65, 0x77, 0x20, 0x73, 0x6c, 0x6f, 0x74, 0x2e, 0x0a, 0x20, 
        0x2a, 0x0a, 0x20, 0x2a, 0x20, 0x4f, 0x6e, 0x65, 0x20, 0x6f, 0x70, 0x65, 
        0x72, 0x61, 0x6e, 0x64, 0x20, 0x77, 0x68, 0x65, 0x72, 0x65, 0x20, 0x74, 
        0x68, 0x65, 0x20, 0x65, 0x6c, 0x65, 0x6d, 0x65, 0x6e, 0x74, 0x20, 0x66, 
        0x6f, 0x72, 0x6d, 0x20, 0x68, 0x61, 0x73, 0x20, 0x74, 0x77, 0x6f, 0x2c, 
        0x20, 0x77, 0x68, 0x69, 0x63, 0x68, 0x20, 0x69, 0x73, 0x20, 0x74, 0x68, 
        0x65, 0x20, 0x77, 0x68, 0x6f, 0x6c, 0x65, 0x20, 0x6f, 0x66, 0x20, 0x68, 
        0x6f, 0x77, 0x20, 0x74, 0x68, 0x65, 0x20, 0x74, 0x77, 0x6f, 0x20, 0x61, 
        0x72, 0x65, 0x20, 0x74, 0x6f, 0x6c, 0x64, 0x20, 0x61, 0x70, 0x61, 0x72, 
        0x74, 0x20, 0x2d, 0x0a, 0x20, 0x2a, 0x20, 0x74, 0x68, 0x65, 0x79, 0x20, 
        0x73, 0x68, 0x61, 0x72, 0x65, 0x20, 0x6f, 0x6e, 0x65, 0x20, 0x6f, 0x76, 
        0x65, 0x72, 0x6c, 0x6f, 0x61, 0x64, 0x20, 0x73, 0x65, 0x74, 0x20, 0x61, 
        0x6e, 0x64, 0x20, 0x6f, 0x6e, 0x65, 0x20, 0x6e, 0x61, 0x6d, 0x65, 0x2c, 
        0x20, 0x61, 0x6e, 0x64, 0x20, 0x61, 0x72, 0x69, 0x74, 0x79, 0x20, 0x69, 
        0x73, 0x20, 0x77, 0x68, 0x61, 0x74, 0x20, 0x60, 0x41, 0x53, 0x54, 0x3a, 
        0x3a, 0x6d, 0x61, 0x74, 0x63, 0x68, 0x5f, 0x66, 0x75, 0x6e, 0x63, 0x74, 
        0x69, 0x6f, 0x6e, 0x60, 0x20, 0x63, 0x6f, 0x6d, 0x70, 0x61, 0x72, 0x65, 
        0x73, 0x20, 0x66, 0x69, 0x72, 0x73, 0x74, 0x2e, 0x0a, 0x20, 0x2a, 0x0a, 
        0x20, 0x2a, 0x20, 0x54, 0x68, 0x65, 0x20, 0x73, 0x6c, 0x6f, 0x74, 0x20, 
        0x69, 0x74, 0x20, 0x72, 0x65, 0x74, 0x75, 0x72, 0x6e, 0x73, 0x20, 0x69, 
        0x73, 0x20, 0x2a, 0x2a, 0x75, 0x6e, 0x69, 0x6e, 0x69, 0x74, 0x69, 0x61, 
        0x6c, 0x69, 0x7a, 0x65, 0x64, 0x2a, 0x2a, 0x2c, 0x20, 0x61, 0x6e, 0x64, 
        0x20, 0x74, 0x68, 0x65, 0x20, 0x61, 0x73, 0x73, 0x69, 0x67, 0x6e, 0x6d, 
        0x65, 0x6e, 0x74, 0x20, 0x77, 0x72, 0x69, 0x74, 0x69, 0x6e, 0x67, 0x20, 
        0x69, 0x6e, 0x74, 0x6f, 0x20, 0x69, 0x74, 0x20, 0x69, 0x73, 0x20, 0x61, 
        0x6e, 0x0a, 0x20, 0x2a, 0x20, 0x2a, 0x69, 0x6e, 0x69, 0x74, 0x69, 0x61, 
        0x6c, 0x69, 0x7a, 0x61, 0x74, 0x69, 0x6f, 0x6e, 0x2a, 0x3a, 0x20, 0x74, 
        0x68, 0x65, 0x72, 0x65, 0x20, 0x69, 0x73, 0x20, 0x6e, 0x6f, 0x20, 0x6f, 
        0x6c, 0x64, 0x20, 0x76, 0x61, 0x6c, 0x75, 0x65, 0x20, 0x74, 0x68, 0x65, 
        0x72, 0x65, 0x2c, 0x20, 0x73, 0x6f, 0x20, 0x6e, 0x6f, 0x6e, 0x65, 0x20, 
        0x69, 0x73, 0x20, 0x74, 0x6f, 0x72, 0x6e, 0x20, 0x64, 0x6f, 0x77, 0x6e, 
        0x2e, 0x20, 0x54, 0x68, 0x61, 0x74, 0x20, 0x69, 0x73, 0x20, 0x74, 0x68, 
        0x65, 0x20, 0x63, 0x6f, 0x6d, 0x70, 0x69, 0x6c, 0x65, 0x72, 0x27, 0x73, 
        0x20, 0x72, 0x75, 0x6c, 0x65, 0x0a, 0x20, 0x2a, 0x20, 0x28, 0x60, 0x41, 
        0x73, 0x73, 0x69, 0x67, 0x6e, 0x4e, 0x6f, 0x64, 0x65, 0x3a, 0x3a, 0x69, 
        0x73, 0x5f, 0x69, 0x6e, 0x69, 0x74, 0x69, 0x61, 0x6c, 0x69, 0x7a, 0x61, 
        0x74, 0x69, 0x6f, 0x6e, 0x60, 0x29, 0x2c, 0x20, 0x6e, 0x6f, 0x74, 0x20, 
        0x74, 0x68, 0x69, 0x73, 0x20, 0x66, 0x75, 0x6e, 0x63, 0x74, 0x69, 0x6f, 
        0x6e, 0x27, 0x73, 0x2c, 0x20, 0x62, 0x75, 0x74, 0x20, 0x69, 0x74, 0x20, 
        0x69, 0x73, 0x20, 0x74, 0x68, 0x65, 0x20, 0x72, 0x65, 0x61, 0x73, 0x6f, 
        0x6e, 0x20, 0x74, 0x68, 0x69, 0x73, 0x20, 0x66, 0x75, 0x6e, 0x63, 0x74, 
        0x69, 0x6f, 0x6e, 0x20, 0x69, 0x73, 0x0a, 0x20, 0x2a, 0x20, 0x61, 0x6c, 
        0x6c, 0x6f, 0x77, 0x65, 0x64, 0x20, 0x74, 0x6f, 0x20, 0x68, 0x61, 0x6e, 
        0x64, 0x20, 0x62, 0x61, 0x63, 0x6b, 0x20, 0x61, 0x20, 0x73, 0x6c, 0x6f, 
        0x74, 0x20, 0x69, 0x74, 0x20, 0x68, 0x61, 0x73, 0x20, 0x6e, 0x6f, 0x74, 
        0x20, 0x66, 0x69, 0x6c, 0x6c, 0x65, 0x64, 0x2e, 0x0a, 0x20, 0x2a, 0x2f, 
        0x0a, 0x6f, 0x70, 0x65, 0x72, 0x61, 0x74, 0x6f, 0x72, 0x3c, 0x54, 0x3e, 
        0x20, 0x28, 0x61, 0x72, 0x72, 0x61, 0x79, 0x3c, 0x54, 0x3e, 0x26, 0x20, 
        0x24, 0x61, 0x29, 0x5b, 0x5d, 0x20, 0x3a, 0x20, 0x54, 0x26, 0x0a, 0x7b, 
        0x0a, 0x20, 0x20, 0x20, 0x20, 0x24, 0x61, 0x2d, 0x3e, 0x72, 0x65, 0x73, 
        0x65, 0x72, 0x76, 0x65, 0x28, 0x24, 0x61, 0x2d, 0x3e, 0x6c, 0x65, 0x6e, 
        0x20, 0x2b, 0x20, 0x31, 0x29, 0x3b, 0x0a, 0x20, 0x20, 0x20, 0x20, 0x24, 
        0x61, 0x2d, 0x3e, 0x6c, 0x65, 0x6e, 0x20, 0x3d, 0x20, 0x24, 0x61, 0x2d, 
        0x3e, 0x6c, 0x65, 0x6e, 0x20, 0x2b, 0x20, 0x31, 0x3b, 0x0a, 0x0a, 0x20, 
        0x20, 0x20, 0x20, 0x72, 0x65, 0x74, 0x75, 0x72, 0x6e, 0x20, 0x26, 0x24, 
        0x61, 0x2d, 0x3e, 0x64, 0x61, 0x74, 0x61, 0x3a, 0x24, 0x5b, 0x24, 0x61, 
        0x2d, 0x3e, 0x6c, 0x65, 0x6e, 0x20, 0x2d, 0x20, 0x31, 0x5d, 0x3b, 0x0a, 
        0x7d, 0x0a, 
    };
    file_2.set_content(reinterpret_cast<const char*>(file_2_data), sizeof(file_2_data));
    auto &file_3 = module.add_file("stdlib:/core/contract.eco");
    static const unsigned char file_3_data[] = {
        0x2f, 0x2a, 0x2a, 0x0a, 0x20, 0x2a, 0x20, 0x54, 0x68, 0x65, 0x20, 0x6c, 
        0x61, 0x6e, 0x67, 0x75, 0x61, 0x67, 0x65, 0x2d, 0x6c, 0x65, 0x76, 0x65, 
        0x6c, 0x20, 0x69, 0x6e, 0x74, 0x65, 0x72, 0x66, 0x61, 0x63, 0x65, 0x73, 
        0x2e, 0x0a, 0x20, 0x2a, 0x0a, 0x20, 0x2a, 0x20, 0x41, 0x20, 0x63, 0x6f, 
        0x6e, 0x74, 0x72, 0x61, 0x63, 0x74, 0x20, 0x69, 0x73, 0x20, 0x61, 0x20, 
        0x63, 0x61, 0x70, 0x61, 0x62, 0x69, 0x6c, 0x69, 0x74, 0x79, 0x20, 0x61, 
        0x20, 0x74, 0x79, 0x70, 0x65, 0x20, 0x64, 0x65, 0x63, 0x6c, 0x61, 0x72, 
        0x65, 0x73, 0x2c, 0x20, 0x61, 0x6e, 0x64, 0x20, 0x6e, 0x6f, 0x74, 0x68, 
        0x69, 0x6e, 0x67, 0x20, 0x6d, 0x6f, 0x72, 0x65, 0x20, 0x2d, 0x20, 0x6e, 
        0x6f, 0x20, 0x73, 0x74, 0x6f, 0x72, 0x61, 0x67, 0x65, 0x2c, 0x20, 0x6e, 
        0x6f, 0x20, 0x62, 0x65, 0x68, 0x61, 0x76, 0x69, 0x6f, 0x75, 0x72, 0x20, 
        0x6f, 0x66, 0x20, 0x69, 0x74, 0x73, 0x20, 0x6f, 0x77, 0x6e, 0x2e, 0x20, 
        0x54, 0x68, 0x65, 0x0a, 0x20, 0x2a, 0x20, 0x74, 0x68, 0x72, 0x65, 0x65, 
        0x20, 0x62, 0x65, 0x6c, 0x6f, 0x77, 0x20, 0x61, 0x72, 0x65, 0x20, 0x74, 
        0x68, 0x65, 0x20, 0x69, 0x74, 0x65, 0x72, 0x61, 0x74, 0x69, 0x6f, 0x6e, 
        0x20, 0x70, 0x72, 0x6f, 0x74, 0x6f, 0x63, 0x6f, 0x6c, 0x3a, 0x20, 0x60, 
        0x66, 0x6f, 0x72, 0x65, 0x61, 0x63, 0x68, 0x60, 0x20, 0x6b, 0x6e, 0x6f, 
        0x77, 0x73, 0x20, 0x74, 0x68, 0x65, 0x73, 0x65, 0x20, 0x61, 0x6e, 0x64, 
        0x20, 0x6e, 0x6f, 0x74, 0x68, 0x69, 0x6e, 0x67, 0x20, 0x65, 0x6c, 0x73, 
        0x65, 0x2c, 0x20, 0x61, 0x6e, 0x64, 0x20, 0x74, 0x68, 0x65, 0x72, 0x65, 
        0x20, 0x69, 0x73, 0x20, 0x6e, 0x6f, 0x20, 0x61, 0x72, 0x6d, 0x0a, 0x20, 
        0x2a, 0x20, 0x61, 0x6e, 0x79, 0x77, 0x68, 0x65, 0x72, 0x65, 0x20, 0x69, 
        0x6e, 0x20, 0x74, 0x68, 0x65, 0x20, 0x63, 0x6f, 0x6d, 0x70, 0x69, 0x6c, 
        0x65, 0x72, 0x20, 0x74, 0x68, 0x61, 0x74, 0x20, 0x6b, 0x6e, 0x6f, 0x77, 
        0x73, 0x20, 0x77, 0x68, 0x61, 0x74, 0x20, 0x61, 0x6e, 0x20, 0x60, 0x61, 
        0x72, 0x72, 0x61, 0x79, 0x3c, 0x54, 0x3e, 0x60, 0x20, 0x69, 0x73, 0x2e, 
        0x20, 0x41, 0x20, 0x74, 0x79, 0x70, 0x65, 0x20, 0x6f, 0x66, 0x20, 0x79, 
        0x6f, 0x75, 0x72, 0x20, 0x6f, 0x77, 0x6e, 0x20, 0x63, 0x6f, 0x6e, 0x66, 
        0x6f, 0x72, 0x6d, 0x73, 0x20, 0x65, 0x78, 0x61, 0x63, 0x74, 0x6c, 0x79, 
        0x20, 0x74, 0x68, 0x65, 0x20, 0x77, 0x61, 0x79, 0x0a, 0x20, 0x2a, 0x20, 
        0x60, 0x61, 0x72, 0x72, 0x61, 0x79, 0x3c, 0x54, 0x3e, 0x60, 0x20, 0x64, 
        0x6f, 0x65, 0x73, 0x2c, 0x20, 0x61, 0x6e, 0x64, 0x20, 0x6c, 0x6f, 0x6f, 
        0x70, 0x73, 0x20, 0x65, 0x78, 0x61, 0x63, 0x74, 0x6c, 0x79, 0x20, 0x61, 
        0x73, 0x20, 0x77, 0x65, 0x6c, 0x6c, 0x2e, 0x20, 0x53, 0x65, 0x65, 0x20, 
        0x62, 0x6f, 0x6f, 0x6b, 0x2f, 0x63, 0x6f, 0x6e, 0x63, 0x65, 0x70, 0x74, 
        0x2f, 0x69, 0x74, 0x65, 0x72, 0x61, 0x74, 0x69, 0x6f, 0x6e, 0x2e, 0x6d, 
        0x64, 0x2e, 0x0a, 0x20, 0x2a, 0x0a, 0x20, 0x2a, 0x20, 0x54, 0x68, 0x65, 
        0x79, 0x20, 0x73, 0x69, 0x74, 0x20, 0x69, 0x6e, 0x20, 0x60, 0x63, 0x6f, 
        0x6e, 0x74, 0x72, 0x61, 0x63, 0x74, 0x60, 0x20, 0x72, 0x61, 0x74, 0x68, 
        0x65, 0x72, 0x20, 0x74, 0x68, 0x61, 0x6e, 0x20, 0x61, 0x74, 0x20, 0x74, 
        0x68, 0x65, 0x20, 0x72, 0x6f, 0x6f, 0x74, 0x20, 0x62, 0x65, 0x63, 0x61, 
        0x75, 0x73, 0x65, 0x20, 0x74, 0x68, 0x65, 0x79, 0x20, 0x61, 0x72, 0x65, 
        0x20, 0x6e, 0x6f, 0x74, 0x20, 0x76, 0x6f, 0x63, 0x61, 0x62, 0x75, 0x6c, 
        0x61, 0x72, 0x79, 0x20, 0x79, 0x6f, 0x75, 0x20, 0x77, 0x72, 0x69, 0x74, 
        0x65, 0x20, 0x65, 0x76, 0x65, 0x72, 0x79, 0x20, 0x6c, 0x69, 0x6e, 0x65, 
        0x20, 0x2d, 0x0a, 0x20, 0x2a, 0x20, 0x79, 0x6f, 0x75, 0x20, 0x6e, 0x61, 
        0x6d, 0x65, 0x20, 0x6f, 0x6e, 0x65, 0x20, 0x77, 0x68, 0x65, 0x72, 0x65, 
        0x20, 0x79, 0x6f, 0x75, 0x20, 0x64, 0x65, 0x63, 0x6c, 0x61, 0x72, 0x65, 
        0x20, 0x61, 0x20, 0x63, 0x6f, 0x6e, 0x66, 0x6f, 0x72, 0x6d, 0x61, 0x6e, 
        0x63, 0x65, 0x20, 0x6f, 0x72, 0x20, 0x63, 0x6f, 0x6e, 0x73, 0x74, 0x72, 
        0x61, 0x69, 0x6e, 0x20, 0x61, 0x20, 0x74, 0x79, 0x70, 0x65, 0x20, 0x70, 
        0x61, 0x72, 0x61, 0x6d, 0x65, 0x74, 0x65, 0x72, 0x2c, 0x20, 0x61, 0x6e, 
        0x64, 0x20, 0x60, 0x61, 0x72, 0x72, 0x61, 0x79, 0x60, 0x2c, 0x20, 0x60, 
        0x73, 0x74, 0x72, 0x69, 0x6e, 0x67, 0x60, 0x20, 0x61, 0x6e, 0x64, 0x0a, 
        0x20, 0x2a, 0x20, 0x60, 0x64, 0x69, 0x65, 0x60, 0x20, 0x61, 0x72, 0x65, 
        0x20, 0x77, 0x68, 0x61, 0x74, 0x20, 0x79, 0x6f, 0x75, 0x20, 0x77, 0x72, 
        0x69, 0x74, 0x65, 0x20, 0x74, 0x68, 0x65, 0x20, 0x72, 0x65, 0x73, 0x74, 
        0x20, 0x6f, 0x66, 0x20, 0x74, 0x68, 0x65, 0x20, 0x74, 0x69, 0x6d, 0x65, 
        0x2e, 0x20, 0x54, 0x68, 0x65, 0x20, 0x63, 0x6f, 0x6d, 0x70, 0x69, 0x6c, 
        0x65, 0x72, 0x20, 0x62, 0x69, 0x6e, 0x64, 0x73, 0x20, 0x74, 0x68, 0x65, 
        0x6d, 0x20, 0x77, 0x69, 0x74, 0x68, 0x20, 0x60, 0x23, 0x5b, 0x63, 0x6f, 
        0x72, 0x65, 0x3a, 0x20, 0x2e, 0x2e, 0x2e, 0x5d, 0x60, 0x20, 0x61, 0x6e, 
        0x64, 0x20, 0x6e, 0x65, 0x76, 0x65, 0x72, 0x20, 0x62, 0x79, 0x0a, 0x20, 
        0x2a, 0x20, 0x74, 0x68, 0x65, 0x69, 0x72, 0x20, 0x73, 0x70, 0x65, 0x6c, 
        0x6c, 0x69, 0x6e, 0x67, 0x2c, 0x20, 0x73, 0x6f, 0x20, 0x74, 0x68, 0x65, 
        0x20, 0x6e, 0x61, 0x6d, 0x65, 0x2c, 0x20, 0x74, 0x68, 0x65, 0x20, 0x6e, 
        0x61, 0x6d, 0x65, 0x73, 0x70, 0x61, 0x63, 0x65, 0x20, 0x61, 0x6e, 0x64, 
        0x20, 0x74, 0x68, 0x65, 0x20, 0x64, 0x6f, 0x63, 0x75, 0x6d, 0x65, 0x6e, 
        0x74, 0x61, 0x74, 0x69, 0x6f, 0x6e, 0x20, 0x61, 0x6c, 0x6c, 0x20, 0x6c, 
        0x69, 0x76, 0x65, 0x20, 0x68, 0x65, 0x72, 0x65, 0x3a, 0x20, 0x74, 0x68, 
        0x69, 0x73, 0x20, 0x66, 0x69, 0x6c, 0x65, 0x20, 0x63, 0x6f, 0x75, 0x6c, 
        0x64, 0x20, 0x72, 0x65, 0x6e, 0x61, 0x6d, 0x65, 0x0a, 0x20, 0x2a, 0x20, 
        0x65, 0x76, 0x65, 0x72, 0x79, 0x20, 0x6f, 0x6e, 0x65, 0x20, 0x6f, 0x66, 
        0x20, 0x74, 0x68, 0x65, 0x6d, 0x20, 0x61, 0x6e, 0x64, 0x20, 0x6f, 0x6e, 
        0x6c, 0x79, 0x20, 0x45, 0x63, 0x68, 0x6f, 0x20, 0x73, 0x6f, 0x75, 0x72, 
        0x63, 0x65, 0x20, 0x77, 0x6f, 0x75, 0x6c, 0x64, 0x20, 0x6e, 0x6f, 0x74, 
        0x69, 0x63, 0x65, 0x2e, 0x20, 0x41, 0x20, 0x70, 0x72, 0x6f, 0x67, 0x72, 
        0x61, 0x6d, 0x20, 0x63, 0x6f, 0x6d, 0x70, 0x69, 0x6c, 0x65, 0x64, 0x20, 
        0x77, 0x69, 0x74, 0x68, 0x20, 0x60, 0x2d, 0x2d, 0x6e, 0x6f, 0x2d, 0x73, 
        0x74, 0x64, 0x6c, 0x69, 0x62, 0x60, 0x20, 0x68, 0x61, 0x73, 0x20, 0x6e, 
        0x6f, 0x6e, 0x65, 0x20, 0x6f, 0x66, 0x0a, 0x20, 0x2a, 0x20, 0x74, 0x68, 
        0x65, 0x6d, 0x2c, 0x20, 0x61, 0x6e, 0x64, 0x20, 0x60, 0x66, 0x6f, 0x72, 
        0x65, 0x61, 0x63, 0x68, 0x60, 0x20, 0x74, 0x68, 0x65, 0x6e, 0x20, 0x73, 
        0x61, 0x79, 0x73, 0x20, 0x73, 0x6f, 0x20, 0x69, 0x6e, 0x20, 0x61, 0x20, 
        0x6c, 0x6f, 0x63, 0x61, 0x74, 0x65, 0x64, 0x20, 0x64, 0x69, 0x61, 0x67, 
        0x6e, 0x6f, 0x73, 0x74, 0x69, 0x63, 0x20, 0x72, 0x61, 0x74, 0x68, 0x65, 
        0x72, 0x20, 0x74, 0x68, 0x61, 0x6e, 0x20, 0x63, 0x72, 0x61, 0x73, 0x68, 
        0x69, 0x6e, 0x67, 0x2e, 0x0a, 0x20, 0x2a, 0x0a, 0x20, 0x2a, 0x20, 0x54, 
        0x68, 0x65, 0x20, 0x63, 0x6f, 0x6e, 0x73, 0x74, 0x72, 0x61, 0x69, 0x6e, 
        0x74, 0x20, 0x62, 0x65, 0x6c, 0x6f, 0x77, 0x20, 0x69, 0x73, 0x20, 0x77, 
        0x72, 0x69, 0x74, 0x74, 0x65, 0x6e, 0x20, 0x2a, 0x2a, 0x75, 0x6e, 0x71, 
        0x75, 0x61, 0x6c, 0x69, 0x66, 0x69, 0x65, 0x64, 0x2a, 0x2a, 0x20, 0x2d, 
        0x20, 0x60, 0x74, 0x79, 0x70, 0x65, 0x20, 0x49, 0x74, 0x65, 0x72, 0x20, 
        0x3a, 0x20, 0x69, 0x74, 0x65, 0x72, 0x61, 0x74, 0x6f, 0x72, 0x3c, 0x56, 
        0x3e, 0x60, 0x20, 0x72, 0x61, 0x74, 0x68, 0x65, 0x72, 0x20, 0x74, 0x68, 
        0x61, 0x6e, 0x0a, 0x20, 0x2a, 0x20, 0x60, 0x63, 0x6f, 0x6e, 0x74, 0x72, 
        0x61, 0x63, 0x74, 0x3a, 0x3a, 0x69, 0x74, 0x65, 0x72, 0x61, 0x74, 0x6f, 
        0x72, 0x3c, 0x56, 0x3e, 0x60, 0x20, 0x2d, 0x20, 0x77, 0x68, 0x69, 0x63, 
        0x68, 0x20, 0x72, 0x65, 0x73, 0x6f, 0x6c, 0x76, 0x65, 0x73, 0x20, 0x62, 
        0x65, 0x63, 0x61, 0x75, 0x73, 0x65, 0x20, 0x61, 0x20, 0x6e, 0x61, 0x6d, 
        0x65, 0x20, 0x69, 0x6e, 0x73, 0x69, 0x64, 0x65, 0x20, 0x61, 0x20, 0x6e, 
        0x61, 0x6d, 0x65, 0x73, 0x70, 0x61, 0x63, 0x65, 0x20, 0x69, 0x73, 0x20, 
        0x73, 0x65, 0x61, 0x72, 0x63, 0x68, 0x65, 0x64, 0x20, 0x6f, 0x75, 0x74, 
        0x77, 0x61, 0x72, 0x64, 0x20, 0x66, 0x72, 0x6f, 0x6d, 0x20, 0x69, 0x74, 
        0x2e, 0x0a, 0x20, 0x2a, 0x20, 0x42, 0x6f, 0x74, 0x68, 0x20, 0x73, 0x70, 
        0x65, 0x6c, 0x6c, 0x69, 0x6e, 0x67, 0x73, 0x20, 0x77, 0x6f, 0x72, 0x6b, 
        0x3b, 0x20, 0x74, 0x68, 0x65, 0x20, 0x73, 0x68, 0x6f, 0x72, 0x74, 0x20, 
        0x6f, 0x6e, 0x65, 0x20, 0x69, 0x73, 0x20, 0x77, 0x68, 0x61, 0x74, 0x20, 
        0x73, 0x68, 0x61, 0x72, 0x69, 0x6e, 0x67, 0x20, 0x61, 0x20, 0x6e, 0x61, 
        0x6d, 0x65, 0x73, 0x70, 0x61, 0x63, 0x65, 0x20, 0x69, 0x73, 0x20, 0x66, 
        0x6f, 0x72, 0x2e, 0x0a, 0x20, 0x2a, 0x0a, 0x20, 0x2a, 0x20, 0x2a, 0x2a, 
        0x46, 0x69, 0x6c, 0x65, 0x20, 0x6f, 0x72, 0x64, 0x65, 0x72, 0x20, 0x64, 
        0x6f, 0x65, 0x73, 0x20, 0x6e, 0x6f, 0x74, 0x20, 0x6d, 0x61, 0x74, 0x74, 
        0x65, 0x72, 0x2e, 0x2a, 0x2a, 0x20, 0x54, 0x68, 0x65, 0x20, 0x63, 0x75, 
        0x72, 0x73, 0x6f, 0x72, 0x20, 0x74, 0x68, 0x65, 0x73, 0x65, 0x20, 0x64, 
        0x65, 0x73, 0x63, 0x72, 0x69, 0x62, 0x65, 0x20, 0x6c, 0x69, 0x76, 0x65, 
        0x73, 0x20, 0x69, 0x6e, 0x20, 0x73, 0x6c, 0x69, 0x63, 0x65, 0x2e, 0x65, 
        0x63, 0x6f, 0x20, 0x61, 0x6e, 0x64, 0x20, 0x6e, 0x61, 0x6d, 0x65, 0x73, 
        0x20, 0x60, 0x73, 0x6c, 0x69, 0x63, 0x65, 0x3c, 0x54, 0x3e, 0x60, 0x2c, 
        0x0a, 0x20, 0x2a, 0x20, 0x77, 0x68, 0x69, 0x6c, 0x65, 0x20, 0x61, 0x72, 
        0x72, 0x61, 0x79, 0x2e, 0x65, 0x63, 0x6f, 0x20, 0x6e, 0x61, 0x6d, 0x65, 
        0x73, 0x20, 0x74, 0x68, 0x61, 0x74, 0x20, 0x63, 0x75, 0x72, 0x73, 0x6f, 
        0x72, 0x20, 0x2d, 0x20, 0x74, 0x68, 0x65, 0x20, 0x74, 0x68, 0x72, 0x65, 
        0x65, 0x20, 0x70, 0x61, 0x72, 0x73, 0x65, 0x20, 0x70, 0x61, 0x73, 0x73, 
        0x65, 0x73, 0x20, 0x70, 0x75, 0x62, 0x6c, 0x69, 0x73, 0x68, 0x20, 0x65, 
        0x76, 0x65, 0x72, 0x79, 0x20, 0x74, 0x79, 0x70, 0x65, 0x20, 0x6e, 0x61, 
        0x6d, 0x65, 0x20, 0x6f, 0x76, 0x65, 0x72, 0x20, 0x65, 0x76, 0x65, 0x72, 
        0x79, 0x20, 0x66, 0x69, 0x6c, 0x65, 0x0a, 0x20, 0x2a, 0x20, 0x62, 0x65, 
        0x66, 0x6f, 0x72, 0x65, 0x20, 0x61, 0x6e, 0x79, 0x20, 0x73, 0x69, 0x67, 
        0x6e, 0x61, 0x74, 0x75, 0x72, 0x65, 0x20, 0x69, 0x73, 0x20, 0x72, 0x65, 
        0x61, 0x64, 0x2c, 0x20, 0x73, 0x6f, 0x20, 0x74, 0x68, 0x65, 0x72, 0x65, 
        0x20, 0x69, 0x73, 0x20, 0x6e, 0x6f, 0x20, 0x6f, 0x72, 0x64, 0x65, 0x72, 
        0x69, 0x6e, 0x67, 0x20, 0x74, 0x6f, 0x20, 0x67, 0x65, 0x74, 0x20, 0x72, 
        0x69, 0x67, 0x68, 0x74, 0x2e, 0x0a, 0x20, 0x2a, 0x2f, 0x0a, 0x0a, 0x6e, 
        0x61, 0x6d, 0x65, 0x73, 0x70, 0x61, 0x63, 0x65, 0x20, 0x63, 0x6f, 0x6e, 
        0x74, 0x72, 0x61, 0x63, 0x74, 0x3b, 0x0a, 0x0a, 0x2f, 0x2a, 0x2a, 0x0a, 
        0x20, 0x2a, 0x20, 0x41, 0x20, 0x63, 0x75, 0x72, 0x73, 0x6f, 0x72, 0x2e, 
        0x20, 0x49, 0x74, 0x20, 0x6b, 0x6e, 0x6f, 0x77, 0x73, 0x20, 0x68, 0x6f, 
        0x77, 0x20, 0x74, 0x6f, 0x20, 0x73, 0x74, 0x65, 0x70, 0x2c, 0x20, 0x61, 
        0x6e, 0x64, 0x20, 0x69, 0x74, 0x20, 0x6b, 0x6e, 0x6f, 0x77, 0x73, 0x20, 
        0x77, 0x68, 0x61, 0x74, 0x20, 0x69, 0x74, 0x20, 0x69, 0x73, 0x20, 0x6c, 
        0x6f, 0x6f, 0x6b, 0x69, 0x6e, 0x67, 0x20, 0x61, 0x74, 0x2e, 0x0a, 0x20, 
        0x2a, 0x0a, 0x20, 0x2a, 0x20, 0x60, 0x61, 0x64, 0x76, 0x61, 0x6e, 0x63, 
        0x65, 0x28, 0x29, 0x60, 0x20, 0x69, 0x73, 0x20, 0x63, 0x61, 0x6c, 0x6c, 
        0x65, 0x64, 0x20, 0x66, 0x69, 0x72, 0x73, 0x74, 0x20, 0x61, 0x6e, 0x64, 
        0x20, 0x69, 0x74, 0x73, 0x20, 0x61, 0x6e, 0x73, 0x77, 0x65, 0x72, 0x20, 
        0x67, 0x61, 0x74, 0x65, 0x73, 0x20, 0x74, 0x68, 0x65, 0x20, 0x6c, 0x6f, 
        0x6f, 0x70, 0x2c, 0x20, 0x73, 0x6f, 0x20, 0x60, 0x63, 0x75, 0x72, 0x72, 
        0x65, 0x6e, 0x74, 0x28, 0x29, 0x60, 0x20, 0x69, 0x73, 0x20, 0x6f, 0x6e, 
        0x6c, 0x79, 0x20, 0x65, 0x76, 0x65, 0x72, 0x20, 0x72, 0x65, 0x61, 0x63, 
        0x68, 0x65, 0x64, 0x20, 0x61, 0x66, 0x74, 0x65, 0x72, 0x0a, 0x20, 0x2a, 
        0x20, 0x61, 0x20, 0x60, 0x74, 0x72, 0x75, 0x65, 0x60, 0x2e, 0x20, 0x54, 
        0x68, 0x61, 0x74, 0x20, 0x69, 0x73, 0x20, 0x74, 0x68, 0x65, 0x20, 0x77, 
        0x68, 0x6f, 0x6c, 0x65, 0x20, 0x63, 0x6f, 0x6e, 0x74, 0x72, 0x61, 0x63, 
        0x74, 0x20, 0x2d, 0x20, 0x61, 0x6e, 0x64, 0x20, 0x69, 0x74, 0x20, 0x69, 
        0x73, 0x20, 0x77, 0x68, 0x61, 0x74, 0x20, 0x6c, 0x65, 0x74, 0x73, 0x20, 
        0x60, 0x63, 0x75, 0x72, 0x72, 0x65, 0x6e, 0x74, 0x28, 0x29, 0x60, 0x20, 
        0x73, 0x6b, 0x69, 0x70, 0x20, 0x61, 0x20, 0x62, 0x6f, 0x75, 0x6e, 0x64, 
        0x73, 0x20, 0x63, 0x68, 0x65, 0x63, 0x6b, 0x20, 0x74, 0x68, 0x61, 0x74, 
        0x0a, 0x20, 0x2a, 0x20, 0x60, 0x61, 0x64, 0x76, 0x61, 0x6e, 0x63, 0x65, 
        0x28, 0x29, 0x60, 0x20, 0x61, 0x6c, 0x72, 0x65, 0x61, 0x64, 0x79, 0x20, 
        0x70, 0x65, 0x72, 0x66, 0x6f, 0x72, 0x6d, 0x65, 0x64, 0x2e, 0x0a, 0x20, 
        0x2a, 0x2f, 0x0a, 0x23, 0x5b, 0x63, 0x6f, 0x72, 0x65, 0x3a, 0x20, 0x22, 
        0x69, 0x74, 0x65, 0x72, 0x61, 0x74, 0x6f, 0x72, 0x22, 0x5d, 0x0a, 0x69, 
        0x6e, 0x74, 0x65, 0x72, 0x66, 0x61, 0x63, 0x65, 0x20, 0x69, 0x74, 0x65, 
        0x72, 0x61, 0x74, 0x6f, 0x72, 0x3c, 0x56, 0x3e, 0x0a, 0x7b, 0x0a, 0x20, 
        0x20, 0x20, 0x20, 0x2f, 0x2a, 0x2a, 0x0a, 0x20, 0x20, 0x20, 0x20, 0x20, 
        0x2a, 0x20, 0x53, 0x74, 0x65, 0x70, 0x20, 0x74, 0x6f, 0x20, 0x74, 0x68, 
        0x65, 0x20, 0x6e, 0x65, 0x78, 0x74, 0x20, 0x65, 0x6c, 0x65, 0x6d, 0x65, 
        0x6e, 0x74, 0x2e, 0x20, 0x46, 0x61, 0x6c, 0x73, 0x65, 0x20, 0x77, 0x68, 
        0x65, 0x6e, 0x20, 0x74, 0x68, 0x65, 0x72, 0x65, 0x20, 0x61, 0x72, 0x65, 
        0x20, 0x6e, 0x6f, 0x6e, 0x65, 0x20, 0x6c, 0x65, 0x66, 0x74, 0x2e, 0x0a, 
        0x20, 0x20, 0x20, 0x20, 0x20, 0x2a, 0x2f, 0x0a, 0x20, 0x20, 0x20, 0x20, 
        0x66, 0x75, 0x6e, 0x63, 0x74, 0x69, 0x6f, 0x6e, 0x20, 0x61, 0x64, 0x76, 
        0x61, 0x6e, 0x63, 0x65, 0x28, 0x29, 0x20, 0x3a, 0x20, 0x62, 0x6f, 0x6f, 
        0x6c, 0x3b, 0x0a, 0x0a, 0x20, 0x20, 0x20, 0x20, 0x2f, 0x2a, 0x2a, 0x0a, 
        0x20, 0x20, 0x20, 0x20, 0x20, 0x2a, 0x20, 0x54, 0x68, 0x65, 0x20, 0x65, 
        0x6c, 0x65, 0x6d, 0x65, 0x6e, 0x74, 0x20, 0x74, 0x68, 0x65, 0x20, 0x63, 
        0x75, 0x72, 0x73, 0x6f, 0x72, 0x20, 0x69, 0x73, 0x20, 0x6c, 0x6f, 0x6f, 
        0x6b, 0x69, 0x6e, 0x67, 0x20, 0x61, 0x74, 0x2e, 0x20, 0x4f, 0x6e, 0x6c, 
        0x79, 0x20, 0x76, 0x61, 0x6c, 0x69, 0x64, 0x20, 0x61, 0x66, 0x74, 0x65, 
        0x72, 0x20, 0x60, 0x61, 0x64, 0x76, 0x61, 0x6e, 0x63, 0x65, 0x28, 0x29, 
        0x60, 0x20, 0x61, 0x6e, 0x73, 0x77, 0x65, 0x72, 0x65, 0x64, 0x20, 0x74, 
        0x72, 0x75, 0x65, 0x2e, 0x0a, 0x20, 0x20, 0x20, 0x20, 0x20, 0x2a, 0x2f, 
        0x0a, 0x20, 0x20, 0x20, 0x20, 0x66, 0x75, 0x6e, 0x63, 0x74, 0x69, 0x6f, 
        0x6e, 0x20, 0x63, 0x75, 0x72, 0x72, 0x65, 0x6e, 0x74, 0x28, 0x29, 0x20, 
        0x3a, 0x20, 0x56, 0x26, 0x3b, 0x0a, 0x7d, 0x0a, 0x0a, 0x2f, 0x2a, 0x2a, 
        0x0a, 0x20, 0x2a, 0x20, 0x41, 0x6e, 0x79, 0x74, 0x68, 0x69, 0x6e, 0x67, 
        0x20, 0x74, 0x68, 0x61, 0x74, 0x20, 0x63, 0x61, 0x6e, 0x20, 0x68, 0x61, 
        0x6e, 0x64, 0x20, 0x79, 0x6f, 0x75, 0x20, 0x61, 0x20, 0x66, 0x72, 0x65, 
        0x73, 0x68, 0x20, 0x63, 0x75, 0x72, 0x73, 0x6f, 0x72, 0x2e, 0x0a, 0x20, 
        0x2a, 0x0a, 0x20, 0x2a, 0x20, 0x60, 0x49, 0x74, 0x65, 0x72, 0x60, 0x20, 
        0x69, 0x73, 0x20, 0x61, 0x6e, 0x20, 0x61, 0x73, 0x73, 0x6f, 0x63, 0x69, 
        0x61, 0x74, 0x65, 0x64, 0x20, 0x74, 0x79, 0x70, 0x65, 0x3a, 0x20, 0x74, 
        0x68, 0x65, 0x20, 0x69, 0x6d, 0x70, 0x6c, 0x65, 0x6d, 0x65, 0x6e, 0x74, 
        0x6f, 0x72, 0x20, 0x63, 0x68, 0x6f, 0x6f, 0x73, 0x65, 0x73, 0x20, 0x69, 
        0x74, 0x20, 0x61, 0x6e, 0x64, 0x20, 0x74, 0x68, 0x69, 0x73, 0x20, 0x69, 
        0x6e, 0x74, 0x65, 0x72, 0x66, 0x61, 0x63, 0x65, 0x20, 0x6f, 0x6e, 0x6c, 
        0x79, 0x20, 0x63, 0x6f, 0x6e, 0x73, 0x74, 0x72, 0x61, 0x69, 0x6e, 0x73, 
        0x20, 0x69, 0x74, 0x2e, 0x20, 0x59, 0x6f, 0x75, 0x0a, 0x20, 0x2a, 0x20, 
        0x6e, 0x65, 0x76, 0x65, 0x72, 0x20, 0x77, 0x72, 0x69, 0x74, 0x65, 0x20, 
        0x69, 0x74, 0x20, 0x2d, 0x20, 0x74, 0x68, 0x65, 0x20, 0x63, 0x6f, 0x6d, 
        0x70, 0x69, 0x6c, 0x65, 0x72, 0x20, 0x72, 0x65, 0x61, 0x64, 0x73, 0x20, 
        0x69, 0x74, 0x20, 0x6f, 0x66, 0x66, 0x20, 0x79, 0x6f, 0x75, 0x72, 0x20, 
        0x60, 0x69, 0x74, 0x65, 0x72, 0x61, 0x74, 0x65, 0x28, 0x29, 0x60, 0x2e, 
        0x0a, 0x20, 0x2a, 0x2f, 0x0a, 0x23, 0x5b, 0x63, 0x6f, 0x72, 0x65, 0x3a, 
        0x20, 0x22, 0x69, 0x74, 0x65, 0x72, 0x61, 0x62, 0x6c, 0x65, 0x22, 0x5d, 
        0x0a, 0x69, 0x6e, 0x74, 0x65, 0x72, 0x66, 0x61, 0x63, 0x65, 0x20, 0x69, 
        0x74, 0x65, 0x72, 0x61, 0x62, 0x6c, 0x65, 0x3c, 0x56, 0x3e, 0x0a, 0x7b, 
        0x0a, 0x20, 0x20, 0x20, 0x20, 0x74, 0x79, 0x70, 0x65, 0x20, 0x49, 0x74, 
        0x65, 0x72, 0x20, 0x3a, 0x20, 0x69, 0x74, 0x65, 0x72, 0x61, 0x74, 0x6f, 
        0x72, 0x3c, 0x56, 0x3e, 0x3b, 0x0a, 0x0a, 0x20, 0x20, 0x20, 0x20, 0x2f, 
        0x2a, 0x2a, 0x0a, 0x20, 0x20, 0x20, 0x20, 0x20, 0x2a, 0x20, 0x41, 0x20, 
        0x63, 0x75, 0x72, 0x73, 0x6f, 0x72, 0x20, 0x70, 0x6f, 0x73, 0x69, 0x74, 
        0x69, 0x6f, 0x6e, 0x65, 0x64, 0x20, 0x62, 0x65, 0x66, 0x6f, 0x72, 0x65, 
        0x20, 0x74, 0x68, 0x65, 0x20, 0x66, 0x69, 0x72, 0x73, 0x74, 0x20, 0x65, 
        0x6c, 0x65, 0x6d, 0x65, 0x6e, 0x74, 0x2e, 0x0a, 0x20, 0x20, 0x20, 0x20, 
        0x20, 0x2a, 0x2f, 0x0a, 0x20, 0x20, 0x20, 0x20, 0x66, 0x75, 0x6e, 0x63, 
        0x74, 0x69, 0x6f, 0x6e, 0x20, 0x69, 0x74, 0x65, 0x72, 0x61, 0x74, 0x65, 
        0x28, 0x29, 0x20, 0x3a, 0x20, 0x49, 0x74, 0x65, 0x72, 0x3b, 0x0a, 0x7d, 
        0x0a, 0x0a, 0x2f, 0x2a, 0x2a, 0x0a, 0x20, 0x2a, 0x20, 0x54, 0x68, 0x65, 
        0x20, 0x6f, 0x72, 0x74, 0x68, 0x6f, 0x67, 0x6f, 0x6e, 0x61, 0x6c, 0x20, 
        0x63, 0x61, 0x70, 0x61, 0x62, 0x69, 0x6c, 0x69, 0x74, 0x79, 0x20, 0x74, 
        0x68, 0x61, 0x74, 0x20, 0x6d, 0x61, 0x6b, 0x65, 0x73, 0x20, 0x60, 0x66, 
        0x6f, 0x72, 0x65, 0x61, 0x63, 0x68, 0x20, 0x28, 0x24, 0x61, 0x20, 0x61, 
        0x73, 0x20, 0x24, 0x6b, 0x20, 0x3d, 0x3e, 0x20, 0x24, 0x76, 0x29, 0x60, 
        0x20, 0x73, 0x70, 0x65, 0x6c, 0x6c, 0x61, 0x62, 0x6c, 0x65, 0x2e, 0x0a, 
        0x20, 0x2a, 0x0a, 0x20, 0x2a, 0x20, 0x44, 0x65, 0x6c, 0x69, 0x62, 0x65, 
        0x72, 0x61, 0x74, 0x65, 0x6c, 0x79, 0x20, 0x61, 0x70, 0x61, 0x72, 0x74, 
        0x20, 0x66, 0x72, 0x6f, 0x6d, 0x20, 0x60, 0x69, 0x74, 0x65, 0x72, 0x61, 
        0x74, 0x6f, 0x72, 0x3c, 0x56, 0x3e, 0x60, 0x20, 0x72, 0x61, 0x74, 0x68, 
        0x65, 0x72, 0x20, 0x74, 0x68, 0x61, 0x6e, 0x20, 0x61, 0x20, 0x73, 0x65, 
        0x63, 0x6f, 0x6e, 0x64, 0x20, 0x69, 0x6e, 0x74, 0x65, 0x72, 0x66, 0x61, 
        0x63, 0x65, 0x20, 0x72, 0x65, 0x70, 0x65, 0x61, 0x74, 0x69, 0x6e, 0x67, 
        0x20, 0x60, 0x61, 0x64, 0x76, 0x61, 0x6e, 0x63, 0x65, 0x60, 0x20, 0x61, 
        0x6e, 0x64, 0x0a, 0x20, 0x2a, 0x20, 0x60, 0x63, 0x75, 0x72, 0x72, 0x65, 
        0x6e, 0x74, 0x60, 0x3a, 0x20, 0x74, 0x68, 0x61, 0x74, 0x20, 0x69, 0x73, 
        0x20, 0x77, 0x68, 0x61, 0x74, 0x20, 0x6c, 0x65, 0x74, 0x73, 0x20, 0x74, 
        0x68, 0x65, 0x20, 0x63, 0x61, 0x70, 0x61, 0x62, 0x69, 0x6c, 0x69, 0x74, 
        0x79, 0x20, 0x73, 0x65, 0x74, 0x20, 0x67, 0x72, 0x6f, 0x77, 0x2e, 0x20, 
        0x41, 0x20, 0x66, 0x75, 0x74, 0x75, 0x72, 0x65, 0x20, 0x60, 0x72, 0x65, 
        0x76, 0x65, 0x72, 0x73, 0x69, 0x62, 0x6c, 0x65, 0x60, 0x20, 0x6f, 0x72, 
        0x20, 0x60, 0x72, 0x61, 0x6e, 0x64, 0x6f, 0x6d, 0x5f, 0x61, 0x63, 0x63, 
        0x65, 0x73, 0x73, 0x3c, 0x56, 0x3e, 0x60, 0x20, 0x69, 0x73, 0x0a, 0x20, 
        0x2a, 0x20, 0x61, 0x6e, 0x6f, 0x74, 0x68, 0x65, 0x72, 0x20, 0x69, 0x6e, 
        0x74, 0x65, 0x72, 0x66, 0x61, 0x63, 0x65, 0x20, 0x62, 0x65, 0x73, 0x69, 
        0x64, 0x65, 0x20, 0x74, 0x68, 0x69, 0x73, 0x20, 0x6f, 0x6e, 0x65, 0x2c, 
        0x20, 0x61, 0x6e, 0x64, 0x20, 0x61, 0x20, 0x63, 0x75, 0x72, 0x73, 0x6f, 
        0x72, 0x20, 0x64, 0x65, 0x63, 0x6c, 0x61, 0x72, 0x65, 0x73, 0x20, 0x74, 
        0x68, 0x65, 0x20, 0x6f, 0x6e, 0x65, 0x73, 0x20, 0x69, 0x74, 0x20, 0x63, 
        0x61, 0x6e, 0x20, 0x68, 0x6f, 0x6e, 0x6f, 0x75, 0x72, 0x2e, 0x0a, 0x20, 
        0x2a, 0x2f, 0x0a, 0x23, 0x5b, 0x63, 0x6f, 0x72, 0x65, 0x3a, 0x20, 0x22, 
        0x6b, 0x65, 0x79, 0x65, 0x64, 0x22, 0x5d, 0x0a, 0x69, 0x6e, 0x74, 0x65, 
        0x72, 0x66, 0x61, 0x63, 0x65, 0x20, 0x6b, 0x65, 0x79, 0x65, 0x64, 0x3c, 
        0x4b, 0x3e, 0x0a, 0x7b, 0x0a, 0x20, 0x20, 0x20, 0x20, 0x2f, 0x2a, 0x2a, 
        0x0a, 0x20, 0x20, 0x20, 0x20, 0x20, 0x2a, 0x20, 0x57, 0x68, 0x65, 0x72, 
        0x65, 0x20, 0x74, 0x68, 0x65, 0x20, 0x63, 0x75, 0x72, 0x72, 0x65, 0x6e, 
        0x74, 0x20, 0x65, 0x6c, 0x65, 0x6d, 0x65, 0x6e, 0x74, 0x20, 0x73, 0x69, 
        0x74, 0x73, 0x2e, 0x20, 0x4f, 0x6e, 0x6c, 0x79, 0x20, 0x76, 0x61, 0x6c, 
        0x69, 0x64, 0x20, 0x61, 0x66, 0x74, 0x65, 0x72, 0x20, 0x60, 0x61, 0x64, 
        0x76, 0x61, 0x6e, 0x63, 0x65, 0x28, 0x29, 0x60, 0x20, 0x61, 0x6e, 0x73, 
        0x77, 0x65, 0x72, 0x65, 0x64, 0x20, 0x74, 0x72, 0x75, 0x65, 0x2e, 0x0a, 
        0x20, 0x20, 0x20, 0x20, 0x20, 0x2a, 0x2f, 0x0a, 0x20, 0x20, 0x20, 0x20, 
        0x66, 0x75, 0x6e, 0x63, 0x74, 0x69, 0x6f, 0x6e, 0x20, 0x6b, 0x65, 0x79, 
        0x28, 0x29, 0x20, 0x3a, 0x20, 0x4b, 0x3b, 0x0a, 0x7d, 0x0a, 
    };
    file_3.set_content(reinterpret_cast<const char*>(file_3_data), sizeof(file_3_data));
    auto &file_4 = module.add_file("stdlib:/core/debug.eco");
    static const unsigned char file_4_data[] = {
        0x2f, 0x2a, 0x2a, 0x0a, 0x20, 0x2a, 0x20, 0x50, 0x72, 0x69, 0x6e, 0x74, 
        0x69, 0x6e, 0x67, 0x20, 0x61, 0x20, 0x76, 0x61, 0x6c, 0x75, 0x65, 0x20, 
        0x77, 0x68, 0x69, 0x6c, 0x65, 0x20, 0x79, 0x6f, 0x75, 0x20, 0x61, 0x72, 
        0x65, 0x20, 0x6c, 0x6f, 0x6f, 0x6b, 0x69, 0x6e, 0x67, 0x20, 0x66, 0x6f, 
        0x72, 0x20, 0x73, 0x6f, 0x6d, 0x65, 0x74, 0x68, 0x69, 0x6e, 0x67, 0x2e, 
        0x0a, 0x20, 0x2a, 0x0a, 0x20, 0x2a, 0x20, 0x49, 0x6e, 0x20, 0x74, 0x68, 
        0x65, 0x20, 0x72, 0x6f, 0x6f, 0x74, 0x20, 0x6e, 0x61, 0x6d, 0x65, 0x73, 
        0x70, 0x61, 0x63, 0x65, 0x20, 0x62, 0x65, 0x73, 0x69, 0x64, 0x65, 0x20, 
        0x60, 0x64, 0x69, 0x65, 0x60, 0x2c, 0x20, 0x60, 0x61, 0x73, 0x73, 0x65, 
        0x72, 0x74, 0x60, 0x20, 0x61, 0x6e, 0x64, 0x20, 0x60, 0x72, 0x65, 0x66, 
        0x5f, 0x63, 0x6f, 0x75, 0x6e, 0x74, 0x60, 0x2c, 0x20, 0x61, 0x6e, 0x64, 
        0x20, 0x66, 0x6f, 0x72, 0x20, 0x74, 0x68, 0x65, 0x20, 0x73, 0x61, 0x6d, 
        0x65, 0x20, 0x72, 0x65, 0x61, 0x73, 0x6f, 0x6e, 0x3a, 0x20, 0x22, 0x77, 
        0x68, 0x61, 0x74, 0x20, 0x69, 0x73, 0x0a, 0x20, 0x2a, 0x20, 0x61, 0x63, 
        0x74, 0x75, 0x61, 0x6c, 0x6c, 0x79, 0x20, 0x69, 0x6e, 0x20, 0x74, 0x68, 
        0x69, 0x73, 0x20, 0x74, 0x68, 0x69, 0x6e, 0x67, 0x22, 0x20, 0x69, 0x73, 
        0x20, 0x61, 0x20, 0x71, 0x75, 0x65, 0x73, 0x74, 0x69, 0x6f, 0x6e, 0x20, 
        0x79, 0x6f, 0x75, 0x20, 0x61, 0x73, 0x6b, 0x20, 0x61, 0x74, 0x20, 0x74, 
        0x68, 0x72, 0x65, 0x65, 0x20, 0x69, 0x6e, 0x20, 0x74, 0x68, 0x65, 0x20, 
        0x6d, 0x6f, 0x72, 0x6e, 0x69, 0x6e, 0x67, 0x2c, 0x20, 0x61, 0x6e, 0x64, 
        0x20, 0x69, 0x74, 0x20, 0x62, 0x65, 0x6c, 0x6f, 0x6e, 0x67, 0x73, 0x20, 
        0x74, 0x6f, 0x20, 0x6e, 0x6f, 0x0a, 0x20, 0x2a, 0x20, 0x73, 0x75, 0x62, 
        0x73, 0x79, 0x73, 0x74, 0x65, 0x6d, 0x20, 0x79, 0x6f, 0x75, 0x20, 0x68, 
        0x61, 0x76, 0x65, 0x20, 0x74, 0x6f, 0x20, 0x6f, 0x70, 0x74, 0x20, 0x69, 
        0x6e, 0x74, 0x6f, 0x20, 0x66, 0x69, 0x72, 0x73, 0x74, 0x2e, 0x0a, 0x20, 
        0x2a, 0x2f, 0x0a, 0x0a, 0x2f, 0x2a, 0x2a, 0x0a, 0x20, 0x2a, 0x20, 0x50, 
        0x72, 0x69, 0x6e, 0x74, 0x20, 0x60, 0x24, 0x76, 0x61, 0x6c, 0x75, 0x65, 
        0x60, 0x20, 0x77, 0x69, 0x74, 0x68, 0x20, 0x69, 0x74, 0x73, 0x20, 0x74, 
        0x79, 0x70, 0x65, 0x2c, 0x20, 0x61, 0x6e, 0x64, 0x20, 0x2d, 0x20, 0x66, 
        0x6f, 0x72, 0x20, 0x61, 0x6e, 0x79, 0x74, 0x68, 0x69, 0x6e, 0x67, 0x20, 
        0x77, 0x69, 0x74, 0x68, 0x20, 0x70, 0x72, 0x6f, 0x70, 0x65, 0x72, 0x74, 
        0x69, 0x65, 0x73, 0x20, 0x2d, 0x20, 0x69, 0x74, 0x73, 0x20, 0x77, 0x68, 
        0x6f, 0x6c, 0x65, 0x20, 0x73, 0x74, 0x72, 0x75, 0x63, 0x74, 0x75, 0x72, 
        0x65, 0x2e, 0x0a, 0x20, 0x2a, 0x0a, 0x20, 0x2a, 0x20, 0x60, 0x60, 0x60, 
        0x65, 0x63, 0x68, 0x6f, 0x0a, 0x20, 0x2a, 0x20, 0x64, 0x70, 0x72, 0x69, 
        0x6e, 0x74, 0x28, 0x34, 0x32, 0x2e, 0x36, 0x39, 0x29, 0x3b, 0x0a, 0x20, 
        0x2a, 0x20, 0x2f, 0x2f, 0x20, 0x5b, 0x66, 0x6c, 0x6f, 0x61, 0x74, 0x33, 
        0x32, 0x5d, 0x20, 0x34, 0x32, 0x2e, 0x36, 0x39, 0x0a, 0x20, 0x2a, 0x0a, 
        0x20, 0x2a, 0x20, 0x64, 0x70, 0x72, 0x69, 0x6e, 0x74, 0x28, 0x24, 0x70, 
        0x6f, 0x69, 0x6e, 0x74, 0x29, 0x3b, 0x0a, 0x20, 0x2a, 0x20, 0x2f, 0x2f, 
        0x20, 0x5b, 0x50, 0x6f, 0x69, 0x6e, 0x74, 0x5d, 0x20, 0x7b, 0x0a, 0x20, 
        0x2a, 0x20, 0x2f, 0x2f, 0x20, 0x20, 0x20, 0x5b, 0x66, 0x6c, 0x6f, 0x61, 
        0x74, 0x33, 0x32, 0x5d, 0x20, 0x24, 0x78, 0x20, 0x3d, 0x20, 0x32, 0x34, 
        0x0a, 0x20, 0x2a, 0x20, 0x2f, 0x2f, 0x20, 0x20, 0x20, 0x5b, 0x66, 0x6c, 
        0x6f, 0x61, 0x74, 0x33, 0x32, 0x5d, 0x20, 0x24, 0x79, 0x20, 0x3d, 0x20, 
        0x36, 0x0a, 0x20, 0x2a, 0x20, 0x2f, 0x2f, 0x20, 0x7d, 0x0a, 0x20, 0x2a, 
        0x20, 0x60, 0x60, 0x60, 0x0a, 0x20, 0x2a, 0x0a, 0x20, 0x2a, 0x20, 0x57, 
        0x68, 0x65, 0x72, 0x65, 0x20, 0x60, 0x65, 0x63, 0x68, 0x6f, 0x60, 0x20, 
        0x70, 0x72, 0x69, 0x6e, 0x74, 0x73, 0x20, 0x6f, 0x6e, 0x65, 0x20, 0x73, 
        0x63, 0x61, 0x6c, 0x61, 0x72, 0x20, 0x61, 0x6e, 0x64, 0x20, 0x72, 0x65, 
        0x66, 0x75, 0x73, 0x65, 0x73, 0x20, 0x61, 0x20, 0x73, 0x74, 0x72, 0x75, 
        0x63, 0x74, 0x20, 0x6f, 0x75, 0x74, 0x72, 0x69, 0x67, 0x68, 0x74, 0x2c, 
        0x20, 0x74, 0x68, 0x69, 0x73, 0x20, 0x77, 0x61, 0x6c, 0x6b, 0x73, 0x20, 
        0x69, 0x6e, 0x3a, 0x20, 0x61, 0x20, 0x73, 0x74, 0x72, 0x75, 0x63, 0x74, 
        0x27, 0x73, 0x20, 0x70, 0x72, 0x6f, 0x70, 0x65, 0x72, 0x74, 0x69, 0x65, 
        0x73, 0x2c, 0x0a, 0x20, 0x2a, 0x20, 0x61, 0x6e, 0x64, 0x20, 0x61, 0x20, 
        0x63, 0x6c, 0x61, 0x73, 0x73, 0x20, 0x68, 0x61, 0x6e, 0x64, 0x6c, 0x65, 
        0x27, 0x73, 0x20, 0x70, 0x61, 0x79, 0x6c, 0x6f, 0x61, 0x64, 0x20, 0x62, 
        0x65, 0x68, 0x69, 0x6e, 0x64, 0x20, 0x61, 0x20, 0x6e, 0x75, 0x6c, 0x6c, 
        0x20, 0x63, 0x68, 0x65, 0x63, 0x6b, 0x2e, 0x20, 0x50, 0x6f, 0x69, 0x6e, 
        0x74, 0x65, 0x72, 0x73, 0x20, 0x70, 0x72, 0x69, 0x6e, 0x74, 0x20, 0x61, 
        0x73, 0x20, 0x61, 0x64, 0x64, 0x72, 0x65, 0x73, 0x73, 0x65, 0x73, 0x20, 
        0x61, 0x6e, 0x64, 0x20, 0x61, 0x72, 0x65, 0x20, 0x6e, 0x65, 0x76, 0x65, 
        0x72, 0x0a, 0x20, 0x2a, 0x20, 0x66, 0x6f, 0x6c, 0x6c, 0x6f, 0x77, 0x65, 
        0x64, 0x20, 0x2d, 0x20, 0x61, 0x6e, 0x20, 0x61, 0x64, 0x64, 0x72, 0x65, 
        0x73, 0x73, 0x20, 0x6d, 0x61, 0x79, 0x20, 0x62, 0x65, 0x20, 0x61, 0x6e, 
        0x79, 0x74, 0x68, 0x69, 0x6e, 0x67, 0x2c, 0x20, 0x69, 0x6e, 0x63, 0x6c, 
        0x75, 0x64, 0x69, 0x6e, 0x67, 0x20, 0x6e, 0x6f, 0x74, 0x68, 0x69, 0x6e, 
        0x67, 0x2e, 0x0a, 0x20, 0x2a, 0x0a, 0x20, 0x2a, 0x20, 0x41, 0x20, 0x63, 
        0x6f, 0x6d, 0x70, 0x69, 0x6c, 0x65, 0x72, 0x20, 0x62, 0x75, 0x69, 0x6c, 
        0x74, 0x69, 0x6e, 0x20, 0x72, 0x61, 0x74, 0x68, 0x65, 0x72, 0x20, 0x74, 
        0x68, 0x61, 0x6e, 0x20, 0x61, 0x20, 0x6c, 0x69, 0x62, 0x72, 0x61, 0x72, 
        0x79, 0x20, 0x66, 0x75, 0x6e, 0x63, 0x74, 0x69, 0x6f, 0x6e, 0x2c, 0x20, 
        0x62, 0x65, 0x63, 0x61, 0x75, 0x73, 0x65, 0x20, 0x65, 0x76, 0x65, 0x72, 
        0x79, 0x20, 0x70, 0x61, 0x72, 0x74, 0x20, 0x6f, 0x66, 0x20, 0x74, 0x68, 
        0x61, 0x74, 0x20, 0x6f, 0x75, 0x74, 0x70, 0x75, 0x74, 0x20, 0x69, 0x73, 
        0x20, 0x61, 0x20, 0x63, 0x6f, 0x6d, 0x70, 0x69, 0x6c, 0x65, 0x72, 0x0a, 
        0x20, 0x2a, 0x20, 0x66, 0x61, 0x63, 0x74, 0x20, 0x77, 0x69, 0x74, 0x68, 
        0x20, 0x6e, 0x6f, 0x20, 0x45, 0x63, 0x68, 0x6f, 0x20, 0x73, 0x70, 0x65, 
        0x6c, 0x6c, 0x69, 0x6e, 0x67, 0x3a, 0x20, 0x74, 0x68, 0x65, 0x20, 0x6e, 
        0x61, 0x6d, 0x65, 0x20, 0x6f, 0x66, 0x20, 0x61, 0x20, 0x74, 0x79, 0x70, 
        0x65, 0x2c, 0x20, 0x74, 0x68, 0x65, 0x20, 0x6e, 0x61, 0x6d, 0x65, 0x73, 
        0x20, 0x61, 0x6e, 0x64, 0x20, 0x64, 0x65, 0x63, 0x6c, 0x61, 0x72, 0x61, 
        0x74, 0x69, 0x6f, 0x6e, 0x20, 0x6f, 0x72, 0x64, 0x65, 0x72, 0x20, 0x6f, 
        0x66, 0x20, 0x69, 0x74, 0x73, 0x20, 0x70, 0x72, 0x6f, 0x70, 0x65, 0x72, 
        0x74, 0x69, 0x65, 0x73, 0x2c, 0x0a, 0x20, 0x2a, 0x20, 0x61, 0x6e, 0x64, 
        0x20, 0x74, 0x68, 0x65, 0x20, 0x6c, 0x61, 0x79, 0x6f, 0x75, 0x74, 0x20, 
        0x69, 0x74, 0x20, 0x72, 0x65, 0x61, 0x64, 0x73, 0x20, 0x74, 0x68, 0x65, 
        0x6d, 0x20, 0x6f, 0x75, 0x74, 0x20, 0x6f, 0x66, 0x2e, 0x20, 0x49, 0x74, 
        0x20, 0x68, 0x61, 0x73, 0x20, 0x6e, 0x6f, 0x20, 0x73, 0x79, 0x6d, 0x62, 
        0x6f, 0x6c, 0x2c, 0x20, 0x6e, 0x6f, 0x74, 0x68, 0x69, 0x6e, 0x67, 0x20, 
        0x6c, 0x69, 0x6e, 0x6b, 0x73, 0x20, 0x61, 0x67, 0x61, 0x69, 0x6e, 0x73, 
        0x74, 0x20, 0x69, 0x74, 0x2c, 0x20, 0x61, 0x6e, 0x64, 0x20, 0x74, 0x68, 
        0x65, 0x20, 0x73, 0x68, 0x61, 0x70, 0x65, 0x20, 0x69, 0x73, 0x0a, 0x20, 
        0x2a, 0x20, 0x65, 0x78, 0x70, 0x61, 0x6e, 0x64, 0x65, 0x64, 0x20, 0x77, 
        0x68, 0x65, 0x72, 0x65, 0x20, 0x79, 0x6f, 0x75, 0x20, 0x77, 0x72, 0x6f, 
        0x74, 0x65, 0x20, 0x74, 0x68, 0x65, 0x20, 0x63, 0x61, 0x6c, 0x6c, 0x20, 
        0x2d, 0x20, 0x73, 0x6f, 0x20, 0x61, 0x20, 0x73, 0x74, 0x72, 0x75, 0x63, 
        0x74, 0x20, 0x6f, 0x66, 0x20, 0x74, 0x65, 0x6e, 0x20, 0x73, 0x63, 0x61, 
        0x6c, 0x61, 0x72, 0x73, 0x20, 0x69, 0x73, 0x20, 0x2a, 0x6f, 0x6e, 0x65, 
        0x2a, 0x20, 0x60, 0x70, 0x72, 0x69, 0x6e, 0x74, 0x66, 0x60, 0x2e, 0x0a, 
        0x20, 0x2a, 0x0a, 0x20, 0x2a, 0x20, 0x54, 0x68, 0x65, 0x20, 0x70, 0x61, 
        0x72, 0x61, 0x6d, 0x65, 0x74, 0x65, 0x72, 0x20, 0x69, 0x73, 0x20, 0x61, 
        0x20, 0x2a, 0x2a, 0x62, 0x6f, 0x72, 0x72, 0x6f, 0x77, 0x2a, 0x2a, 0x2c, 
        0x20, 0x6e, 0x6f, 0x74, 0x20, 0x61, 0x20, 0x76, 0x61, 0x6c, 0x75, 0x65, 
        0x2c, 0x20, 0x61, 0x6e, 0x64, 0x20, 0x74, 0x68, 0x61, 0x74, 0x20, 0x6d, 
        0x61, 0x74, 0x74, 0x65, 0x72, 0x73, 0x20, 0x6d, 0x6f, 0x72, 0x65, 0x20, 
        0x68, 0x65, 0x72, 0x65, 0x20, 0x74, 0x68, 0x61, 0x6e, 0x20, 0x66, 0x6f, 
        0x72, 0x20, 0x60, 0x72, 0x65, 0x66, 0x5f, 0x63, 0x6f, 0x75, 0x6e, 0x74, 
        0x60, 0x2e, 0x20, 0x41, 0x0a, 0x20, 0x2a, 0x20, 0x62, 0x79, 0x2d, 0x76, 
        0x61, 0x6c, 0x75, 0x65, 0x20, 0x63, 0x6c, 0x61, 0x73, 0x73, 0x20, 0x61, 
        0x72, 0x67, 0x75, 0x6d, 0x65, 0x6e, 0x74, 0x20, 0x69, 0x73, 0x20, 0x6f, 
        0x6e, 0x65, 0x20, 0x6d, 0x6f, 0x72, 0x65, 0x20, 0x72, 0x65, 0x66, 0x65, 
        0x72, 0x65, 0x6e, 0x63, 0x65, 0x2c, 0x20, 0x73, 0x6f, 0x20, 0x74, 0x68, 
        0x65, 0x20, 0x70, 0x72, 0x69, 0x6e, 0x74, 0x65, 0x72, 0x20, 0x77, 0x6f, 
        0x75, 0x6c, 0x64, 0x20, 0x62, 0x65, 0x20, 0x70, 0x65, 0x72, 0x74, 0x75, 
        0x72, 0x62, 0x69, 0x6e, 0x67, 0x20, 0x65, 0x78, 0x61, 0x63, 0x74, 0x6c, 
        0x79, 0x20, 0x77, 0x68, 0x61, 0x74, 0x20, 0x79, 0x6f, 0x75, 0x0a, 0x20, 
        0x2a, 0x20, 0x63, 0x61, 0x6c, 0x6c, 0x65, 0x64, 0x20, 0x69, 0x74, 0x20, 
        0x74, 0x6f, 0x20, 0x6c, 0x6f, 0x6f, 0x6b, 0x20, 0x61, 0x74, 0x3b, 0x20, 
        0x61, 0x20, 0x62, 0x79, 0x2d, 0x76, 0x61, 0x6c, 0x75, 0x65, 0x20, 0x73, 
        0x74, 0x72, 0x75, 0x63, 0x74, 0x20, 0x61, 0x72, 0x67, 0x75, 0x6d, 0x65, 
        0x6e, 0x74, 0x20, 0x69, 0x73, 0x20, 0x61, 0x20, 0x63, 0x6f, 0x70, 0x79, 
        0x2c, 0x20, 0x73, 0x6f, 0x20, 0x61, 0x20, 0x73, 0x74, 0x72, 0x75, 0x63, 
        0x74, 0x20, 0x64, 0x65, 0x63, 0x6c, 0x61, 0x72, 0x69, 0x6e, 0x67, 0x20, 
        0x61, 0x20, 0x63, 0x6f, 0x70, 0x79, 0x0a, 0x20, 0x2a, 0x20, 0x63, 0x6f, 
        0x6e, 0x73, 0x74, 0x72, 0x75, 0x63, 0x74, 0x6f, 0x72, 0x20, 0x77, 0x6f, 
        0x75, 0x6c, 0x64, 0x20, 0x72, 0x75, 0x6e, 0x20, 0x69, 0x74, 0x20, 0x61, 
        0x6e, 0x64, 0x20, 0x79, 0x6f, 0x75, 0x20, 0x77, 0x6f, 0x75, 0x6c, 0x64, 
        0x20, 0x62, 0x65, 0x20, 0x72, 0x65, 0x61, 0x64, 0x69, 0x6e, 0x67, 0x20, 
        0x74, 0x68, 0x65, 0x20, 0x63, 0x6f, 0x70, 0x79, 0x2e, 0x20, 0x41, 0x73, 
        0x20, 0x61, 0x20, 0x62, 0x6f, 0x72, 0x72, 0x6f, 0x77, 0x20, 0x69, 0x74, 
        0x20, 0x72, 0x65, 0x61, 0x64, 0x73, 0x20, 0x69, 0x6e, 0x20, 0x70, 0x6c, 
        0x61, 0x63, 0x65, 0x20, 0x61, 0x6e, 0x64, 0x0a, 0x20, 0x2a, 0x20, 0x63, 
        0x68, 0x61, 0x6e, 0x67, 0x65, 0x73, 0x20, 0x6e, 0x6f, 0x74, 0x68, 0x69, 
        0x6e, 0x67, 0x20, 0x2d, 0x20, 0x60, 0x6d, 0x65, 0x6d, 0x3a, 0x3a, 0x72, 
        0x65, 0x66, 0x5f, 0x63, 0x6f, 0x75, 0x6e, 0x74, 0x28, 0x24, 0x78, 0x29, 
        0x60, 0x20, 0x72, 0x65, 0x61, 0x64, 0x73, 0x20, 0x74, 0x68, 0x65, 0x20, 
        0x73, 0x61, 0x6d, 0x65, 0x20, 0x6f, 0x6e, 0x20, 0x62, 0x6f, 0x74, 0x68, 
        0x20, 0x73, 0x69, 0x64, 0x65, 0x73, 0x20, 0x6f, 0x66, 0x20, 0x61, 0x20, 
        0x60, 0x64, 0x70, 0x72, 0x69, 0x6e, 0x74, 0x28, 0x24, 0x78, 0x29, 0x60, 
        0x2e, 0x0a, 0x20, 0x2a, 0x0a, 0x20, 0x2a, 0x20, 0x2a, 0x2a, 0x49, 0x74, 
        0x20, 0x77, 0x61, 0x6c, 0x6b, 0x73, 0x20, 0x74, 0x68, 0x65, 0x20, 0x73, 
        0x74, 0x61, 0x74, 0x69, 0x63, 0x20, 0x74, 0x79, 0x70, 0x65, 0x2c, 0x20, 
        0x6e, 0x6f, 0x74, 0x20, 0x74, 0x68, 0x65, 0x20, 0x6f, 0x62, 0x6a, 0x65, 
        0x63, 0x74, 0x20, 0x67, 0x72, 0x61, 0x70, 0x68, 0x2e, 0x2a, 0x2a, 0x20, 
        0x41, 0x20, 0x74, 0x79, 0x70, 0x65, 0x20, 0x74, 0x68, 0x61, 0x74, 0x20, 
        0x72, 0x65, 0x61, 0x63, 0x68, 0x65, 0x73, 0x20, 0x69, 0x74, 0x73, 0x65, 
        0x6c, 0x66, 0x20, 0x69, 0x73, 0x20, 0x63, 0x75, 0x74, 0x20, 0x77, 0x69, 
        0x74, 0x68, 0x0a, 0x20, 0x2a, 0x20, 0x60, 0x3c, 0x63, 0x79, 0x63, 0x6c, 
        0x65, 0x3e, 0x60, 0x20, 0x74, 0x68, 0x65, 0x20, 0x73, 0x65, 0x63, 0x6f, 
        0x6e, 0x64, 0x20, 0x74, 0x69, 0x6d, 0x65, 0x20, 0x69, 0x74, 0x20, 0x61, 
        0x70, 0x70, 0x65, 0x61, 0x72, 0x73, 0x20, 0x6f, 0x6e, 0x20, 0x74, 0x68, 
        0x65, 0x20, 0x77, 0x61, 0x79, 0x20, 0x64, 0x6f, 0x77, 0x6e, 0x2c, 0x20, 
        0x73, 0x6f, 0x20, 0x61, 0x20, 0x74, 0x68, 0x72, 0x65, 0x65, 0x2d, 0x65, 
        0x6c, 0x65, 0x6d, 0x65, 0x6e, 0x74, 0x20, 0x6c, 0x69, 0x6e, 0x6b, 0x65, 
        0x64, 0x20, 0x6c, 0x69, 0x73, 0x74, 0x20, 0x70, 0x72, 0x69, 0x6e, 0x74, 
        0x73, 0x20, 0x6f, 0x6e, 0x65, 0x0a, 0x20, 0x2a, 0x20, 0x6e, 0x6f, 0x64, 
        0x65, 0x20, 0x61, 0x6e, 0x64, 0x20, 0x74, 0x68, 0x65, 0x6e, 0x20, 0x60, 
        0x3c, 0x63, 0x79, 0x63, 0x6c, 0x65, 0x3e, 0x60, 0x20, 0x2d, 0x20, 0x74, 
        0x68, 0x65, 0x20, 0x2a, 0x74, 0x79, 0x70, 0x65, 0x2a, 0x20, 0x60, 0x4e, 
        0x6f, 0x64, 0x65, 0x60, 0x20, 0x69, 0x73, 0x20, 0x69, 0x6e, 0x66, 0x69, 
        0x6e, 0x69, 0x74, 0x65, 0x6c, 0x79, 0x20, 0x64, 0x65, 0x65, 0x70, 0x20, 
        0x68, 0x6f, 0x77, 0x65, 0x76, 0x65, 0x72, 0x20, 0x73, 0x68, 0x6f, 0x72, 
        0x74, 0x20, 0x74, 0x68, 0x65, 0x20, 0x6c, 0x69, 0x73, 0x74, 0x20, 0x69, 
        0x73, 0x2e, 0x0a, 0x20, 0x2a, 0x20, 0x4e, 0x65, 0x73, 0x74, 0x69, 0x6e, 
        0x67, 0x20, 0x64, 0x65, 0x65, 0x70, 0x65, 0x72, 0x20, 0x74, 0x68, 0x61, 
        0x6e, 0x20, 0x65, 0x69, 0x67, 0x68, 0x74, 0x20, 0x6c, 0x65, 0x76, 0x65, 
        0x6c, 0x73, 0x20, 0x69, 0x73, 0x20, 0x63, 0x75, 0x74, 0x20, 0x77, 0x69, 
        0x74, 0x68, 0x20, 0x60, 0x3c, 0x6d, 0x61, 0x78, 0x20, 0x64, 0x65, 0x70, 
        0x74, 0x68, 0x3e, 0x60, 0x2c, 0x20, 0x77, 0x68, 0x69, 0x63, 0x68, 0x20, 
        0x63, 0x61, 0x74, 0x63, 0x68, 0x65, 0x73, 0x20, 0x61, 0x20, 0x63, 0x68, 
        0x61, 0x69, 0x6e, 0x20, 0x6f, 0x66, 0x20, 0x64, 0x69, 0x73, 0x74, 0x69, 
        0x6e, 0x63, 0x74, 0x0a, 0x20, 0x2a, 0x20, 0x74, 0x79, 0x70, 0x65, 0x73, 
        0x20, 0x74, 0x68, 0x61, 0x74, 0x20, 0x74, 0x68, 0x65, 0x20, 0x66, 0x69, 
        0x72, 0x73, 0x74, 0x20, 0x63, 0x75, 0x74, 0x20, 0x63, 0x61, 0x6e, 0x6e, 
        0x6f, 0x74, 0x20, 0x73, 0x65, 0x65, 0x2e, 0x20, 0x46, 0x6f, 0x6c, 0x6c, 
        0x6f, 0x77, 0x69, 0x6e, 0x67, 0x20, 0x74, 0x68, 0x65, 0x20, 0x72, 0x65, 
        0x61, 0x6c, 0x20, 0x67, 0x72, 0x61, 0x70, 0x68, 0x20, 0x77, 0x6f, 0x75, 
        0x6c, 0x64, 0x20, 0x6e, 0x65, 0x65, 0x64, 0x20, 0x61, 0x20, 0x72, 0x75, 
        0x6e, 0x74, 0x69, 0x6d, 0x65, 0x20, 0x76, 0x69, 0x73, 0x69, 0x74, 0x65, 
        0x64, 0x2d, 0x73, 0x65, 0x74, 0x20, 0x61, 0x6e, 0x64, 0x0a, 0x20, 0x2a, 
        0x20, 0x68, 0x61, 0x73, 0x20, 0x6e, 0x6f, 0x20, 0x62, 0x6f, 0x75, 0x6e, 
        0x64, 0x20, 0x6f, 0x6e, 0x20, 0x69, 0x74, 0x73, 0x20, 0x6f, 0x75, 0x74, 
        0x70, 0x75, 0x74, 0x3b, 0x20, 0x74, 0x68, 0x69, 0x73, 0x20, 0x68, 0x61, 
        0x73, 0x20, 0x6e, 0x65, 0x69, 0x74, 0x68, 0x65, 0x72, 0x20, 0x70, 0x72, 
        0x6f, 0x62, 0x6c, 0x65, 0x6d, 0x2c, 0x20, 0x61, 0x74, 0x20, 0x74, 0x68, 
        0x65, 0x20, 0x63, 0x6f, 0x73, 0x74, 0x20, 0x6f, 0x66, 0x20, 0x73, 0x68, 
        0x6f, 0x77, 0x69, 0x6e, 0x67, 0x20, 0x79, 0x6f, 0x75, 0x20, 0x6f, 0x6e, 
        0x65, 0x20, 0x6e, 0x6f, 0x64, 0x65, 0x2e, 0x0a, 0x20, 0x2a, 0x0a, 0x20, 
        0x2a, 0x20, 0x41, 0x20, 0x76, 0x61, 0x6c, 0x75, 0x65, 0x20, 0x65, 0x72, 
        0x61, 0x73, 0x65, 0x64, 0x20, 0x74, 0x6f, 0x20, 0x61, 0x6e, 0x20, 0x69, 
        0x6e, 0x74, 0x65, 0x72, 0x66, 0x61, 0x63, 0x65, 0x20, 0x70, 0x72, 0x69, 
        0x6e, 0x74, 0x73, 0x20, 0x60, 0x3c, 0x69, 0x6e, 0x74, 0x65, 0x72, 0x66, 
        0x61, 0x63, 0x65, 0x3e, 0x60, 0x3a, 0x20, 0x74, 0x68, 0x65, 0x20, 0x63, 
        0x6f, 0x6e, 0x63, 0x72, 0x65, 0x74, 0x65, 0x20, 0x74, 0x79, 0x70, 0x65, 
        0x20, 0x69, 0x73, 0x20, 0x61, 0x20, 0x77, 0x6f, 0x72, 0x64, 0x20, 0x69, 
        0x6e, 0x20, 0x74, 0x68, 0x65, 0x20, 0x68, 0x65, 0x61, 0x70, 0x0a, 0x20, 
        0x2a, 0x20, 0x62, 0x6c, 0x6f, 0x63, 0x6b, 0x20, 0x61, 0x74, 0x20, 0x72, 
        0x75, 0x6e, 0x74, 0x69, 0x6d, 0x65, 0x2c, 0x20, 0x61, 0x6e, 0x64, 0x20, 
        0x74, 0x68, 0x65, 0x72, 0x65, 0x20, 0x69, 0x73, 0x20, 0x6e, 0x6f, 0x20, 
        0x6e, 0x61, 0x6d, 0x65, 0x20, 0x73, 0x74, 0x6f, 0x72, 0x65, 0x64, 0x20, 
        0x6e, 0x65, 0x78, 0x74, 0x20, 0x74, 0x6f, 0x20, 0x69, 0x74, 0x20, 0x74, 
        0x6f, 0x20, 0x70, 0x72, 0x69, 0x6e, 0x74, 0x2e, 0x0a, 0x20, 0x2a, 0x2f, 
        0x0a, 0x23, 0x5b, 0x62, 0x75, 0x69, 0x6c, 0x74, 0x69, 0x6e, 0x3a, 0x20, 
        0x22, 0x64, 0x70, 0x72, 0x69, 0x6e, 0x74, 0x22, 0x5d, 0x0a, 0x66, 0x75, 
        0x6e, 0x63, 0x74, 0x69, 0x6f, 0x6e, 0x20, 0x64, 0x70, 0x72, 0x69, 0x6e, 
        0x74, 0x3c, 0x54, 0x3e, 0x28, 0x54, 0x26, 0x20, 0x24, 0x76, 0x61, 0x6c, 
        0x75, 0x65, 0x29, 0x20, 0x3a, 0x20, 0x76, 0x6f, 0x69, 0x64, 0x3b, 0x0a, 
    };
    file_4.set_content(reinterpret_cast<const char*>(file_4_data), sizeof(file_4_data));
    auto &file_5 = module.add_file("stdlib:/core/mem.eco");
    static const unsigned char file_5_data[] = {
        0x6e, 0x61, 0x6d, 0x65, 0x73, 0x70, 0x61, 0x63, 0x65, 0x20, 0x6d, 0x65, 
        0x6d, 0x3b, 0x0a, 0x0a, 0x2f, 0x2a, 0x2a, 0x0a, 0x20, 0x2a, 0x20, 0x4d, 
        0x65, 0x6d, 0x6f, 0x72, 0x79, 0x3a, 0x20, 0x72, 0x61, 0x77, 0x20, 0x68, 
        0x65, 0x61, 0x70, 0x20, 0x61, 0x6c, 0x6c, 0x6f, 0x63, 0x61, 0x74, 0x69, 
        0x6f, 0x6e, 0x2c, 0x20, 0x61, 0x6e, 0x64, 0x20, 0x72, 0x65, 0x61, 0x64, 
        0x69, 0x6e, 0x67, 0x20, 0x74, 0x68, 0x65, 0x20, 0x72, 0x65, 0x66, 0x65, 
        0x72, 0x65, 0x6e, 0x63, 0x65, 0x20, 0x63, 0x6f, 0x75, 0x6e, 0x74, 0x73, 
        0x2e, 0x0a, 0x20, 0x2a, 0x0a, 0x20, 0x2a, 0x20, 0x4e, 0x6f, 0x74, 0x68, 
        0x69, 0x6e, 0x67, 0x20, 0x68, 0x65, 0x72, 0x65, 0x20, 0x66, 0x72, 0x65, 
        0x65, 0x73, 0x20, 0x61, 0x6e, 0x79, 0x74, 0x68, 0x69, 0x6e, 0x67, 0x20, 
        0x66, 0x6f, 0x72, 0x20, 0x79, 0x6f, 0x75, 0x2e, 0x20, 0x45, 0x76, 0x65, 
        0x72, 0x79, 0x20, 0x60, 0x6d, 0x65, 0x6d, 0x3a, 0x3a, 0x61, 0x6c, 0x6c, 
        0x6f, 0x63, 0x60, 0x20, 0x6e, 0x65, 0x65, 0x64, 0x73, 0x20, 0x61, 0x20, 
        0x6d, 0x61, 0x74, 0x63, 0x68, 0x69, 0x6e, 0x67, 0x20, 0x60, 0x6d, 0x65, 
        0x6d, 0x3a, 0x3a, 0x66, 0x72, 0x65, 0x65, 0x60, 0x2c, 0x20, 0x61, 0x6e, 
        0x64, 0x0a, 0x20, 0x2a, 0x20, 0x75, 0x73, 0x69, 0x6e, 0x67, 0x20, 0x6d, 
        0x65, 0x6d, 0x6f, 0x72, 0x79, 0x20, 0x61, 0x66, 0x74, 0x65, 0x72, 0x20, 
        0x66, 0x72, 0x65, 0x65, 0x69, 0x6e, 0x67, 0x20, 0x69, 0x74, 0x20, 0x69, 
        0x73, 0x20, 0x75, 0x6e, 0x64, 0x65, 0x66, 0x69, 0x6e, 0x65, 0x64, 0x2e, 
        0x20, 0x53, 0x65, 0x65, 0x20, 0x62, 0x6f, 0x6f, 0x6b, 0x2f, 0x63, 0x6f, 
        0x6e, 0x63, 0x65, 0x70, 0x74, 0x2f, 0x70, 0x6f, 0x69, 0x6e, 0x74, 0x65, 
        0x72, 0x73, 0x5f, 0x61, 0x6e, 0x64, 0x5f, 0x72, 0x65, 0x66, 0x73, 0x5f, 
        0x76, 0x32, 0x2e, 0x6d, 0x64, 0x2e, 0x0a, 0x20, 0x2a, 0x0a, 0x20, 0x2a, 
        0x20, 0x43, 0x6f, 0x75, 0x6e, 0x74, 0x73, 0x20, 0x61, 0x72, 0x65, 0x20, 
        0x61, 0x6c, 0x77, 0x61, 0x79, 0x73, 0x20, 0x63, 0x6f, 0x75, 0x6e, 0x74, 
        0x73, 0x20, 0x6f, 0x66, 0x20, 0x2a, 0x65, 0x6c, 0x65, 0x6d, 0x65, 0x6e, 
        0x74, 0x73, 0x2a, 0x2c, 0x20, 0x6e, 0x65, 0x76, 0x65, 0x72, 0x20, 0x62, 
        0x79, 0x74, 0x65, 0x73, 0x2e, 0x20, 0x54, 0x68, 0x65, 0x20, 0x62, 0x79, 
        0x74, 0x65, 0x2d, 0x6c, 0x65, 0x76, 0x65, 0x6c, 0x20, 0x66, 0x75, 0x6e, 
        0x63, 0x74, 0x69, 0x6f, 0x6e, 0x73, 0x20, 0x62, 0x65, 0x6c, 0x6f, 0x77, 
        0x20, 0x61, 0x72, 0x65, 0x20, 0x74, 0x68, 0x65, 0x0a, 0x20, 0x2a, 0x20, 
        0x73, 0x69, 0x6e, 0x67, 0x6c, 0x65, 0x20, 0x65, 0x78, 0x63, 0x65, 0x70, 
        0x74, 0x69, 0x6f, 0x6e, 0x2c, 0x20, 0x61, 0x6e, 0x64, 0x20, 0x74, 0x68, 
        0x65, 0x20, 0x6f, 0x6e, 0x6c, 0x79, 0x20, 0x70, 0x6c, 0x61, 0x63, 0x65, 
        0x20, 0x61, 0x20, 0x73, 0x69, 0x7a, 0x65, 0x20, 0x69, 0x6e, 0x20, 0x62, 
        0x79, 0x74, 0x65, 0x73, 0x20, 0x61, 0x70, 0x70, 0x65, 0x61, 0x72, 0x73, 
        0x20, 0x61, 0x74, 0x20, 0x61, 0x6c, 0x6c, 0x2e, 0x0a, 0x20, 0x2a, 0x0a, 
        0x20, 0x2a, 0x20, 0x60, 0x6d, 0x65, 0x6d, 0x60, 0x20, 0x73, 0x69, 0x74, 
        0x73, 0x20, 0x62, 0x65, 0x73, 0x69, 0x64, 0x65, 0x20, 0x60, 0x63, 0x6f, 
        0x72, 0x65, 0x60, 0x27, 0x73, 0x20, 0x72, 0x6f, 0x6f, 0x74, 0x2d, 0x6e, 
        0x61, 0x6d, 0x65, 0x73, 0x70, 0x61, 0x63, 0x65, 0x20, 0x74, 0x79, 0x70, 
        0x65, 0x73, 0x20, 0x72, 0x61, 0x74, 0x68, 0x65, 0x72, 0x20, 0x74, 0x68, 
        0x61, 0x6e, 0x20, 0x75, 0x6e, 0x64, 0x65, 0x72, 0x20, 0x60, 0x73, 0x74, 
        0x64, 0x60, 0x2c, 0x20, 0x62, 0x65, 0x63, 0x61, 0x75, 0x73, 0x65, 0x20, 
        0x6e, 0x6f, 0x6e, 0x65, 0x20, 0x6f, 0x66, 0x20, 0x74, 0x68, 0x69, 0x73, 
        0x20, 0x69, 0x73, 0x20, 0x61, 0x0a, 0x20, 0x2a, 0x20, 0x75, 0x74, 0x69, 
        0x6c, 0x69, 0x74, 0x79, 0x20, 0x79, 0x6f, 0x75, 0x20, 0x6f, 0x70, 0x74, 
        0x20, 0x69, 0x6e, 0x74, 0x6f, 0x20, 0x2d, 0x20, 0x69, 0x74, 0x20, 0x69, 
        0x73, 0x20, 0x68, 0x6f, 0x77, 0x20, 0x74, 0x68, 0x65, 0x20, 0x6c, 0x61, 
        0x6e, 0x67, 0x75, 0x61, 0x67, 0x65, 0x27, 0x73, 0x20, 0x6f, 0x77, 0x6e, 
        0x20, 0x74, 0x79, 0x70, 0x65, 0x73, 0x20, 0x61, 0x72, 0x65, 0x20, 0x62, 
        0x75, 0x69, 0x6c, 0x74, 0x2c, 0x20, 0x61, 0x6e, 0x64, 0x20, 0x60, 0x61, 
        0x72, 0x72, 0x61, 0x79, 0x60, 0x20, 0x61, 0x6e, 0x64, 0x20, 0x60, 0x73, 
        0x74, 0x72, 0x69, 0x6e, 0x67, 0x60, 0x20, 0x69, 0x6e, 0x20, 0x74, 0x68, 
        0x69, 0x73, 0x0a, 0x20, 0x2a, 0x20, 0x73, 0x61, 0x6d, 0x65, 0x20, 0x64, 
        0x69, 0x72, 0x65, 0x63, 0x74, 0x6f, 0x72, 0x79, 0x20, 0x61, 0x72, 0x65, 
        0x20, 0x77, 0x72, 0x69, 0x74, 0x74, 0x65, 0x6e, 0x20, 0x61, 0x67, 0x61, 
        0x69, 0x6e, 0x73, 0x74, 0x20, 0x69, 0x74, 0x2e, 0x20, 0x57, 0x68, 0x61, 
        0x74, 0x20, 0x6b, 0x65, 0x65, 0x70, 0x73, 0x20, 0x69, 0x74, 0x20, 0x6f, 
        0x75, 0x74, 0x20, 0x6f, 0x66, 0x20, 0x74, 0x68, 0x65, 0x20, 0x72, 0x6f, 
        0x6f, 0x74, 0x20, 0x69, 0x73, 0x20, 0x6f, 0x6e, 0x6c, 0x79, 0x20, 0x74, 
        0x68, 0x61, 0x74, 0x20, 0x79, 0x6f, 0x75, 0x20, 0x64, 0x6f, 0x20, 0x6e, 
        0x6f, 0x74, 0x20, 0x77, 0x72, 0x69, 0x74, 0x65, 0x0a, 0x20, 0x2a, 0x20, 
        0x69, 0x74, 0x20, 0x65, 0x76, 0x65, 0x72, 0x79, 0x20, 0x6c, 0x69, 0x6e, 
        0x65, 0x2e, 0x0a, 0x20, 0x2a, 0x2f, 0x0a, 0x0a, 0x2f, 0x2a, 0x2a, 0x0a, 
        0x20, 0x2a, 0x20, 0x54, 0x68, 0x65, 0x20, 0x72, 0x61, 0x77, 0x20, 0x61, 
        0x6c, 0x6c, 0x6f, 0x63, 0x61, 0x74, 0x6f, 0x72, 0x2c, 0x20, 0x61, 0x6e, 
        0x73, 0x77, 0x65, 0x72, 0x65, 0x64, 0x20, 0x62, 0x79, 0x20, 0x74, 0x68, 
        0x65, 0x20, 0x63, 0x6f, 0x6d, 0x70, 0x69, 0x6c, 0x65, 0x72, 0x2e, 0x0a, 
        0x20, 0x2a, 0x0a, 0x20, 0x2a, 0x20, 0x42, 0x75, 0x69, 0x6c, 0x74, 0x69, 
        0x6e, 0x73, 0x20, 0x72, 0x61, 0x74, 0x68, 0x65, 0x72, 0x20, 0x74, 0x68, 
        0x61, 0x6e, 0x20, 0x60, 0x65, 0x78, 0x74, 0x65, 0x72, 0x6e, 0x20, 0x6d, 
        0x61, 0x6c, 0x6c, 0x6f, 0x63, 0x60, 0x2f, 0x60, 0x72, 0x65, 0x61, 0x6c, 
        0x6c, 0x6f, 0x63, 0x60, 0x2f, 0x60, 0x66, 0x72, 0x65, 0x65, 0x60, 0x2c, 
        0x20, 0x61, 0x6e, 0x64, 0x20, 0x74, 0x68, 0x65, 0x20, 0x72, 0x65, 0x61, 
        0x73, 0x6f, 0x6e, 0x20, 0x69, 0x73, 0x20, 0x6f, 0x6e, 0x65, 0x20, 0x74, 
        0x68, 0x65, 0x20, 0x6c, 0x61, 0x6e, 0x67, 0x75, 0x61, 0x67, 0x65, 0x20, 
        0x6e, 0x65, 0x65, 0x64, 0x65, 0x64, 0x0a, 0x20, 0x2a, 0x20, 0x72, 0x61, 
        0x74, 0x68, 0x65, 0x72, 0x20, 0x74, 0x68, 0x61, 0x6e, 0x20, 0x61, 0x20, 
        0x70, 0x72, 0x65, 0x66, 0x65, 0x72, 0x65, 0x6e, 0x63, 0x65, 0x2e, 0x20, 
        0x54, 0x77, 0x6f, 0x20, 0x70, 0x6c, 0x61, 0x63, 0x65, 0x73, 0x20, 0x61, 
        0x6c, 0x6c, 0x6f, 0x63, 0x61, 0x74, 0x65, 0x64, 0x20, 0x2d, 0x20, 0x74, 
        0x68, 0x65, 0x73, 0x65, 0x2c, 0x20, 0x61, 0x6e, 0x64, 0x20, 0x74, 0x68, 
        0x65, 0x20, 0x72, 0x75, 0x6e, 0x74, 0x69, 0x6d, 0x65, 0x27, 0x73, 0x20, 
        0x6f, 0x77, 0x6e, 0x20, 0x62, 0x6c, 0x6f, 0x63, 0x6b, 0x20, 0x66, 0x6f, 
        0x72, 0x20, 0x61, 0x20, 0x63, 0x6c, 0x61, 0x73, 0x73, 0x0a, 0x20, 0x2a, 
        0x20, 0x6f, 0x72, 0x20, 0x61, 0x20, 0x63, 0x6c, 0x6f, 0x73, 0x75, 0x72, 
        0x65, 0x20, 0x2d, 0x20, 0x61, 0x6e, 0x64, 0x20, 0x62, 0x65, 0x63, 0x61, 
        0x75, 0x73, 0x65, 0x20, 0x6e, 0x6f, 0x74, 0x68, 0x69, 0x6e, 0x67, 0x20, 
        0x73, 0x61, 0x77, 0x20, 0x62, 0x6f, 0x74, 0x68, 0x2c, 0x20, 0x22, 0x68, 
        0x6f, 0x77, 0x20, 0x6d, 0x75, 0x63, 0x68, 0x20, 0x6d, 0x65, 0x6d, 0x6f, 
        0x72, 0x79, 0x20, 0x64, 0x6f, 0x65, 0x73, 0x20, 0x74, 0x68, 0x69, 0x73, 
        0x20, 0x70, 0x72, 0x6f, 0x67, 0x72, 0x61, 0x6d, 0x20, 0x73, 0x74, 0x69, 
        0x6c, 0x6c, 0x20, 0x68, 0x6f, 0x6c, 0x64, 0x22, 0x20, 0x68, 0x61, 0x64, 
        0x0a, 0x20, 0x2a, 0x20, 0x6e, 0x6f, 0x20, 0x61, 0x6e, 0x73, 0x77, 0x65, 
        0x72, 0x20, 0x61, 0x74, 0x20, 0x61, 0x6c, 0x6c, 0x2e, 0x20, 0x52, 0x6f, 
        0x75, 0x74, 0x69, 0x6e, 0x67, 0x20, 0x74, 0x68, 0x65, 0x73, 0x65, 0x20, 
        0x74, 0x68, 0x72, 0x6f, 0x75, 0x67, 0x68, 0x20, 0x74, 0x68, 0x65, 0x20, 
        0x63, 0x6f, 0x6d, 0x70, 0x69, 0x6c, 0x65, 0x72, 0x20, 0x67, 0x69, 0x76, 
        0x65, 0x73, 0x20, 0x74, 0x68, 0x65, 0x20, 0x74, 0x77, 0x6f, 0x20, 0x6f, 
        0x6e, 0x65, 0x20, 0x6f, 0x77, 0x6e, 0x65, 0x72, 0x20, 0x61, 0x6e, 0x64, 
        0x20, 0x6f, 0x6e, 0x65, 0x20, 0x63, 0x6f, 0x75, 0x6e, 0x74, 0x65, 0x72, 
        0x2c, 0x0a, 0x20, 0x2a, 0x20, 0x77, 0x68, 0x69, 0x63, 0x68, 0x20, 0x69, 
        0x73, 0x20, 0x77, 0x68, 0x61, 0x74, 0x20, 0x60, 0x6c, 0x69, 0x76, 0x65, 
        0x5f, 0x61, 0x6c, 0x6c, 0x6f, 0x63, 0x61, 0x74, 0x69, 0x6f, 0x6e, 0x73, 
        0x60, 0x20, 0x62, 0x65, 0x6c, 0x6f, 0x77, 0x20, 0x72, 0x65, 0x61, 0x64, 
        0x73, 0x2e, 0x0a, 0x20, 0x2a, 0x0a, 0x20, 0x2a, 0x20, 0x60, 0x61, 0x6c, 
        0x6c, 0x6f, 0x63, 0x60, 0x2c, 0x20, 0x60, 0x72, 0x65, 0x61, 0x6c, 0x6c, 
        0x6f, 0x63, 0x60, 0x20, 0x61, 0x6e, 0x64, 0x20, 0x60, 0x66, 0x72, 0x65, 
        0x65, 0x60, 0x20, 0x62, 0x65, 0x6e, 0x65, 0x61, 0x74, 0x68, 0x20, 0x74, 
        0x68, 0x65, 0x6d, 0x20, 0x61, 0x72, 0x65, 0x20, 0x73, 0x74, 0x69, 0x6c, 
        0x6c, 0x20, 0x74, 0x68, 0x65, 0x20, 0x63, 0x68, 0x6f, 0x6b, 0x65, 0x20, 
        0x70, 0x6f, 0x69, 0x6e, 0x74, 0x20, 0x74, 0x68, 0x65, 0x20, 0x72, 0x65, 
        0x73, 0x74, 0x20, 0x6f, 0x66, 0x20, 0x74, 0x68, 0x65, 0x20, 0x6e, 0x61, 
        0x6d, 0x65, 0x73, 0x70, 0x61, 0x63, 0x65, 0x0a, 0x20, 0x2a, 0x20, 0x66, 
        0x75, 0x6e, 0x6e, 0x65, 0x6c, 0x73, 0x20, 0x74, 0x68, 0x72, 0x6f, 0x75, 
        0x67, 0x68, 0x2c, 0x20, 0x73, 0x6f, 0x20, 0x61, 0x20, 0x64, 0x69, 0x66, 
        0x66, 0x65, 0x72, 0x65, 0x6e, 0x74, 0x20, 0x61, 0x6c, 0x6c, 0x6f, 0x63, 
        0x61, 0x74, 0x6f, 0x72, 0x20, 0x2d, 0x20, 0x61, 0x6e, 0x20, 0x61, 0x72, 
        0x65, 0x6e, 0x61, 0x2c, 0x20, 0x61, 0x20, 0x70, 0x6f, 0x6f, 0x6c, 0x20, 
        0x2d, 0x20, 0x69, 0x73, 0x20, 0x73, 0x74, 0x69, 0x6c, 0x6c, 0x20, 0x61, 
        0x20, 0x63, 0x68, 0x61, 0x6e, 0x67, 0x65, 0x20, 0x74, 0x6f, 0x20, 0x74, 
        0x68, 0x72, 0x65, 0x65, 0x0a, 0x20, 0x2a, 0x20, 0x66, 0x75, 0x6e, 0x63, 
        0x74, 0x69, 0x6f, 0x6e, 0x20, 0x62, 0x6f, 0x64, 0x69, 0x65, 0x73, 0x2e, 
        0x20, 0x57, 0x68, 0x61, 0x74, 0x20, 0x6d, 0x6f, 0x76, 0x65, 0x64, 0x20, 
        0x69, 0x73, 0x20, 0x6f, 0x6e, 0x6c, 0x79, 0x20, 0x77, 0x68, 0x65, 0x72, 
        0x65, 0x20, 0x74, 0x68, 0x65, 0x20, 0x62, 0x79, 0x74, 0x65, 0x73, 0x20, 
        0x75, 0x6e, 0x64, 0x65, 0x72, 0x6e, 0x65, 0x61, 0x74, 0x68, 0x20, 0x74, 
        0x68, 0x6f, 0x73, 0x65, 0x20, 0x74, 0x68, 0x72, 0x65, 0x65, 0x20, 0x63, 
        0x6f, 0x6d, 0x65, 0x20, 0x66, 0x72, 0x6f, 0x6d, 0x2e, 0x0a, 0x20, 0x2a, 
        0x0a, 0x20, 0x2a, 0x20, 0x4e, 0x6f, 0x74, 0x68, 0x69, 0x6e, 0x67, 0x20, 
        0x6f, 0x75, 0x74, 0x73, 0x69, 0x64, 0x65, 0x20, 0x74, 0x68, 0x69, 0x73, 
        0x20, 0x66, 0x69, 0x6c, 0x65, 0x20, 0x73, 0x68, 0x6f, 0x75, 0x6c, 0x64, 
        0x20, 0x63, 0x61, 0x6c, 0x6c, 0x20, 0x74, 0x68, 0x65, 0x6d, 0x2e, 0x20, 
        0x60, 0x75, 0x73, 0x69, 0x7a, 0x65, 0x60, 0x20, 0x73, 0x74, 0x61, 0x6e, 
        0x64, 0x73, 0x20, 0x69, 0x6e, 0x20, 0x66, 0x6f, 0x72, 0x20, 0x43, 0x27, 
        0x73, 0x20, 0x60, 0x73, 0x69, 0x7a, 0x65, 0x5f, 0x74, 0x60, 0x2e, 0x0a, 
        0x20, 0x2a, 0x2f, 0x0a, 0x23, 0x5b, 0x62, 0x75, 0x69, 0x6c, 0x74, 0x69, 
        0x6e, 0x3a, 0x20, 0x22, 0x61, 0x6c, 0x6c, 0x6f, 0x63, 0x5f, 0x62, 0x79, 
        0x74, 0x65, 0x73, 0x22, 0x5d, 0x0a, 0x66, 0x75, 0x6e, 0x63, 0x74, 0x69, 
        0x6f, 0x6e, 0x20, 0x61, 0x6c, 0x6c, 0x6f, 0x63, 0x5f, 0x62, 0x79, 0x74, 
        0x65, 0x73, 0x28, 0x75, 0x73, 0x69, 0x7a, 0x65, 0x20, 0x24, 0x62, 0x79, 
        0x74, 0x65, 0x73, 0x29, 0x20, 0x3a, 0x20, 0x70, 0x74, 0x72, 0x3c, 0x75, 
        0x69, 0x6e, 0x74, 0x38, 0x3e, 0x3b, 0x0a, 0x0a, 0x23, 0x5b, 0x62, 0x75, 
        0x69, 0x6c, 0x74, 0x69, 0x6e, 0x3a, 0x20, 0x22, 0x72, 0x65, 0x61, 0x6c, 
        0x6c, 0x6f, 0x63, 0x5f, 0x62, 0x79, 0x74, 0x65, 0x73, 0x22, 0x5d, 0x0a, 
        0x66, 0x75, 0x6e, 0x63, 0x74, 0x69, 0x6f, 0x6e, 0x20, 0x72, 0x65, 0x61, 
        0x6c, 0x6c, 0x6f, 0x63, 0x5f, 0x62, 0x79, 0x74, 0x65, 0x73, 0x28, 0x70, 
        0x74, 0x72, 0x3c, 0x75, 0x69, 0x6e, 0x74, 0x38, 0x3e, 0x20, 0x24, 0x70, 
        0x2c, 0x20, 0x75, 0x73, 0x69, 0x7a, 0x65, 0x20, 0x24, 0x62, 0x79, 0x74, 
        0x65, 0x73, 0x29, 0x20, 0x3a, 0x20, 0x70, 0x74, 0x72, 0x3c, 0x75, 0x69, 
        0x6e, 0x74, 0x38, 0x3e, 0x3b, 0x0a, 0x0a, 0x23, 0x5b, 0x62, 0x75, 0x69, 
        0x6c, 0x74, 0x69, 0x6e, 0x3a, 0x20, 0x22, 0x66, 0x72, 0x65, 0x65, 0x5f, 
        0x62, 0x79, 0x74, 0x65, 0x73, 0x22, 0x5d, 0x0a, 0x66, 0x75, 0x6e, 0x63, 
        0x74, 0x69, 0x6f, 0x6e, 0x20, 0x66, 0x72, 0x65, 0x65, 0x5f, 0x62, 0x79, 
        0x74, 0x65, 0x73, 0x28, 0x70, 0x74, 0x72, 0x3c, 0x75, 0x69, 0x6e, 0x74, 
        0x38, 0x3e, 0x20, 0x24, 0x70, 0x29, 0x20, 0x3a, 0x20, 0x76, 0x6f, 0x69, 
        0x64, 0x3b, 0x0a, 0x0a, 0x2f, 0x2a, 0x2a, 0x0a, 0x20, 0x2a, 0x20, 0x54, 
        0x68, 0x65, 0x20, 0x74, 0x77, 0x6f, 0x20, 0x62, 0x79, 0x74, 0x65, 0x2d, 
        0x6c, 0x65, 0x76, 0x65, 0x6c, 0x20, 0x6f, 0x70, 0x65, 0x72, 0x61, 0x74, 
        0x69, 0x6f, 0x6e, 0x73, 0x20, 0x74, 0x68, 0x61, 0x74, 0x20, 0x6d, 0x6f, 
        0x76, 0x65, 0x20, 0x6d, 0x65, 0x6d, 0x6f, 0x72, 0x79, 0x20, 0x61, 0x72, 
        0x6f, 0x75, 0x6e, 0x64, 0x20, 0x77, 0x69, 0x74, 0x68, 0x6f, 0x75, 0x74, 
        0x20, 0x65, 0x76, 0x65, 0x72, 0x20, 0x61, 0x73, 0x6b, 0x69, 0x6e, 0x67, 
        0x20, 0x66, 0x6f, 0x72, 0x20, 0x61, 0x6e, 0x79, 0x2e, 0x0a, 0x20, 0x2a, 
        0x0a, 0x20, 0x2a, 0x20, 0x53, 0x74, 0x69, 0x6c, 0x6c, 0x20, 0x62, 0x6f, 
        0x75, 0x6e, 0x64, 0x20, 0x73, 0x74, 0x72, 0x61, 0x69, 0x67, 0x68, 0x74, 
        0x20, 0x74, 0x6f, 0x20, 0x43, 0x2c, 0x20, 0x62, 0x65, 0x63, 0x61, 0x75, 
        0x73, 0x65, 0x20, 0x74, 0x68, 0x65, 0x72, 0x65, 0x20, 0x69, 0x73, 0x20, 
        0x6e, 0x6f, 0x74, 0x68, 0x69, 0x6e, 0x67, 0x20, 0x61, 0x62, 0x6f, 0x75, 
        0x74, 0x20, 0x74, 0x68, 0x65, 0x6d, 0x20, 0x74, 0x68, 0x65, 0x20, 0x63, 
        0x6f, 0x6d, 0x70, 0x69, 0x6c, 0x65, 0x72, 0x20, 0x6e, 0x65, 0x65, 0x64, 
        0x73, 0x20, 0x74, 0x6f, 0x20, 0x6b, 0x6e, 0x6f, 0x77, 0x3a, 0x20, 0x74, 
        0x68, 0x65, 0x79, 0x0a, 0x20, 0x2a, 0x20, 0x6e, 0x65, 0x69, 0x74, 0x68, 
        0x65, 0x72, 0x20, 0x74, 0x61, 0x6b, 0x65, 0x20, 0x61, 0x20, 0x62, 0x6c, 
        0x6f, 0x63, 0x6b, 0x20, 0x6f, 0x75, 0x74, 0x20, 0x6f, 0x66, 0x20, 0x74, 
        0x68, 0x65, 0x20, 0x61, 0x6c, 0x6c, 0x6f, 0x63, 0x61, 0x74, 0x6f, 0x72, 
        0x20, 0x6e, 0x6f, 0x72, 0x20, 0x67, 0x69, 0x76, 0x65, 0x20, 0x6f, 0x6e, 
        0x65, 0x20, 0x62, 0x61, 0x63, 0x6b, 0x2c, 0x20, 0x73, 0x6f, 0x20, 0x74, 
        0x68, 0x65, 0x79, 0x20, 0x61, 0x72, 0x65, 0x20, 0x69, 0x6e, 0x76, 0x69, 
        0x73, 0x69, 0x62, 0x6c, 0x65, 0x20, 0x74, 0x6f, 0x20, 0x74, 0x68, 0x65, 
        0x20, 0x63, 0x6f, 0x75, 0x6e, 0x74, 0x2e, 0x0a, 0x20, 0x2a, 0x0a, 0x20, 
        0x2a, 0x20, 0x60, 0x69, 0x6e, 0x74, 0x33, 0x32, 0x60, 0x20, 0x73, 0x74, 
        0x61, 0x6e, 0x64, 0x73, 0x20, 0x69, 0x6e, 0x20, 0x66, 0x6f, 0x72, 0x20, 
        0x43, 0x27, 0x73, 0x20, 0x60, 0x69, 0x6e, 0x74, 0x60, 0x3b, 0x20, 0x69, 
        0x74, 0x20, 0x61, 0x67, 0x72, 0x65, 0x65, 0x73, 0x20, 0x6f, 0x6e, 0x20, 
        0x65, 0x76, 0x65, 0x72, 0x79, 0x20, 0x74, 0x61, 0x72, 0x67, 0x65, 0x74, 
        0x20, 0x63, 0x75, 0x72, 0x72, 0x65, 0x6e, 0x74, 0x6c, 0x79, 0x20, 0x73, 
        0x75, 0x70, 0x70, 0x6f, 0x72, 0x74, 0x65, 0x64, 0x2e, 0x0a, 0x20, 0x2a, 
        0x2f, 0x0a, 0x65, 0x78, 0x74, 0x65, 0x72, 0x6e, 0x20, 0x7b, 0x0a, 0x20, 
        0x20, 0x20, 0x20, 0x66, 0x75, 0x6e, 0x63, 0x74, 0x69, 0x6f, 0x6e, 0x20, 
        0x6d, 0x65, 0x6d, 0x63, 0x70, 0x79, 0x20, 0x61, 0x73, 0x20, 0x63, 0x6f, 
        0x70, 0x79, 0x5f, 0x62, 0x79, 0x74, 0x65, 0x73, 0x28, 0x70, 0x74, 0x72, 
        0x3c, 0x75, 0x69, 0x6e, 0x74, 0x38, 0x3e, 0x20, 0x24, 0x64, 0x73, 0x74, 
        0x2c, 0x20, 0x70, 0x74, 0x72, 0x3c, 0x75, 0x69, 0x6e, 0x74, 0x38, 0x3e, 
        0x20, 0x24, 0x73, 0x72, 0x63, 0x2c, 0x20, 0x75, 0x73, 0x69, 0x7a, 0x65, 
        0x20, 0x24, 0x62, 0x79, 0x74, 0x65, 0x73, 0x29, 0x20, 0x3a, 0x20, 0x70, 
        0x74, 0x72, 0x3c, 0x75, 0x69, 0x6e, 0x74, 0x38, 0x3e, 0x3b, 0x0a, 0x20, 
        0x20, 0x20, 0x20, 0x66, 0x75, 0x6e, 0x63, 0x74, 0x69, 0x6f, 0x6e, 0x20, 
        0x6d, 0x65, 0x6d, 0x73, 0x65, 0x74, 0x20, 0x61, 0x73, 0x20, 0x73, 0x65, 
        0x74, 0x5f, 0x62, 0x79, 0x74, 0x65, 0x73, 0x28, 0x70, 0x74, 0x72, 0x3c, 
        0x75, 0x69, 0x6e, 0x74, 0x38, 0x3e, 0x20, 0x24, 0x70, 0x2c, 0x20, 0x69, 
        0x6e, 0x74, 0x33, 0x32, 0x20, 0x24, 0x76, 0x61, 0x6c, 0x75, 0x65, 0x2c, 
        0x20, 0x75, 0x73, 0x69, 0x7a, 0x65, 0x20, 0x24, 0x62, 0x79, 0x74, 0x65, 
        0x73, 0x29, 0x20, 0x3a, 0x20, 0x70, 0x74, 0x72, 0x3c, 0x75, 0x69, 0x6e, 
        0x74, 0x38, 0x3e, 0x3b, 0x0a, 0x7d, 0x0a, 0x0a, 0x2f, 0x2a, 0x2a, 0x0a, 
        0x20, 0x2a, 0x20, 0x54, 0x68, 0x65, 0x20, 0x73, 0x69, 0x7a, 0x65, 0x20, 
        0x6f, 0x66, 0x20, 0x6f, 0x6e, 0x65, 0x20, 0x60, 0x54, 0x60, 0x20, 0x69, 
        0x6e, 0x20, 0x62, 0x79, 0x74, 0x65, 0x73, 0x2c, 0x20, 0x61, 0x73, 0x20, 
        0x61, 0x20, 0x63, 0x6f, 0x6d, 0x70, 0x69, 0x6c, 0x65, 0x2d, 0x74, 0x69, 
        0x6d, 0x65, 0x20, 0x63, 0x6f, 0x6e, 0x73, 0x74, 0x61, 0x6e, 0x74, 0x2e, 
        0x0a, 0x20, 0x2a, 0x0a, 0x20, 0x2a, 0x20, 0x54, 0x68, 0x69, 0x73, 0x20, 
        0x69, 0x73, 0x20, 0x74, 0x68, 0x65, 0x20, 0x61, 0x6c, 0x6c, 0x6f, 0x63, 
        0x61, 0x74, 0x69, 0x6f, 0x6e, 0x20, 0x73, 0x74, 0x72, 0x69, 0x64, 0x65, 
        0x2c, 0x20, 0x73, 0x6f, 0x20, 0x69, 0x74, 0x20, 0x69, 0x6e, 0x63, 0x6c, 
        0x75, 0x64, 0x65, 0x73, 0x20, 0x61, 0x6e, 0x79, 0x20, 0x74, 0x61, 0x69, 
        0x6c, 0x20, 0x70, 0x61, 0x64, 0x64, 0x69, 0x6e, 0x67, 0x20, 0x2d, 0x20, 
        0x60, 0x73, 0x69, 0x7a, 0x65, 0x5f, 0x6f, 0x66, 0x3c, 0x54, 0x3e, 0x28, 
        0x29, 0x20, 0x2a, 0x20, 0x24, 0x6e, 0x60, 0x20, 0x69, 0x73, 0x20, 0x65, 
        0x78, 0x61, 0x63, 0x74, 0x6c, 0x79, 0x0a, 0x20, 0x2a, 0x20, 0x74, 0x68, 
        0x65, 0x20, 0x72, 0x6f, 0x6f, 0x6d, 0x20, 0x60, 0x24, 0x6e, 0x60, 0x20, 
        0x65, 0x6c, 0x65, 0x6d, 0x65, 0x6e, 0x74, 0x73, 0x20, 0x6f, 0x66, 0x20, 
        0x60, 0x54, 0x60, 0x20, 0x6e, 0x65, 0x65, 0x64, 0x2c, 0x20, 0x61, 0x6e, 
        0x64, 0x20, 0x60, 0x24, 0x70, 0x3a, 0x24, 0x5b, 0x6e, 0x5d, 0x60, 0x20, 
        0x6c, 0x61, 0x6e, 0x64, 0x73, 0x20, 0x6f, 0x6e, 0x20, 0x65, 0x6c, 0x65, 
        0x6d, 0x65, 0x6e, 0x74, 0x20, 0x60, 0x6e, 0x60, 0x2e, 0x0a, 0x20, 0x2a, 
        0x2f, 0x0a, 0x23, 0x5b, 0x62, 0x75, 0x69, 0x6c, 0x74, 0x69, 0x6e, 0x3a, 
        0x20, 0x22, 0x73, 0x69, 0x7a, 0x65, 0x5f, 0x6f, 0x66, 0x22, 0x5d, 0x0a, 
        0x66, 0x75, 0x6e, 0x63, 0x74, 0x69, 0x6f, 0x6e, 0x20, 0x73, 0x69, 0x7a, 
        0x65, 0x5f, 0x6f, 0x66, 0x3c, 0x54, 0x3e, 0x28, 0x29, 0x20, 0x3a, 0x20, 
        0x75, 0x73, 0x69, 0x7a, 0x65, 0x3b, 0x0a, 0x0a, 0x2f, 0x2a, 0x2a, 0x0a, 
        0x20, 0x2a, 0x20, 0x54, 0x68, 0x65, 0x20, 0x61, 0x6c, 0x69, 0x67, 0x6e, 
        0x6d, 0x65, 0x6e, 0x74, 0x20, 0x60, 0x54, 0x60, 0x20, 0x72, 0x65, 0x71, 
        0x75, 0x69, 0x72, 0x65, 0x73, 0x2c, 0x20, 0x69, 0x6e, 0x20, 0x62, 0x79, 
        0x74, 0x65, 0x73, 0x2c, 0x20, 0x61, 0x73, 0x20, 0x61, 0x20, 0x63, 0x6f, 
        0x6d, 0x70, 0x69, 0x6c, 0x65, 0x2d, 0x74, 0x69, 0x6d, 0x65, 0x20, 0x63, 
        0x6f, 0x6e, 0x73, 0x74, 0x61, 0x6e, 0x74, 0x2e, 0x0a, 0x20, 0x2a, 0x2f, 
        0x0a, 0x23, 0x5b, 0x62, 0x75, 0x69, 0x6c, 0x74, 0x69, 0x6e, 0x3a, 0x20, 
        0x22, 0x61, 0x6c, 0x69, 0x67, 0x6e, 0x5f, 0x6f, 0x66, 0x22, 0x5d, 0x0a, 
        0x66, 0x75, 0x6e, 0x63, 0x74, 0x69, 0x6f, 0x6e, 0x20, 0x61, 0x6c, 0x69, 
        0x67, 0x6e, 0x5f, 0x6f, 0x66, 0x3c, 0x54, 0x3e, 0x28, 0x29, 0x20, 0x3a, 
        0x20, 0x75, 0x73, 0x69, 0x7a, 0x65, 0x3b, 0x0a, 0x0a, 0x2f, 0x2a, 0x2a, 
        0x0a, 0x20, 0x2a, 0x20, 0x41, 0x6c, 0x6c, 0x6f, 0x63, 0x61, 0x74, 0x65, 
        0x73, 0x20, 0x72, 0x6f, 0x6f, 0x6d, 0x20, 0x66, 0x6f, 0x72, 0x20, 0x60, 
        0x24, 0x63, 0x6f, 0x75, 0x6e, 0x74, 0x60, 0x20, 0x65, 0x6c, 0x65, 0x6d, 
        0x65, 0x6e, 0x74, 0x73, 0x20, 0x6f, 0x66, 0x20, 0x60, 0x54, 0x60, 0x2c, 
        0x20, 0x75, 0x6e, 0x69, 0x6e, 0x69, 0x74, 0x69, 0x61, 0x6c, 0x69, 0x7a, 
        0x65, 0x64, 0x2e, 0x0a, 0x20, 0x2a, 0x0a, 0x20, 0x2a, 0x20, 0x52, 0x65, 
        0x74, 0x75, 0x72, 0x6e, 0x73, 0x20, 0x60, 0x6e, 0x75, 0x6c, 0x6c, 0x60, 
        0x20, 0x77, 0x68, 0x65, 0x6e, 0x20, 0x74, 0x68, 0x65, 0x20, 0x61, 0x6c, 
        0x6c, 0x6f, 0x63, 0x61, 0x74, 0x69, 0x6f, 0x6e, 0x20, 0x66, 0x61, 0x69, 
        0x6c, 0x73, 0x2e, 0x20, 0x42, 0x65, 0x63, 0x61, 0x75, 0x73, 0x65, 0x20, 
        0x74, 0x68, 0x65, 0x20, 0x72, 0x65, 0x73, 0x75, 0x6c, 0x74, 0x20, 0x69, 
        0x73, 0x20, 0x60, 0x70, 0x74, 0x72, 0x3c, 0x54, 0x3e, 0x60, 0x20, 0x61, 
        0x6e, 0x64, 0x20, 0x6e, 0x6f, 0x74, 0x20, 0x60, 0x54, 0x26, 0x60, 0x2c, 
        0x20, 0x74, 0x68, 0x65, 0x20, 0x74, 0x79, 0x70, 0x65, 0x0a, 0x20, 0x2a, 
        0x20, 0x73, 0x79, 0x73, 0x74, 0x65, 0x6d, 0x20, 0x6d, 0x61, 0x6b, 0x65, 
        0x73, 0x20, 0x79, 0x6f, 0x75, 0x20, 0x61, 0x63, 0x6b, 0x6e, 0x6f, 0x77, 
        0x6c, 0x65, 0x64, 0x67, 0x65, 0x20, 0x74, 0x68, 0x61, 0x74, 0x20, 0x62, 
        0x65, 0x66, 0x6f, 0x72, 0x65, 0x20, 0x79, 0x6f, 0x75, 0x20, 0x63, 0x61, 
        0x6e, 0x20, 0x75, 0x73, 0x65, 0x20, 0x69, 0x74, 0x20, 0x61, 0x73, 0x20, 
        0x61, 0x20, 0x72, 0x65, 0x66, 0x65, 0x72, 0x65, 0x6e, 0x63, 0x65, 0x2e, 
        0x0a, 0x20, 0x2a, 0x2f, 0x0a, 0x66, 0x75, 0x6e, 0x63, 0x74, 0x69, 0x6f, 
        0x6e, 0x20, 0x61, 0x6c, 0x6c, 0x6f, 0x63, 0x3c, 0x54, 0x3e, 0x28, 0x75, 
        0x73, 0x69, 0x7a, 0x65, 0x20, 0x24, 0x63, 0x6f, 0x75, 0x6e, 0x74, 0x29, 
        0x20, 0x3a, 0x20, 0x70, 0x74, 0x72, 0x3c, 0x54, 0x3e, 0x0a, 0x7b, 0x0a, 
        0x20, 0x20, 0x20, 0x20, 0x72, 0x65, 0x74, 0x75, 0x72, 0x6e, 0x20, 0x70, 
        0x74, 0x72, 0x3c, 0x54, 0x3e, 0x28, 0x61, 0x6c, 0x6c, 0x6f, 0x63, 0x5f, 
        0x62, 0x79, 0x74, 0x65, 0x73, 0x28, 0x24, 0x63, 0x6f, 0x75, 0x6e, 0x74, 
        0x20, 0x2a, 0x20, 0x73, 0x69, 0x7a, 0x65, 0x5f, 0x6f, 0x66, 0x3c, 0x54, 
        0x3e, 0x28, 0x29, 0x29, 0x29, 0x3b, 0x0a, 0x7d, 0x0a, 0x0a, 0x2f, 0x2a, 
        0x2a, 0x0a, 0x20, 0x2a, 0x20, 0x52, 0x65, 0x73, 0x69, 0x7a, 0x65, 0x73, 
        0x20, 0x61, 0x6e, 0x20, 0x61, 0x6c, 0x6c, 0x6f, 0x63, 0x61, 0x74, 0x69, 
        0x6f, 0x6e, 0x20, 0x74, 0x6f, 0x20, 0x60, 0x24, 0x63, 0x6f, 0x75, 0x6e, 
        0x74, 0x60, 0x20, 0x65, 0x6c, 0x65, 0x6d, 0x65, 0x6e, 0x74, 0x73, 0x2c, 
        0x20, 0x70, 0x72, 0x65, 0x73, 0x65, 0x72, 0x76, 0x69, 0x6e, 0x67, 0x20, 
        0x61, 0x73, 0x20, 0x6d, 0x75, 0x63, 0x68, 0x20, 0x6f, 0x66, 0x20, 0x74, 
        0x68, 0x65, 0x20, 0x63, 0x6f, 0x6e, 0x74, 0x65, 0x6e, 0x74, 0x73, 0x20, 
        0x61, 0x73, 0x20, 0x66, 0x69, 0x74, 0x73, 0x2e, 0x0a, 0x20, 0x2a, 0x0a, 
        0x20, 0x2a, 0x20, 0x4d, 0x61, 0x79, 0x20, 0x6d, 0x6f, 0x76, 0x65, 0x20, 
        0x74, 0x68, 0x65, 0x20, 0x62, 0x6c, 0x6f, 0x63, 0x6b, 0x2c, 0x20, 0x73, 
        0x6f, 0x20, 0x74, 0x68, 0x65, 0x20, 0x72, 0x65, 0x74, 0x75, 0x72, 0x6e, 
        0x65, 0x64, 0x20, 0x61, 0x64, 0x64, 0x72, 0x65, 0x73, 0x73, 0x20, 0x69, 
        0x73, 0x20, 0x74, 0x68, 0x65, 0x20, 0x6f, 0x6e, 0x65, 0x20, 0x74, 0x6f, 
        0x20, 0x6b, 0x65, 0x65, 0x70, 0x20, 0x2d, 0x20, 0x74, 0x68, 0x65, 0x20, 
        0x6f, 0x6c, 0x64, 0x20, 0x6f, 0x6e, 0x65, 0x20, 0x69, 0x73, 0x20, 0x64, 
        0x65, 0x61, 0x64, 0x2e, 0x20, 0x44, 0x6f, 0x65, 0x73, 0x20, 0x6e, 0x6f, 
        0x74, 0x0a, 0x20, 0x2a, 0x20, 0x70, 0x72, 0x65, 0x73, 0x65, 0x72, 0x76, 
        0x65, 0x20, 0x61, 0x6e, 0x79, 0x20, 0x61, 0x6c, 0x69, 0x67, 0x6e, 0x6d, 
        0x65, 0x6e, 0x74, 0x20, 0x73, 0x74, 0x72, 0x6f, 0x6e, 0x67, 0x65, 0x72, 
        0x20, 0x74, 0x68, 0x61, 0x6e, 0x20, 0x74, 0x68, 0x65, 0x20, 0x61, 0x6c, 
        0x6c, 0x6f, 0x63, 0x61, 0x74, 0x6f, 0x72, 0x27, 0x73, 0x20, 0x6f, 0x77, 
        0x6e, 0x2e, 0x0a, 0x20, 0x2a, 0x2f, 0x0a, 0x66, 0x75, 0x6e, 0x63, 0x74, 
        0x69, 0x6f, 0x6e, 0x20, 0x72, 0x65, 0x61, 0x6c, 0x6c, 0x6f, 0x63, 0x3c, 
        0x54, 0x3e, 0x28, 0x70, 0x74, 0x72, 0x3c, 0x54, 0x3e, 0x20, 0x24, 0x70, 
        0x2c, 0x20, 0x75, 0x73, 0x69, 0x7a, 0x65, 0x20, 0x24, 0x63, 0x6f, 0x75, 
        0x6e, 0x74, 0x29, 0x20, 0x3a, 0x20, 0x70, 0x74, 0x72, 0x3c, 0x54, 0x3e, 
        0x0a, 0x7b, 0x0a, 0x20, 0x20, 0x20, 0x20, 0x72, 0x65, 0x74, 0x75, 0x72, 
        0x6e, 0x20, 0x70, 0x74, 0x72, 0x3c, 0x54, 0x3e, 0x28, 0x72, 0x65, 0x61, 
        0x6c, 0x6c, 0x6f, 0x63, 0x5f, 0x62, 0x79, 0x74, 0x65, 0x73, 0x28, 0x70, 
        0x74, 0x72, 0x3c, 0x75, 0x69, 0x6e, 0x74, 0x38, 0x3e, 0x28, 0x24, 0x70, 
        0x3a, 0x24, 0x29, 0x2c, 0x20, 0x24, 0x63, 0x6f, 0x75, 0x6e, 0x74, 0x20, 
        0x2a, 0x20, 0x73, 0x69, 0x7a, 0x65, 0x5f, 0x6f, 0x66, 0x3c, 0x54, 0x3e, 
        0x28, 0x29, 0x29, 0x29, 0x3b, 0x0a, 0x7d, 0x0a, 0x0a, 0x2f, 0x2a, 0x2a, 
        0x0a, 0x20, 0x2a, 0x20, 0x52, 0x65, 0x6c, 0x65, 0x61, 0x73, 0x65, 0x73, 
        0x20, 0x61, 0x6e, 0x20, 0x61, 0x6c, 0x6c, 0x6f, 0x63, 0x61, 0x74, 0x69, 
        0x6f, 0x6e, 0x2e, 0x20, 0x46, 0x72, 0x65, 0x65, 0x69, 0x6e, 0x67, 0x20, 
        0x60, 0x6e, 0x75, 0x6c, 0x6c, 0x60, 0x20, 0x69, 0x73, 0x20, 0x61, 0x20, 
        0x6e, 0x6f, 0x2d, 0x6f, 0x70, 0x2e, 0x0a, 0x20, 0x2a, 0x2f, 0x0a, 0x66, 
        0x75, 0x6e, 0x63, 0x74, 0x69, 0x6f, 0x6e, 0x20, 0x66, 0x72, 0x65, 0x65, 
        0x3c, 0x54, 0x3e, 0x28, 0x70, 0x74, 0x72, 0x3c, 0x54, 0x3e, 0x20, 0x24, 
        0x70, 0x29, 0x20, 0x3a, 0x20, 0x76, 0x6f, 0x69, 0x64, 0x0a, 0x7b, 0x0a, 
        0x20, 0x20, 0x20, 0x20, 0x66, 0x72, 0x65, 0x65, 0x5f, 0x62, 0x79, 0x74, 
        0x65, 0x73, 0x28, 0x70, 0x74, 0x72, 0x3c, 0x75, 0x69, 0x6e, 0x74, 0x38, 
        0x3e, 0x28, 0x24, 0x70, 0x3a, 0x24, 0x29, 0x29, 0x3b, 0x0a, 0x7d, 0x0a, 
        0x0a, 0x2f, 0x2a, 0x2a, 0x0a, 0x20, 0x2a, 0x20, 0x43, 0x6f, 0x70, 0x69, 
        0x65, 0x73, 0x20, 0x60, 0x24, 0x63, 0x6f, 0x75, 0x6e, 0x74, 0x60, 0x20, 
        0x65, 0x6c, 0x65, 0x6d, 0x65, 0x6e, 0x74, 0x73, 0x20, 0x66, 0x72, 0x6f, 
        0x6d, 0x20, 0x60, 0x24, 0x73, 0x72, 0x63, 0x60, 0x20, 0x74, 0x6f, 0x20, 
        0x60, 0x24, 0x64, 0x73, 0x74, 0x60, 0x2e, 0x20, 0x54, 0x68, 0x65, 0x20, 
        0x74, 0x77, 0x6f, 0x20, 0x72, 0x65, 0x67, 0x69, 0x6f, 0x6e, 0x73, 0x20, 
        0x6d, 0x75, 0x73, 0x74, 0x20, 0x6e, 0x6f, 0x74, 0x20, 0x6f, 0x76, 0x65, 
        0x72, 0x6c, 0x61, 0x70, 0x2e, 0x0a, 0x20, 0x2a, 0x2f, 0x0a, 0x66, 0x75, 
        0x6e, 0x63, 0x74, 0x69, 0x6f, 0x6e, 0x20, 0x63, 0x6f, 0x70, 0x79, 0x3c, 
        0x54, 0x3e, 0x28, 0x70, 0x74, 0x72, 0x3c, 0x54, 0x3e, 0x20, 0x24, 0x64, 
        0x73, 0x74, 0x2c, 0x20, 0x70, 0x74, 0x72, 0x3c, 0x54, 0x3e, 0x20, 0x24, 
        0x73, 0x72, 0x63, 0x2c, 0x20, 0x75, 0x73, 0x69, 0x7a, 0x65, 0x20, 0x24, 
        0x63, 0x6f, 0x75, 0x6e, 0x74, 0x29, 0x20, 0x3a, 0x20, 0x76, 0x6f, 0x69, 
        0x64, 0x0a, 0x7b, 0x0a, 0x20, 0x20, 0x20, 0x20, 0x63, 0x6f, 0x70, 0x79, 
        0x5f, 0x62, 0x79, 0x74, 0x65, 0x73, 0x28, 0x70, 0x74, 0x72, 0x3c, 0x75, 
        0x69, 0x6e, 0x74, 0x38, 0x3e, 0x28, 0x24, 0x64, 0x73, 0x74, 0x3a, 0x24, 
        0x29, 0x2c, 0x20, 0x70, 0x74, 0x72, 0x3c, 0x75, 0x69, 0x6e, 0x74, 0x38, 
        0x3e, 0x28, 0x24, 0x73, 0x72, 0x63, 0x3a, 0x24, 0x29, 0x2c, 0x20, 0x24, 
        0x63, 0x6f, 0x75, 0x6e, 0x74, 0x20, 0x2a, 0x20, 0x73, 0x69, 0x7a, 0x65, 
        0x5f, 0x6f, 0x66, 0x3c, 0x54, 0x3e, 0x28, 0x29, 0x29, 0x3b, 0x0a, 0x7d, 
        0x0a, 0x0a, 0x2f, 0x2a, 0x2a, 0x0a, 0x20, 0x2a, 0x20, 0x46, 0x69, 0x6c, 
        0x6c, 0x73, 0x20, 0x60, 0x24, 0x63, 0x6f, 0x75, 0x6e, 0x74, 0x60, 0x20, 
        0x65, 0x6c, 0x65, 0x6d, 0x65, 0x6e, 0x74, 0x73, 0x20, 0x77, 0x69, 0x74, 
        0x68, 0x20, 0x7a, 0x65, 0x72, 0x6f, 0x20, 0x62, 0x79, 0x74, 0x65, 0x73, 
        0x2e, 0x0a, 0x20, 0x2a, 0x2f, 0x0a, 0x66, 0x75, 0x6e, 0x63, 0x74, 0x69, 
        0x6f, 0x6e, 0x20, 0x7a, 0x65, 0x72, 0x6f, 0x3c, 0x54, 0x3e, 0x28, 0x70, 
        0x74, 0x72, 0x3c, 0x54, 0x3e, 0x20, 0x24, 0x70, 0x2c, 0x20, 0x75, 0x73, 
        0x69, 0x7a, 0x65, 0x20, 0x24, 0x63, 0x6f, 0x75, 0x6e, 0x74, 0x29, 0x20, 
        0x3a, 0x20, 0x76, 0x6f, 0x69, 0x64, 0x0a, 0x7b, 0x0a, 0x20, 0x20, 0x20, 
        0x20, 0x73, 0x65, 0x74, 0x5f, 0x62, 0x79, 0x74, 0x65, 0x73, 0x28, 0x70, 
        0x74, 0x72, 0x3c, 0x75, 0x69, 0x6e, 0x74, 0x38, 0x3e, 0x28, 0x24, 0x70, 
        0x3a, 0x24, 0x29, 0x2c, 0x20, 0x30, 0x2c, 0x20, 0x24, 0x63, 0x6f, 0x75, 
        0x6e, 0x74, 0x20, 0x2a, 0x20, 0x73, 0x69, 0x7a, 0x65, 0x5f, 0x6f, 0x66, 
        0x3c, 0x54, 0x3e, 0x28, 0x29, 0x29, 0x3b, 0x0a, 0x7d, 0x0a, 0x0a, 0x2f, 
        0x2a, 0x2a, 0x0a, 0x20, 0x2a, 0x20, 0x48, 0x6f, 0x77, 0x20, 0x6d, 0x61, 
        0x6e, 0x79, 0x20, 0x72, 0x65, 0x66, 0x65, 0x72, 0x65, 0x6e, 0x63, 0x65, 
        0x73, 0x20, 0x6e, 0x61, 0x6d, 0x65, 0x20, 0x74, 0x68, 0x65, 0x20, 0x6f, 
        0x62, 0x6a, 0x65, 0x63, 0x74, 0x20, 0x60, 0x24, 0x68, 0x61, 0x6e, 0x64, 
        0x6c, 0x65, 0x60, 0x20, 0x68, 0x6f, 0x6c, 0x64, 0x73, 0x2e, 0x20, 0x5a, 
        0x65, 0x72, 0x6f, 0x20, 0x66, 0x6f, 0x72, 0x20, 0x61, 0x20, 0x6e, 0x75, 
        0x6c, 0x6c, 0x20, 0x68, 0x61, 0x6e, 0x64, 0x6c, 0x65, 0x2e, 0x0a, 0x20, 
        0x2a, 0x0a, 0x20, 0x2a, 0x20, 0x48, 0x65, 0x72, 0x65, 0x20, 0x62, 0x65, 
        0x73, 0x69, 0x64, 0x65, 0x20, 0x60, 0x61, 0x6c, 0x6c, 0x6f, 0x63, 0x60, 
        0x20, 0x72, 0x61, 0x74, 0x68, 0x65, 0x72, 0x20, 0x74, 0x68, 0x61, 0x6e, 
        0x20, 0x61, 0x74, 0x20, 0x74, 0x68, 0x65, 0x20, 0x72, 0x6f, 0x6f, 0x74, 
        0x2c, 0x20, 0x62, 0x65, 0x63, 0x61, 0x75, 0x73, 0x65, 0x20, 0x69, 0x74, 
        0x20, 0x61, 0x73, 0x6b, 0x73, 0x20, 0x61, 0x62, 0x6f, 0x75, 0x74, 0x20, 
        0x74, 0x68, 0x65, 0x20, 0x73, 0x61, 0x6d, 0x65, 0x20, 0x74, 0x68, 0x69, 
        0x6e, 0x67, 0x20, 0x74, 0x68, 0x65, 0x79, 0x20, 0x64, 0x6f, 0x3a, 0x20, 
        0x61, 0x0a, 0x20, 0x2a, 0x20, 0x72, 0x65, 0x66, 0x65, 0x72, 0x65, 0x6e, 
        0x63, 0x65, 0x20, 0x63, 0x6f, 0x75, 0x6e, 0x74, 0x20, 0x69, 0x73, 0x20, 
        0x61, 0x20, 0x77, 0x6f, 0x72, 0x64, 0x20, 0x69, 0x6e, 0x73, 0x69, 0x64, 
        0x65, 0x20, 0x74, 0x68, 0x65, 0x20, 0x68, 0x65, 0x61, 0x70, 0x20, 0x62, 
        0x6c, 0x6f, 0x63, 0x6b, 0x20, 0x74, 0x68, 0x65, 0x73, 0x65, 0x20, 0x66, 
        0x75, 0x6e, 0x63, 0x74, 0x69, 0x6f, 0x6e, 0x73, 0x20, 0x68, 0x61, 0x6e, 
        0x64, 0x20, 0x6f, 0x75, 0x74, 0x2e, 0x20, 0x22, 0x4d, 0x61, 0x79, 0x20, 
        0x49, 0x20, 0x77, 0x72, 0x69, 0x74, 0x65, 0x20, 0x74, 0x6f, 0x20, 0x74, 
        0x68, 0x69, 0x73, 0x22, 0x0a, 0x20, 0x2a, 0x20, 0x69, 0x73, 0x20, 0x61, 
        0x20, 0x6d, 0x65, 0x6d, 0x6f, 0x72, 0x79, 0x20, 0x71, 0x75, 0x65, 0x73, 
        0x74, 0x69, 0x6f, 0x6e, 0x2e, 0x20, 0x53, 0x65, 0x65, 0x20, 0x62, 0x6f, 
        0x6f, 0x6b, 0x2f, 0x63, 0x6f, 0x6e, 0x63, 0x65, 0x70, 0x74, 0x2f, 0x6f, 
        0x77, 0x6e, 0x65, 0x72, 0x73, 0x68, 0x69, 0x70, 0x5f, 0x61, 0x6e, 0x64, 
        0x5f, 0x6d, 0x6f, 0x76, 0x69, 0x6e, 0x67, 0x2e, 0x6d, 0x64, 0x2e, 0x0a, 
        0x20, 0x2a, 0x0a, 0x20, 0x2a, 0x20, 0x41, 0x20, 0x63, 0x6f, 0x6d, 0x70, 
        0x69, 0x6c, 0x65, 0x72, 0x20, 0x62, 0x75, 0x69, 0x6c, 0x74, 0x69, 0x6e, 
        0x20, 0x72, 0x61, 0x74, 0x68, 0x65, 0x72, 0x20, 0x74, 0x68, 0x61, 0x6e, 
        0x20, 0x61, 0x20, 0x6c, 0x69, 0x62, 0x72, 0x61, 0x72, 0x79, 0x20, 0x66, 
        0x75, 0x6e, 0x63, 0x74, 0x69, 0x6f, 0x6e, 0x2c, 0x20, 0x62, 0x65, 0x63, 
        0x61, 0x75, 0x73, 0x65, 0x20, 0x74, 0x68, 0x65, 0x20, 0x63, 0x6f, 0x75, 
        0x6e, 0x74, 0x20, 0x69, 0x73, 0x20, 0x61, 0x20, 0x77, 0x6f, 0x72, 0x64, 
        0x20, 0x69, 0x6e, 0x73, 0x69, 0x64, 0x65, 0x20, 0x74, 0x68, 0x65, 0x20, 
        0x68, 0x65, 0x61, 0x70, 0x0a, 0x20, 0x2a, 0x20, 0x62, 0x6c, 0x6f, 0x63, 
        0x6b, 0x20, 0x2d, 0x20, 0x60, 0x7b, 0x20, 0x69, 0x36, 0x34, 0x20, 0x5f, 
        0x5f, 0x73, 0x74, 0x72, 0x6f, 0x6e, 0x67, 0x2c, 0x20, 0x69, 0x36, 0x34, 
        0x20, 0x5f, 0x5f, 0x77, 0x65, 0x61, 0x6b, 0x2c, 0x20, 0x70, 0x74, 0x72, 
        0x20, 0x5f, 0x5f, 0x74, 0x79, 0x70, 0x65, 0x69, 0x6e, 0x66, 0x6f, 0x2c, 
        0x20, 0x25, 0x46, 0x6f, 0x6f, 0x20, 0x7d, 0x60, 0x20, 0x2d, 0x20, 0x61, 
        0x6e, 0x64, 0x20, 0x6e, 0x6f, 0x20, 0x45, 0x63, 0x68, 0x6f, 0x20, 0x73, 
        0x70, 0x65, 0x6c, 0x6c, 0x69, 0x6e, 0x67, 0x20, 0x72, 0x65, 0x61, 0x63, 
        0x68, 0x65, 0x73, 0x20, 0x69, 0x74, 0x2e, 0x0a, 0x20, 0x2a, 0x20, 0x4e, 
        0x6f, 0x74, 0x68, 0x69, 0x6e, 0x67, 0x20, 0x6c, 0x69, 0x6e, 0x6b, 0x73, 
        0x20, 0x61, 0x67, 0x61, 0x69, 0x6e, 0x73, 0x74, 0x20, 0x74, 0x68, 0x69, 
        0x73, 0x20, 0x61, 0x6e, 0x64, 0x20, 0x69, 0x74, 0x20, 0x68, 0x61, 0x73, 
        0x20, 0x6e, 0x6f, 0x20, 0x73, 0x79, 0x6d, 0x62, 0x6f, 0x6c, 0x20, 0x6f, 
        0x66, 0x20, 0x69, 0x74, 0x73, 0x20, 0x6f, 0x77, 0x6e, 0x2e, 0x0a, 0x20, 
        0x2a, 0x0a, 0x20, 0x2a, 0x20, 0x54, 0x68, 0x65, 0x20, 0x70, 0x61, 0x72, 
        0x61, 0x6d, 0x65, 0x74, 0x65, 0x72, 0x20, 0x69, 0x73, 0x20, 0x61, 0x20, 
        0x2a, 0x2a, 0x62, 0x6f, 0x72, 0x72, 0x6f, 0x77, 0x2a, 0x2a, 0x2c, 0x20, 
        0x6e, 0x6f, 0x74, 0x20, 0x61, 0x20, 0x76, 0x61, 0x6c, 0x75, 0x65, 0x2e, 
        0x20, 0x41, 0x20, 0x62, 0x79, 0x2d, 0x76, 0x61, 0x6c, 0x75, 0x65, 0x20, 
        0x63, 0x6c, 0x61, 0x73, 0x73, 0x20, 0x70, 0x61, 0x72, 0x61, 0x6d, 0x65, 
        0x74, 0x65, 0x72, 0x20, 0x69, 0x73, 0x20, 0x6f, 0x6e, 0x65, 0x20, 0x6d, 
        0x6f, 0x72, 0x65, 0x20, 0x72, 0x65, 0x66, 0x65, 0x72, 0x65, 0x6e, 0x63, 
        0x65, 0x2c, 0x20, 0x73, 0x6f, 0x0a, 0x20, 0x2a, 0x20, 0x61, 0x20, 0x76, 
        0x65, 0x72, 0x73, 0x69, 0x6f, 0x6e, 0x20, 0x74, 0x61, 0x6b, 0x69, 0x6e, 
        0x67, 0x20, 0x60, 0x54, 0x60, 0x20, 0x77, 0x6f, 0x75, 0x6c, 0x64, 0x20, 
        0x61, 0x6e, 0x73, 0x77, 0x65, 0x72, 0x20, 0x6f, 0x6e, 0x65, 0x20, 0x74, 
        0x6f, 0x6f, 0x20, 0x68, 0x69, 0x67, 0x68, 0x20, 0x61, 0x74, 0x20, 0x65, 
        0x76, 0x65, 0x72, 0x79, 0x20, 0x63, 0x61, 0x6c, 0x6c, 0x20, 0x2d, 0x20, 
        0x77, 0x68, 0x69, 0x63, 0x68, 0x20, 0x69, 0x73, 0x20, 0x65, 0x78, 0x61, 
        0x63, 0x74, 0x6c, 0x79, 0x20, 0x74, 0x68, 0x65, 0x20, 0x71, 0x75, 0x65, 
        0x73, 0x74, 0x69, 0x6f, 0x6e, 0x20, 0x74, 0x68, 0x65, 0x0a, 0x20, 0x2a, 
        0x20, 0x63, 0x61, 0x6c, 0x6c, 0x65, 0x72, 0x20, 0x69, 0x73, 0x20, 0x61, 
        0x73, 0x6b, 0x69, 0x6e, 0x67, 0x2e, 0x0a, 0x20, 0x2a, 0x0a, 0x20, 0x2a, 
        0x20, 0x5a, 0x65, 0x72, 0x6f, 0x20, 0x66, 0x6f, 0x72, 0x20, 0x6e, 0x75, 
        0x6c, 0x6c, 0x20, 0x69, 0x73, 0x20, 0x6e, 0x6f, 0x74, 0x20, 0x61, 0x20, 
        0x64, 0x65, 0x67, 0x65, 0x6e, 0x65, 0x72, 0x61, 0x74, 0x65, 0x20, 0x61, 
        0x6e, 0x73, 0x77, 0x65, 0x72, 0x2c, 0x20, 0x69, 0x74, 0x20, 0x69, 0x73, 
        0x20, 0x74, 0x68, 0x65, 0x20, 0x75, 0x73, 0x65, 0x66, 0x75, 0x6c, 0x20, 
        0x6f, 0x6e, 0x65, 0x2e, 0x20, 0x49, 0x74, 0x20, 0x6c, 0x65, 0x74, 0x73, 
        0x20, 0x61, 0x20, 0x63, 0x6f, 0x70, 0x79, 0x2d, 0x6f, 0x6e, 0x2d, 0x77, 
        0x72, 0x69, 0x74, 0x65, 0x20, 0x63, 0x68, 0x65, 0x63, 0x6b, 0x0a, 0x20, 
        0x2a, 0x20, 0x72, 0x65, 0x61, 0x64, 0x20, 0x61, 0x73, 0x20, 0x61, 0x20, 
        0x73, 0x69, 0x6e, 0x67, 0x6c, 0x65, 0x20, 0x63, 0x6f, 0x6e, 0x64, 0x69, 
        0x74, 0x69, 0x6f, 0x6e, 0x3a, 0x20, 0x73, 0x74, 0x61, 0x74, 0x69, 0x63, 
        0x20, 0x62, 0x79, 0x74, 0x65, 0x73, 0x20, 0x74, 0x68, 0x61, 0x74, 0x20, 
        0x6e, 0x6f, 0x62, 0x6f, 0x64, 0x79, 0x20, 0x6f, 0x77, 0x6e, 0x73, 0x20, 
        0x61, 0x72, 0x65, 0x20, 0x6e, 0x6f, 0x74, 0x20, 0x2a, 0x75, 0x6e, 0x69, 
        0x71, 0x75, 0x65, 0x6c, 0x79, 0x2a, 0x20, 0x6f, 0x77, 0x6e, 0x65, 0x64, 
        0x20, 0x65, 0x69, 0x74, 0x68, 0x65, 0x72, 0x2c, 0x20, 0x73, 0x6f, 0x0a, 
        0x20, 0x2a, 0x20, 0x74, 0x68, 0x65, 0x79, 0x20, 0x68, 0x61, 0x76, 0x65, 
        0x20, 0x74, 0x6f, 0x20, 0x62, 0x65, 0x20, 0x63, 0x6f, 0x70, 0x69, 0x65, 
        0x64, 0x20, 0x62, 0x65, 0x66, 0x6f, 0x72, 0x65, 0x20, 0x74, 0x68, 0x65, 
        0x79, 0x20, 0x61, 0x72, 0x65, 0x20, 0x77, 0x72, 0x69, 0x74, 0x74, 0x65, 
        0x6e, 0x2c, 0x20, 0x65, 0x78, 0x61, 0x63, 0x74, 0x6c, 0x79, 0x20, 0x61, 
        0x73, 0x20, 0x73, 0x68, 0x61, 0x72, 0x65, 0x64, 0x20, 0x62, 0x79, 0x74, 
        0x65, 0x73, 0x20, 0x64, 0x6f, 0x2e, 0x20, 0x60, 0x73, 0x74, 0x72, 0x69, 
        0x6e, 0x67, 0x60, 0x20, 0x69, 0x73, 0x20, 0x77, 0x72, 0x69, 0x74, 0x74, 
        0x65, 0x6e, 0x0a, 0x20, 0x2a, 0x20, 0x61, 0x67, 0x61, 0x69, 0x6e, 0x73, 
        0x74, 0x20, 0x70, 0x72, 0x65, 0x63, 0x69, 0x73, 0x65, 0x6c, 0x79, 0x20, 
        0x74, 0x68, 0x61, 0x74, 0x20, 0x2d, 0x20, 0x73, 0x65, 0x65, 0x20, 0x60, 
        0x73, 0x74, 0x64, 0x6c, 0x69, 0x62, 0x2f, 0x63, 0x6f, 0x72, 0x65, 0x2f, 
        0x73, 0x74, 0x72, 0x69, 0x6e, 0x67, 0x2e, 0x65, 0x63, 0x6f, 0x60, 0x2e, 
        0x0a, 0x20, 0x2a, 0x2f, 0x0a, 0x23, 0x5b, 0x62, 0x75, 0x69, 0x6c, 0x74, 
        0x69, 0x6e, 0x3a, 0x20, 0x22, 0x72, 0x65, 0x66, 0x5f, 0x63, 0x6f, 0x75, 
        0x6e, 0x74, 0x22, 0x5d, 0x0a, 0x66, 0x75, 0x6e, 0x63, 0x74, 0x69, 0x6f, 
        0x6e, 0x20, 0x72, 0x65, 0x66, 0x5f, 0x63, 0x6f, 0x75, 0x6e, 0x74, 0x3c, 
        0x54, 0x3e, 0x28, 0x54, 0x26, 0x20, 0x24, 0x68, 0x61, 0x6e, 0x64, 0x6c, 
        0x65, 0x29, 0x20, 0x3a, 0x20, 0x75, 0x73, 0x69, 0x7a, 0x65, 0x3b, 0x0a, 
        0x0a, 0x2f, 0x2a, 0x2a, 0x0a, 0x20, 0x2a, 0x20, 0x48, 0x6f, 0x77, 0x20, 
        0x6d, 0x61, 0x6e, 0x79, 0x20, 0x68, 0x61, 0x6e, 0x64, 0x6c, 0x65, 0x73, 
        0x20, 0x6e, 0x65, 0x65, 0x64, 0x20, 0x74, 0x68, 0x65, 0x20, 0x2a, 0x62, 
        0x6c, 0x6f, 0x63, 0x6b, 0x2a, 0x20, 0x60, 0x24, 0x68, 0x61, 0x6e, 0x64, 
        0x6c, 0x65, 0x60, 0x20, 0x6e, 0x61, 0x6d, 0x65, 0x73, 0x20, 0x74, 0x6f, 
        0x20, 0x73, 0x74, 0x61, 0x79, 0x20, 0x72, 0x65, 0x61, 0x64, 0x61, 0x62, 
        0x6c, 0x65, 0x2e, 0x20, 0x5a, 0x65, 0x72, 0x6f, 0x20, 0x66, 0x6f, 0x72, 
        0x20, 0x61, 0x20, 0x6e, 0x75, 0x6c, 0x6c, 0x20, 0x68, 0x61, 0x6e, 0x64, 
        0x6c, 0x65, 0x2e, 0x0a, 0x20, 0x2a, 0x0a, 0x20, 0x2a, 0x20, 0x54, 0x68, 
        0x65, 0x20, 0x6f, 0x74, 0x68, 0x65, 0x72, 0x20, 0x63, 0x6f, 0x75, 0x6e, 
        0x74, 0x20, 0x69, 0x6e, 0x20, 0x74, 0x68, 0x65, 0x20, 0x73, 0x61, 0x6d, 
        0x65, 0x20, 0x68, 0x65, 0x61, 0x64, 0x65, 0x72, 0x2c, 0x20, 0x61, 0x6e, 
        0x64, 0x20, 0x69, 0x74, 0x20, 0x61, 0x6e, 0x73, 0x77, 0x65, 0x72, 0x73, 
        0x20, 0x61, 0x20, 0x64, 0x69, 0x66, 0x66, 0x65, 0x72, 0x65, 0x6e, 0x74, 
        0x20, 0x71, 0x75, 0x65, 0x73, 0x74, 0x69, 0x6f, 0x6e, 0x2e, 0x20, 0x60, 
        0x72, 0x65, 0x66, 0x5f, 0x63, 0x6f, 0x75, 0x6e, 0x74, 0x60, 0x20, 0x69, 
        0x73, 0x20, 0x61, 0x62, 0x6f, 0x75, 0x74, 0x20, 0x74, 0x68, 0x65, 0x0a, 
        0x20, 0x2a, 0x20, 0x6f, 0x62, 0x6a, 0x65, 0x63, 0x74, 0x3a, 0x20, 0x61, 
        0x74, 0x20, 0x7a, 0x65, 0x72, 0x6f, 0x20, 0x74, 0x68, 0x65, 0x20, 0x64, 
        0x65, 0x73, 0x74, 0x72, 0x75, 0x63, 0x74, 0x6f, 0x72, 0x20, 0x68, 0x61, 
        0x73, 0x20, 0x72, 0x75, 0x6e, 0x20, 0x61, 0x6e, 0x64, 0x20, 0x74, 0x68, 
        0x65, 0x20, 0x6f, 0x62, 0x6a, 0x65, 0x63, 0x74, 0x20, 0x69, 0x73, 0x20, 
        0x67, 0x6f, 0x6e, 0x65, 0x2e, 0x20, 0x54, 0x68, 0x69, 0x73, 0x20, 0x6f, 
        0x6e, 0x65, 0x20, 0x69, 0x73, 0x20, 0x61, 0x62, 0x6f, 0x75, 0x74, 0x20, 
        0x74, 0x68, 0x65, 0x20, 0x6d, 0x65, 0x6d, 0x6f, 0x72, 0x79, 0x3a, 0x20, 
        0x61, 0x74, 0x0a, 0x20, 0x2a, 0x20, 0x7a, 0x65, 0x72, 0x6f, 0x20, 0x74, 
        0x68, 0x65, 0x20, 0x62, 0x6c, 0x6f, 0x63, 0x6b, 0x20, 0x69, 0x74, 0x73, 
        0x65, 0x6c, 0x66, 0x20, 0x69, 0x73, 0x20, 0x67, 0x69, 0x76, 0x65, 0x6e, 
        0x20, 0x62, 0x61, 0x63, 0x6b, 0x2e, 0x20, 0x54, 0x68, 0x65, 0x79, 0x20, 
        0x61, 0x72, 0x65, 0x20, 0x6e, 0x6f, 0x74, 0x20, 0x74, 0x68, 0x65, 0x20, 
        0x73, 0x61, 0x6d, 0x65, 0x20, 0x6d, 0x6f, 0x6d, 0x65, 0x6e, 0x74, 0x2c, 
        0x20, 0x61, 0x6e, 0x64, 0x20, 0x74, 0x68, 0x61, 0x74, 0x20, 0x67, 0x61, 
        0x70, 0x20, 0x69, 0x73, 0x20, 0x65, 0x78, 0x61, 0x63, 0x74, 0x6c, 0x79, 
        0x20, 0x77, 0x68, 0x61, 0x74, 0x20, 0x61, 0x0a, 0x20, 0x2a, 0x20, 0x60, 
        0x77, 0x65, 0x61, 0x6b, 0x3c, 0x54, 0x3e, 0x60, 0x20, 0x6c, 0x69, 0x76, 
        0x65, 0x73, 0x20, 0x69, 0x6e, 0x20, 0x2d, 0x20, 0x69, 0x74, 0x20, 0x6b, 
        0x65, 0x65, 0x70, 0x73, 0x20, 0x74, 0x68, 0x65, 0x20, 0x62, 0x6c, 0x6f, 
        0x63, 0x6b, 0x20, 0x72, 0x65, 0x61, 0x64, 0x61, 0x62, 0x6c, 0x65, 0x20, 
        0x73, 0x6f, 0x20, 0x69, 0x74, 0x20, 0x63, 0x61, 0x6e, 0x20, 0x61, 0x73, 
        0x6b, 0x20, 0x77, 0x68, 0x65, 0x74, 0x68, 0x65, 0x72, 0x20, 0x74, 0x68, 
        0x65, 0x20, 0x6f, 0x62, 0x6a, 0x65, 0x63, 0x74, 0x20, 0x69, 0x73, 0x20, 
        0x73, 0x74, 0x69, 0x6c, 0x6c, 0x20, 0x74, 0x68, 0x65, 0x72, 0x65, 0x2c, 
        0x0a, 0x20, 0x2a, 0x20, 0x69, 0x6e, 0x73, 0x74, 0x65, 0x61, 0x64, 0x20, 
        0x6f, 0x66, 0x20, 0x64, 0x61, 0x6e, 0x67, 0x6c, 0x69, 0x6e, 0x67, 0x20, 
        0x74, 0x6f, 0x20, 0x66, 0x69, 0x6e, 0x64, 0x20, 0x6f, 0x75, 0x74, 0x2e, 
        0x0a, 0x20, 0x2a, 0x0a, 0x20, 0x2a, 0x20, 0x41, 0x6c, 0x6c, 0x20, 0x74, 
        0x68, 0x65, 0x20, 0x73, 0x74, 0x72, 0x6f, 0x6e, 0x67, 0x20, 0x72, 0x65, 
        0x66, 0x65, 0x72, 0x65, 0x6e, 0x63, 0x65, 0x73, 0x20, 0x74, 0x6f, 0x67, 
        0x65, 0x74, 0x68, 0x65, 0x72, 0x20, 0x68, 0x6f, 0x6c, 0x64, 0x20, 0x2a, 
        0x2a, 0x6f, 0x6e, 0x65, 0x2a, 0x2a, 0x20, 0x6f, 0x66, 0x20, 0x74, 0x68, 
        0x65, 0x73, 0x65, 0x2c, 0x20, 0x73, 0x65, 0x61, 0x74, 0x65, 0x64, 0x20, 
        0x77, 0x69, 0x74, 0x68, 0x20, 0x74, 0x68, 0x65, 0x20, 0x66, 0x69, 0x72, 
        0x73, 0x74, 0x20, 0x61, 0x6e, 0x64, 0x20, 0x67, 0x69, 0x76, 0x65, 0x6e, 
        0x20, 0x62, 0x61, 0x63, 0x6b, 0x20, 0x62, 0x79, 0x0a, 0x20, 0x2a, 0x20, 
        0x74, 0x68, 0x65, 0x20, 0x72, 0x65, 0x6c, 0x65, 0x61, 0x73, 0x65, 0x20, 
        0x74, 0x68, 0x61, 0x74, 0x20, 0x74, 0x61, 0x6b, 0x65, 0x73, 0x20, 0x60, 
        0x72, 0x65, 0x66, 0x5f, 0x63, 0x6f, 0x75, 0x6e, 0x74, 0x60, 0x20, 0x74, 
        0x6f, 0x20, 0x7a, 0x65, 0x72, 0x6f, 0x2e, 0x20, 0x53, 0x6f, 0x20, 0x61, 
        0x20, 0x66, 0x72, 0x65, 0x73, 0x68, 0x6c, 0x79, 0x20, 0x62, 0x75, 0x69, 
        0x6c, 0x74, 0x20, 0x6f, 0x62, 0x6a, 0x65, 0x63, 0x74, 0x20, 0x72, 0x65, 
        0x61, 0x64, 0x73, 0x20, 0x31, 0x20, 0x68, 0x65, 0x72, 0x65, 0x2c, 0x20, 
        0x61, 0x6e, 0x64, 0x20, 0x65, 0x61, 0x63, 0x68, 0x0a, 0x20, 0x2a, 0x20, 
        0x60, 0x77, 0x65, 0x61, 0x6b, 0x3c, 0x54, 0x3e, 0x60, 0x20, 0x6e, 0x61, 
        0x6d, 0x69, 0x6e, 0x67, 0x20, 0x69, 0x74, 0x20, 0x61, 0x64, 0x64, 0x73, 
        0x20, 0x6f, 0x6e, 0x65, 0x20, 0x6d, 0x6f, 0x72, 0x65, 0x2e, 0x0a, 0x20, 
        0x2a, 0x0a, 0x20, 0x2a, 0x20, 0x4d, 0x6f, 0x73, 0x74, 0x6c, 0x79, 0x20, 
        0x66, 0x6f, 0x72, 0x20, 0x74, 0x65, 0x73, 0x74, 0x73, 0x2e, 0x20, 0x4e, 
        0x6f, 0x74, 0x68, 0x69, 0x6e, 0x67, 0x20, 0x6f, 0x62, 0x73, 0x65, 0x72, 
        0x76, 0x61, 0x62, 0x6c, 0x65, 0x20, 0x66, 0x72, 0x6f, 0x6d, 0x20, 0x45, 
        0x63, 0x68, 0x6f, 0x20, 0x64, 0x69, 0x73, 0x74, 0x69, 0x6e, 0x67, 0x75, 
        0x69, 0x73, 0x68, 0x65, 0x73, 0x20, 0x61, 0x20, 0x62, 0x61, 0x6c, 0x61, 
        0x6e, 0x63, 0x65, 0x64, 0x20, 0x70, 0x61, 0x69, 0x72, 0x20, 0x6f, 0x66, 
        0x20, 0x63, 0x6f, 0x75, 0x6e, 0x74, 0x73, 0x20, 0x66, 0x72, 0x6f, 0x6d, 
        0x20, 0x61, 0x0a, 0x20, 0x2a, 0x20, 0x6c, 0x65, 0x61, 0x6b, 0x65, 0x64, 
        0x20, 0x6f, 0x6e, 0x65, 0x2c, 0x20, 0x73, 0x6f, 0x20, 0x74, 0x68, 0x69, 
        0x73, 0x20, 0x69, 0x73, 0x20, 0x68, 0x6f, 0x77, 0x20, 0x74, 0x68, 0x65, 
        0x20, 0x63, 0x6f, 0x72, 0x70, 0x75, 0x73, 0x20, 0x70, 0x69, 0x6e, 0x73, 
        0x20, 0x61, 0x20, 0x72, 0x65, 0x66, 0x65, 0x72, 0x65, 0x6e, 0x63, 0x65, 
        0x20, 0x63, 0x79, 0x63, 0x6c, 0x65, 0x20, 0x61, 0x63, 0x74, 0x75, 0x61, 
        0x6c, 0x6c, 0x79, 0x20, 0x62, 0x65, 0x69, 0x6e, 0x67, 0x20, 0x63, 0x6f, 
        0x6c, 0x6c, 0x65, 0x63, 0x74, 0x65, 0x64, 0x20, 0x72, 0x61, 0x74, 0x68, 
        0x65, 0x72, 0x0a, 0x20, 0x2a, 0x20, 0x74, 0x68, 0x61, 0x6e, 0x20, 0x6d, 
        0x65, 0x72, 0x65, 0x6c, 0x79, 0x20, 0x61, 0x70, 0x70, 0x65, 0x61, 0x72, 
        0x69, 0x6e, 0x67, 0x20, 0x74, 0x6f, 0x20, 0x62, 0x65, 0x20, 0x2d, 0x20, 
        0x73, 0x65, 0x65, 0x20, 0x60, 0x74, 0x65, 0x73, 0x74, 0x73, 0x5f, 0x65, 
        0x63, 0x6f, 0x2f, 0x63, 0x6c, 0x61, 0x73, 0x73, 0x65, 0x73, 0x2f, 0x77, 
        0x65, 0x61, 0x6b, 0x5f, 0x63, 0x79, 0x63, 0x6c, 0x65, 0x5f, 0x6e, 0x6f, 
        0x5f, 0x6c, 0x65, 0x61, 0x6b, 0x2e, 0x65, 0x63, 0x6f, 0x60, 0x2e, 0x0a, 
        0x20, 0x2a, 0x2f, 0x0a, 0x23, 0x5b, 0x62, 0x75, 0x69, 0x6c, 0x74, 0x69, 
        0x6e, 0x3a, 0x20, 0x22, 0x77, 0x65, 0x61, 0x6b, 0x5f, 0x63, 0x6f, 0x75, 
        0x6e, 0x74, 0x22, 0x5d, 0x0a, 0x66, 0x75, 0x6e, 0x63, 0x74, 0x69, 0x6f, 
        0x6e, 0x20, 0x77, 0x65, 0x61, 0x6b, 0x5f, 0x63, 0x6f, 0x75, 0x6e, 0x74, 
        0x3c, 0x54, 0x3e, 0x28, 0x54, 0x26, 0x20, 0x24, 0x68, 0x61, 0x6e, 0x64, 
        0x6c, 0x65, 0x29, 0x20, 0x3a, 0x20, 0x75, 0x73, 0x69, 0x7a, 0x65, 0x3b, 
        0x0a, 0x0a, 0x2f, 0x2a, 0x2a, 0x0a, 0x20, 0x2a, 0x20, 0x48, 0x6f, 0x77, 
        0x20, 0x6d, 0x61, 0x6e, 0x79, 0x20, 0x61, 0x6c, 0x6c, 0x6f, 0x63, 0x61, 
        0x74, 0x69, 0x6f, 0x6e, 0x73, 0x20, 0x74, 0x68, 0x65, 0x20, 0x70, 0x72, 
        0x6f, 0x67, 0x72, 0x61, 0x6d, 0x20, 0x69, 0x73, 0x20, 0x73, 0x74, 0x69, 
        0x6c, 0x6c, 0x20, 0x68, 0x6f, 0x6c, 0x64, 0x69, 0x6e, 0x67, 0x2e, 0x0a, 
        0x20, 0x2a, 0x0a, 0x20, 0x2a, 0x20, 0x41, 0x20, 0x63, 0x6f, 0x75, 0x6e, 
        0x74, 0x20, 0x6f, 0x66, 0x20, 0x2a, 0x61, 0x6c, 0x6c, 0x6f, 0x63, 0x61, 
        0x74, 0x69, 0x6f, 0x6e, 0x73, 0x2a, 0x20, 0x2d, 0x20, 0x6e, 0x6f, 0x74, 
        0x20, 0x6f, 0x66, 0x20, 0x65, 0x6c, 0x65, 0x6d, 0x65, 0x6e, 0x74, 0x73, 
        0x2c, 0x20, 0x61, 0x6e, 0x64, 0x20, 0x6e, 0x6f, 0x74, 0x20, 0x6f, 0x66, 
        0x20, 0x62, 0x79, 0x74, 0x65, 0x73, 0x2e, 0x20, 0x60, 0x61, 0x6c, 0x6c, 
        0x6f, 0x63, 0x60, 0x20, 0x61, 0x6e, 0x64, 0x20, 0x61, 0x20, 0x73, 0x75, 
        0x63, 0x63, 0x65, 0x73, 0x73, 0x66, 0x75, 0x6c, 0x20, 0x67, 0x72, 0x6f, 
        0x77, 0x69, 0x6e, 0x67, 0x0a, 0x20, 0x2a, 0x20, 0x60, 0x72, 0x65, 0x61, 
        0x6c, 0x6c, 0x6f, 0x63, 0x60, 0x20, 0x6f, 0x66, 0x20, 0x6e, 0x6f, 0x74, 
        0x68, 0x69, 0x6e, 0x67, 0x20, 0x6d, 0x6f, 0x76, 0x65, 0x20, 0x69, 0x74, 
        0x20, 0x75, 0x70, 0x20, 0x62, 0x79, 0x20, 0x6f, 0x6e, 0x65, 0x2c, 0x20, 
        0x60, 0x66, 0x72, 0x65, 0x65, 0x60, 0x20, 0x61, 0x6e, 0x64, 0x20, 0x61, 
        0x20, 0x60, 0x72, 0x65, 0x61, 0x6c, 0x6c, 0x6f, 0x63, 0x60, 0x20, 0x64, 
        0x6f, 0x77, 0x6e, 0x20, 0x74, 0x6f, 0x20, 0x7a, 0x65, 0x72, 0x6f, 0x20, 
        0x73, 0x69, 0x7a, 0x65, 0x20, 0x6d, 0x6f, 0x76, 0x65, 0x20, 0x69, 0x74, 
        0x20, 0x64, 0x6f, 0x77, 0x6e, 0x20, 0x62, 0x79, 0x0a, 0x20, 0x2a, 0x20, 
        0x6f, 0x6e, 0x65, 0x2c, 0x20, 0x61, 0x6e, 0x64, 0x20, 0x65, 0x76, 0x65, 
        0x72, 0x79, 0x74, 0x68, 0x69, 0x6e, 0x67, 0x20, 0x65, 0x6c, 0x73, 0x65, 
        0x20, 0x6c, 0x65, 0x61, 0x76, 0x65, 0x73, 0x20, 0x69, 0x74, 0x20, 0x61, 
        0x6c, 0x6f, 0x6e, 0x65, 0x3a, 0x20, 0x66, 0x72, 0x65, 0x65, 0x69, 0x6e, 
        0x67, 0x20, 0x60, 0x6e, 0x75, 0x6c, 0x6c, 0x60, 0x2c, 0x20, 0x72, 0x65, 
        0x73, 0x69, 0x7a, 0x69, 0x6e, 0x67, 0x20, 0x61, 0x20, 0x62, 0x6c, 0x6f, 
        0x63, 0x6b, 0x20, 0x74, 0x68, 0x61, 0x74, 0x20, 0x61, 0x6c, 0x72, 0x65, 
        0x61, 0x64, 0x79, 0x20, 0x65, 0x78, 0x69, 0x73, 0x74, 0x73, 0x2c, 0x0a, 
        0x20, 0x2a, 0x20, 0x61, 0x6e, 0x64, 0x20, 0x61, 0x20, 0x60, 0x72, 0x65, 
        0x61, 0x6c, 0x6c, 0x6f, 0x63, 0x60, 0x20, 0x74, 0x68, 0x65, 0x20, 0x61, 
        0x6c, 0x6c, 0x6f, 0x63, 0x61, 0x74, 0x6f, 0x72, 0x20, 0x72, 0x65, 0x66, 
        0x75, 0x73, 0x65, 0x64, 0x2e, 0x20, 0x54, 0x68, 0x61, 0x74, 0x20, 0x6c, 
        0x61, 0x73, 0x74, 0x20, 0x6f, 0x6e, 0x65, 0x20, 0x6d, 0x61, 0x74, 0x74, 
        0x65, 0x72, 0x73, 0x20, 0x6d, 0x6f, 0x72, 0x65, 0x20, 0x74, 0x68, 0x61, 
        0x6e, 0x20, 0x69, 0x74, 0x20, 0x6c, 0x6f, 0x6f, 0x6b, 0x73, 0x20, 0x2d, 
        0x20, 0x74, 0x68, 0x65, 0x20, 0x62, 0x6c, 0x6f, 0x63, 0x6b, 0x20, 0x69, 
        0x73, 0x0a, 0x20, 0x2a, 0x20, 0x73, 0x74, 0x69, 0x6c, 0x6c, 0x20, 0x79, 
        0x6f, 0x75, 0x72, 0x73, 0x20, 0x61, 0x66, 0x74, 0x65, 0x72, 0x20, 0x61, 
        0x20, 0x66, 0x61, 0x69, 0x6c, 0x75, 0x72, 0x65, 0x2c, 0x20, 0x73, 0x6f, 
        0x20, 0x63, 0x6f, 0x75, 0x6e, 0x74, 0x69, 0x6e, 0x67, 0x20, 0x69, 0x74, 
        0x20, 0x61, 0x73, 0x20, 0x66, 0x72, 0x65, 0x65, 0x64, 0x20, 0x77, 0x6f, 
        0x75, 0x6c, 0x64, 0x20, 0x6c, 0x65, 0x61, 0x76, 0x65, 0x20, 0x65, 0x76, 
        0x65, 0x72, 0x79, 0x20, 0x6c, 0x61, 0x74, 0x65, 0x72, 0x20, 0x72, 0x65, 
        0x61, 0x64, 0x69, 0x6e, 0x67, 0x20, 0x6f, 0x6e, 0x65, 0x20, 0x74, 0x6f, 
        0x6f, 0x20, 0x6c, 0x6f, 0x77, 0x2e, 0x0a, 0x20, 0x2a, 0x0a, 0x20, 0x2a, 
        0x20, 0x54, 0x68, 0x65, 0x20, 0x72, 0x75, 0x6e, 0x74, 0x69, 0x6d, 0x65, 
        0x27, 0x73, 0x20, 0x6f, 0x77, 0x6e, 0x20, 0x62, 0x6c, 0x6f, 0x63, 0x6b, 
        0x73, 0x20, 0x61, 0x72, 0x65, 0x20, 0x69, 0x6e, 0x20, 0x68, 0x65, 0x72, 
        0x65, 0x20, 0x74, 0x6f, 0x6f, 0x2e, 0x20, 0x41, 0x20, 0x63, 0x6c, 0x61, 
        0x73, 0x73, 0x2c, 0x20, 0x61, 0x20, 0x63, 0x6c, 0x6f, 0x73, 0x75, 0x72, 
        0x65, 0x27, 0x73, 0x20, 0x63, 0x61, 0x70, 0x74, 0x75, 0x72, 0x65, 0x64, 
        0x20, 0x65, 0x6e, 0x76, 0x69, 0x72, 0x6f, 0x6e, 0x6d, 0x65, 0x6e, 0x74, 
        0x20, 0x61, 0x6e, 0x64, 0x20, 0x61, 0x6e, 0x0a, 0x20, 0x2a, 0x20, 0x60, 
        0x61, 0x72, 0x72, 0x61, 0x79, 0x3c, 0x54, 0x3e, 0x60, 0x27, 0x73, 0x20, 
        0x73, 0x74, 0x6f, 0x72, 0x61, 0x67, 0x65, 0x20, 0x61, 0x72, 0x65, 0x20, 
        0x61, 0x6c, 0x6c, 0x20, 0x61, 0x6c, 0x6c, 0x6f, 0x63, 0x61, 0x74, 0x69, 
        0x6f, 0x6e, 0x73, 0x2c, 0x20, 0x73, 0x6f, 0x20, 0x74, 0x68, 0x65, 0x20, 
        0x6e, 0x75, 0x6d, 0x62, 0x65, 0x72, 0x20, 0x63, 0x6f, 0x76, 0x65, 0x72, 
        0x73, 0x20, 0x74, 0x68, 0x65, 0x20, 0x77, 0x68, 0x6f, 0x6c, 0x65, 0x20, 
        0x70, 0x72, 0x6f, 0x67, 0x72, 0x61, 0x6d, 0x20, 0x72, 0x61, 0x74, 0x68, 
        0x65, 0x72, 0x20, 0x74, 0x68, 0x61, 0x6e, 0x20, 0x74, 0x68, 0x65, 0x0a, 
        0x20, 0x2a, 0x20, 0x70, 0x61, 0x72, 0x74, 0x20, 0x77, 0x72, 0x69, 0x74, 
        0x74, 0x65, 0x6e, 0x20, 0x61, 0x67, 0x61, 0x69, 0x6e, 0x73, 0x74, 0x20, 
        0x74, 0x68, 0x69, 0x73, 0x20, 0x6e, 0x61, 0x6d, 0x65, 0x73, 0x70, 0x61, 
        0x63, 0x65, 0x2e, 0x0a, 0x20, 0x2a, 0x0a, 0x20, 0x2a, 0x20, 0x4e, 0x65, 
        0x65, 0x64, 0x73, 0x20, 0x60, 0x2d, 0x2d, 0x74, 0x72, 0x61, 0x63, 0x6b, 
        0x2d, 0x61, 0x6c, 0x6c, 0x6f, 0x63, 0x61, 0x74, 0x69, 0x6f, 0x6e, 0x73, 
        0x60, 0x20, 0x28, 0x6f, 0x72, 0x20, 0x60, 0x2d, 0x2d, 0x65, 0x78, 0x70, 
        0x6c, 0x61, 0x69, 0x6e, 0x2d, 0x6d, 0x65, 0x6d, 0x6f, 0x72, 0x79, 0x60, 
        0x2c, 0x20, 0x77, 0x68, 0x69, 0x63, 0x68, 0x20, 0x69, 0x6d, 0x70, 0x6c, 
        0x69, 0x65, 0x73, 0x20, 0x69, 0x74, 0x29, 0x2e, 0x20, 0x57, 0x69, 0x74, 
        0x68, 0x6f, 0x75, 0x74, 0x20, 0x69, 0x74, 0x20, 0x74, 0x68, 0x65, 0x72, 
        0x65, 0x20, 0x69, 0x73, 0x20, 0x6e, 0x6f, 0x0a, 0x20, 0x2a, 0x20, 0x63, 
        0x6f, 0x75, 0x6e, 0x74, 0x65, 0x72, 0x2c, 0x20, 0x61, 0x6e, 0x64, 0x20, 
        0x72, 0x61, 0x74, 0x68, 0x65, 0x72, 0x20, 0x74, 0x68, 0x61, 0x6e, 0x20, 
        0x61, 0x6e, 0x73, 0x77, 0x65, 0x72, 0x20, 0x7a, 0x65, 0x72, 0x6f, 0x20, 
        0x2d, 0x20, 0x74, 0x68, 0x65, 0x20, 0x6f, 0x6e, 0x65, 0x20, 0x77, 0x72, 
        0x6f, 0x6e, 0x67, 0x20, 0x61, 0x6e, 0x73, 0x77, 0x65, 0x72, 0x20, 0x79, 
        0x6f, 0x75, 0x20, 0x63, 0x6f, 0x75, 0x6c, 0x64, 0x20, 0x6e, 0x6f, 0x74, 
        0x20, 0x74, 0x65, 0x6c, 0x6c, 0x20, 0x66, 0x72, 0x6f, 0x6d, 0x20, 0x74, 
        0x68, 0x65, 0x20, 0x72, 0x69, 0x67, 0x68, 0x74, 0x20, 0x6f, 0x6e, 0x65, 
        0x20, 0x2d, 0x0a, 0x20, 0x2a, 0x20, 0x74, 0x68, 0x65, 0x20, 0x63, 0x6f, 
        0x6d, 0x70, 0x69, 0x6c, 0x65, 0x72, 0x20, 0x72, 0x65, 0x66, 0x75, 0x73, 
        0x65, 0x73, 0x20, 0x74, 0x68, 0x65, 0x20, 0x63, 0x61, 0x6c, 0x6c, 0x20, 
        0x77, 0x68, 0x65, 0x72, 0x65, 0x20, 0x79, 0x6f, 0x75, 0x20, 0x77, 0x72, 
        0x6f, 0x74, 0x65, 0x20, 0x69, 0x74, 0x2e, 0x0a, 0x20, 0x2a, 0x0a, 0x20, 
        0x2a, 0x20, 0x54, 0x68, 0x69, 0x73, 0x20, 0x69, 0x73, 0x20, 0x60, 0x77, 
        0x65, 0x61, 0x6b, 0x5f, 0x63, 0x6f, 0x75, 0x6e, 0x74, 0x60, 0x27, 0x73, 
        0x20, 0x61, 0x72, 0x67, 0x75, 0x6d, 0x65, 0x6e, 0x74, 0x20, 0x6f, 0x6e, 
        0x65, 0x20, 0x6c, 0x65, 0x76, 0x65, 0x6c, 0x20, 0x64, 0x6f, 0x77, 0x6e, 
        0x2c, 0x20, 0x61, 0x6e, 0x64, 0x20, 0x74, 0x68, 0x65, 0x20, 0x73, 0x61, 
        0x6d, 0x65, 0x20, 0x6a, 0x6f, 0x62, 0x3a, 0x20, 0x6e, 0x6f, 0x74, 0x68, 
        0x69, 0x6e, 0x67, 0x20, 0x65, 0x6c, 0x73, 0x65, 0x20, 0x6f, 0x62, 0x73, 
        0x65, 0x72, 0x76, 0x61, 0x62, 0x6c, 0x65, 0x20, 0x66, 0x72, 0x6f, 0x6d, 
        0x0a, 0x20, 0x2a, 0x20, 0x45, 0x63, 0x68, 0x6f, 0x20, 0x74, 0x65, 0x6c, 
        0x6c, 0x73, 0x20, 0x61, 0x20, 0x70, 0x72, 0x6f, 0x67, 0x72, 0x61, 0x6d, 
        0x20, 0x74, 0x68, 0x61, 0x74, 0x20, 0x67, 0x61, 0x76, 0x65, 0x20, 0x65, 
        0x76, 0x65, 0x72, 0x79, 0x74, 0x68, 0x69, 0x6e, 0x67, 0x20, 0x62, 0x61, 
        0x63, 0x6b, 0x20, 0x61, 0x70, 0x61, 0x72, 0x74, 0x20, 0x66, 0x72, 0x6f, 
        0x6d, 0x20, 0x6f, 0x6e, 0x65, 0x20, 0x74, 0x68, 0x61, 0x74, 0x20, 0x64, 
        0x69, 0x64, 0x20, 0x6e, 0x6f, 0x74, 0x2e, 0x20, 0x53, 0x6f, 0x20, 0x69, 
        0x74, 0x20, 0x69, 0x73, 0x20, 0x68, 0x6f, 0x77, 0x20, 0x74, 0x68, 0x65, 
        0x0a, 0x20, 0x2a, 0x20, 0x63, 0x6f, 0x72, 0x70, 0x75, 0x73, 0x20, 0x61, 
        0x73, 0x73, 0x65, 0x72, 0x74, 0x73, 0x20, 0x74, 0x68, 0x65, 0x20, 0x61, 
        0x62, 0x73, 0x65, 0x6e, 0x63, 0x65, 0x20, 0x6f, 0x66, 0x20, 0x61, 0x20, 
        0x6c, 0x65, 0x61, 0x6b, 0x20, 0x69, 0x6e, 0x73, 0x74, 0x65, 0x61, 0x64, 
        0x20, 0x6f, 0x66, 0x20, 0x69, 0x6e, 0x66, 0x65, 0x72, 0x72, 0x69, 0x6e, 
        0x67, 0x20, 0x69, 0x74, 0x20, 0x66, 0x72, 0x6f, 0x6d, 0x20, 0x64, 0x65, 
        0x73, 0x74, 0x72, 0x75, 0x63, 0x74, 0x6f, 0x72, 0x20, 0x6f, 0x75, 0x74, 
        0x70, 0x75, 0x74, 0x2e, 0x0a, 0x20, 0x2a, 0x0a, 0x20, 0x2a, 0x20, 0x2a, 
        0x2a, 0x52, 0x65, 0x61, 0x64, 0x20, 0x69, 0x74, 0x20, 0x61, 0x66, 0x74, 
        0x65, 0x72, 0x20, 0x61, 0x20, 0x73, 0x63, 0x6f, 0x70, 0x65, 0x2c, 0x20, 
        0x6e, 0x6f, 0x74, 0x20, 0x61, 0x74, 0x20, 0x74, 0x68, 0x65, 0x20, 0x65, 
        0x6e, 0x64, 0x20, 0x6f, 0x66, 0x20, 0x61, 0x20, 0x66, 0x69, 0x6c, 0x65, 
        0x2e, 0x2a, 0x2a, 0x20, 0x41, 0x20, 0x76, 0x61, 0x72, 0x69, 0x61, 0x62, 
        0x6c, 0x65, 0x20, 0x64, 0x65, 0x63, 0x6c, 0x61, 0x72, 0x65, 0x64, 0x20, 
        0x61, 0x74, 0x20, 0x6d, 0x6f, 0x64, 0x75, 0x6c, 0x65, 0x20, 0x73, 0x63, 
        0x6f, 0x70, 0x65, 0x20, 0x69, 0x73, 0x0a, 0x20, 0x2a, 0x20, 0x72, 0x65, 
        0x6c, 0x65, 0x61, 0x73, 0x65, 0x64, 0x20, 0x61, 0x66, 0x74, 0x65, 0x72, 
        0x20, 0x74, 0x68, 0x65, 0x20, 0x6c, 0x61, 0x73, 0x74, 0x20, 0x73, 0x74, 
        0x61, 0x74, 0x65, 0x6d, 0x65, 0x6e, 0x74, 0x2c, 0x20, 0x73, 0x6f, 0x20, 
        0x61, 0x20, 0x63, 0x68, 0x65, 0x63, 0x6b, 0x20, 0x77, 0x72, 0x69, 0x74, 
        0x74, 0x65, 0x6e, 0x20, 0x74, 0x68, 0x65, 0x72, 0x65, 0x20, 0x72, 0x75, 
        0x6e, 0x73, 0x20, 0x77, 0x68, 0x69, 0x6c, 0x65, 0x20, 0x69, 0x74, 0x73, 
        0x20, 0x6f, 0x77, 0x6e, 0x65, 0x72, 0x73, 0x20, 0x61, 0x72, 0x65, 0x20, 
        0x73, 0x74, 0x69, 0x6c, 0x6c, 0x20, 0x61, 0x6c, 0x69, 0x76, 0x65, 0x3a, 
        0x0a, 0x20, 0x2a, 0x0a, 0x20, 0x2a, 0x20, 0x60, 0x60, 0x60, 0x0a, 0x20, 
        0x2a, 0x20, 0x7b, 0x0a, 0x20, 0x2a, 0x20, 0x20, 0x20, 0x20, 0x20, 0x4e, 
        0x6f, 0x64, 0x65, 0x20, 0x24, 0x6e, 0x20, 0x3d, 0x20, 0x4e, 0x6f, 0x64, 
        0x65, 0x28, 0x31, 0x29, 0x3b, 0x0a, 0x20, 0x2a, 0x20, 0x20, 0x20, 0x20, 
        0x20, 0x61, 0x73, 0x73, 0x65, 0x72, 0x74, 0x28, 0x6d, 0x65, 0x6d, 0x3a, 
        0x3a, 0x6c, 0x69, 0x76, 0x65, 0x5f, 0x61, 0x6c, 0x6c, 0x6f, 0x63, 0x61, 
        0x74, 0x69, 0x6f, 0x6e, 0x73, 0x28, 0x29, 0x20, 0x3e, 0x20, 0x30, 0x29, 
        0x3b, 0x0a, 0x20, 0x2a, 0x20, 0x7d, 0x0a, 0x20, 0x2a, 0x20, 0x61, 0x73, 
        0x73, 0x65, 0x72, 0x74, 0x28, 0x6d, 0x65, 0x6d, 0x3a, 0x3a, 0x6c, 0x69, 
        0x76, 0x65, 0x5f, 0x61, 0x6c, 0x6c, 0x6f, 0x63, 0x61, 0x74, 0x69, 0x6f, 
        0x6e, 0x73, 0x28, 0x29, 0x20, 0x3d, 0x3d, 0x20, 0x30, 0x29, 0x3b, 0x0a, 
        0x20, 0x2a, 0x20, 0x60, 0x60, 0x60, 0x0a, 0x20, 0x2a, 0x2f, 0x0a, 0x23, 
        0x5b, 0x62, 0x75, 0x69, 0x6c, 0x74, 0x69, 0x6e, 0x3a, 0x20, 0x22, 0x6c, 
        0x69, 0x76, 0x65, 0x5f, 0x61, 0x6c, 0x6c, 0x6f, 0x63, 0x61, 0x74, 0x69, 
        0x6f, 0x6e, 0x73, 0x22, 0x5d, 0x0a, 0x66, 0x75, 0x6e, 0x63, 0x74, 0x69, 
        0x6f, 0x6e, 0x20, 0x6c, 0x69, 0x76, 0x65, 0x5f, 0x61, 0x6c, 0x6c, 0x6f, 
        0x63, 0x61, 0x74, 0x69, 0x6f, 0x6e, 0x73, 0x28, 0x29, 0x20, 0x3a, 0x20, 
        0x75, 0x73, 0x69, 0x7a, 0x65, 0x3b, 0x0a, 
    };
    file_5.set_content(reinterpret_cast<const char*>(file_5_data), sizeof(file_5_data));
    auto &file_6 = module.add_file("stdlib:/core/panic.eco");
    static const unsigned char file_6_data[] = {
        0x2f, 0x2a, 0x2a, 0x0a, 0x20, 0x2a, 0x20, 0x53, 0x74, 0x6f, 0x70, 0x70, 
        0x69, 0x6e, 0x67, 0x20, 0x61, 0x20, 0x70, 0x72, 0x6f, 0x67, 0x72, 0x61, 
        0x6d, 0x2e, 0x0a, 0x20, 0x2a, 0x0a, 0x20, 0x2a, 0x20, 0x54, 0x68, 0x65, 
        0x73, 0x65, 0x20, 0x6c, 0x69, 0x76, 0x65, 0x20, 0x69, 0x6e, 0x20, 0x74, 
        0x68, 0x65, 0x20, 0x72, 0x6f, 0x6f, 0x74, 0x20, 0x6e, 0x61, 0x6d, 0x65, 
        0x73, 0x70, 0x61, 0x63, 0x65, 0x20, 0x72, 0x61, 0x74, 0x68, 0x65, 0x72, 
        0x20, 0x74, 0x68, 0x61, 0x6e, 0x20, 0x75, 0x6e, 0x64, 0x65, 0x72, 0x20, 
        0x61, 0x20, 0x70, 0x72, 0x65, 0x66, 0x69, 0x78, 0x2c, 0x20, 0x62, 0x65, 
        0x63, 0x61, 0x75, 0x73, 0x65, 0x20, 0x61, 0x20, 0x70, 0x72, 0x65, 0x63, 
        0x6f, 0x6e, 0x64, 0x69, 0x74, 0x69, 0x6f, 0x6e, 0x20, 0x74, 0x68, 0x61, 
        0x74, 0x20, 0x66, 0x61, 0x69, 0x6c, 0x73, 0x0a, 0x20, 0x2a, 0x20, 0x69, 
        0x73, 0x20, 0x6e, 0x6f, 0x74, 0x20, 0x61, 0x20, 0x73, 0x75, 0x62, 0x73, 
        0x79, 0x73, 0x74, 0x65, 0x6d, 0x20, 0x79, 0x6f, 0x75, 0x20, 0x6f, 0x70, 
        0x74, 0x20, 0x69, 0x6e, 0x74, 0x6f, 0x20, 0x2d, 0x20, 0x60, 0x61, 0x72, 
        0x72, 0x61, 0x79, 0x3c, 0x54, 0x3e, 0x3a, 0x3a, 0x61, 0x74, 0x60, 0x20, 
        0x61, 0x6e, 0x64, 0x20, 0x79, 0x6f, 0x75, 0x72, 0x20, 0x6f, 0x77, 0x6e, 
        0x20, 0x63, 0x6f, 0x64, 0x65, 0x20, 0x73, 0x68, 0x6f, 0x75, 0x6c, 0x64, 
        0x20, 0x62, 0x6f, 0x74, 0x68, 0x20, 0x62, 0x65, 0x20, 0x61, 0x62, 0x6c, 
        0x65, 0x20, 0x74, 0x6f, 0x20, 0x73, 0x61, 0x79, 0x0a, 0x20, 0x2a, 0x20, 
        0x73, 0x6f, 0x20, 0x77, 0x69, 0x74, 0x68, 0x6f, 0x75, 0x74, 0x20, 0x61, 
        0x6e, 0x20, 0x69, 0x6d, 0x70, 0x6f, 0x72, 0x74, 0x2e, 0x0a, 0x20, 0x2a, 
        0x0a, 0x20, 0x2a, 0x20, 0x42, 0x6f, 0x74, 0x68, 0x20, 0x61, 0x72, 0x65, 
        0x20, 0x63, 0x6f, 0x6d, 0x70, 0x69, 0x6c, 0x65, 0x72, 0x20, 0x62, 0x75, 
        0x69, 0x6c, 0x74, 0x69, 0x6e, 0x73, 0x3a, 0x20, 0x74, 0x68, 0x65, 0x20, 
        0x6d, 0x65, 0x73, 0x73, 0x61, 0x67, 0x65, 0x20, 0x61, 0x6e, 0x64, 0x20, 
        0x74, 0x68, 0x65, 0x20, 0x73, 0x6f, 0x75, 0x72, 0x63, 0x65, 0x20, 0x6c, 
        0x6f, 0x63, 0x61, 0x74, 0x69, 0x6f, 0x6e, 0x20, 0x61, 0x72, 0x65, 0x20, 
        0x66, 0x6f, 0x6c, 0x64, 0x65, 0x64, 0x20, 0x69, 0x6e, 0x74, 0x6f, 0x20, 
        0x61, 0x20, 0x63, 0x6f, 0x6e, 0x73, 0x74, 0x61, 0x6e, 0x74, 0x20, 0x61, 
        0x74, 0x0a, 0x20, 0x2a, 0x20, 0x74, 0x68, 0x65, 0x20, 0x63, 0x61, 0x6c, 
        0x6c, 0x20, 0x73, 0x69, 0x74, 0x65, 0x2c, 0x20, 0x77, 0x68, 0x69, 0x63, 
        0x68, 0x20, 0x69, 0x73, 0x20, 0x74, 0x68, 0x65, 0x20, 0x6f, 0x6e, 0x65, 
        0x20, 0x74, 0x68, 0x69, 0x6e, 0x67, 0x20, 0x61, 0x20, 0x6c, 0x69, 0x62, 
        0x72, 0x61, 0x72, 0x79, 0x20, 0x66, 0x75, 0x6e, 0x63, 0x74, 0x69, 0x6f, 
        0x6e, 0x20, 0x63, 0x6f, 0x75, 0x6c, 0x64, 0x20, 0x6e, 0x6f, 0x74, 0x20, 
        0x64, 0x6f, 0x2e, 0x20, 0x4e, 0x6f, 0x74, 0x68, 0x69, 0x6e, 0x67, 0x20, 
        0x6c, 0x69, 0x6e, 0x6b, 0x73, 0x20, 0x61, 0x67, 0x61, 0x69, 0x6e, 0x73, 
        0x74, 0x0a, 0x20, 0x2a, 0x20, 0x74, 0x68, 0x65, 0x6d, 0x2c, 0x20, 0x61, 
        0x6e, 0x64, 0x20, 0x74, 0x68, 0x65, 0x79, 0x20, 0x68, 0x61, 0x76, 0x65, 
        0x20, 0x6e, 0x6f, 0x20, 0x73, 0x79, 0x6d, 0x62, 0x6f, 0x6c, 0x20, 0x6f, 
        0x66, 0x20, 0x74, 0x68, 0x65, 0x69, 0x72, 0x20, 0x6f, 0x77, 0x6e, 0x2e, 
        0x0a, 0x20, 0x2a, 0x0a, 0x20, 0x2a, 0x20, 0x54, 0x68, 0x65, 0x20, 0x6d, 
        0x65, 0x73, 0x73, 0x61, 0x67, 0x65, 0x20, 0x70, 0x61, 0x72, 0x61, 0x6d, 
        0x65, 0x74, 0x65, 0x72, 0x20, 0x69, 0x73, 0x20, 0x73, 0x70, 0x65, 0x6c, 
        0x6c, 0x65, 0x64, 0x20, 0x60, 0x73, 0x74, 0x72, 0x69, 0x6e, 0x67, 0x60, 
        0x20, 0x62, 0x65, 0x63, 0x61, 0x75, 0x73, 0x65, 0x20, 0x74, 0x68, 0x61, 
        0x74, 0x20, 0x69, 0x73, 0x20, 0x77, 0x68, 0x61, 0x74, 0x20, 0x61, 0x20, 
        0x6c, 0x69, 0x74, 0x65, 0x72, 0x61, 0x6c, 0x20, 0x2a, 0x69, 0x73, 0x2a, 
        0x2e, 0x20, 0x4e, 0x6f, 0x74, 0x68, 0x69, 0x6e, 0x67, 0x20, 0x72, 0x65, 
        0x61, 0x64, 0x73, 0x20, 0x69, 0x74, 0x0a, 0x20, 0x2a, 0x20, 0x61, 0x74, 
        0x20, 0x72, 0x75, 0x6e, 0x74, 0x69, 0x6d, 0x65, 0x20, 0x2d, 0x20, 0x74, 
        0x68, 0x65, 0x20, 0x74, 0x65, 0x78, 0x74, 0x20, 0x69, 0x73, 0x20, 0x66, 
        0x6f, 0x6c, 0x64, 0x65, 0x64, 0x20, 0x66, 0x72, 0x6f, 0x6d, 0x20, 0x74, 
        0x68, 0x65, 0x20, 0x74, 0x6f, 0x6b, 0x65, 0x6e, 0x2c, 0x20, 0x73, 0x6f, 
        0x20, 0x74, 0x68, 0x65, 0x20, 0x74, 0x79, 0x70, 0x65, 0x20, 0x68, 0x65, 
        0x72, 0x65, 0x20, 0x6f, 0x6e, 0x6c, 0x79, 0x20, 0x64, 0x65, 0x63, 0x69, 
        0x64, 0x65, 0x73, 0x20, 0x77, 0x68, 0x61, 0x74, 0x20, 0x74, 0x68, 0x65, 
        0x20, 0x63, 0x61, 0x6c, 0x6c, 0x20, 0x73, 0x69, 0x74, 0x65, 0x0a, 0x20, 
        0x2a, 0x20, 0x69, 0x73, 0x20, 0x61, 0x6c, 0x6c, 0x6f, 0x77, 0x65, 0x64, 
        0x20, 0x74, 0x6f, 0x20, 0x77, 0x72, 0x69, 0x74, 0x65, 0x2c, 0x20, 0x61, 
        0x6e, 0x64, 0x20, 0x61, 0x20, 0x6c, 0x69, 0x74, 0x65, 0x72, 0x61, 0x6c, 
        0x20, 0x68, 0x61, 0x73, 0x20, 0x74, 0x6f, 0x20, 0x62, 0x65, 0x20, 0x61, 
        0x62, 0x6c, 0x65, 0x20, 0x74, 0x6f, 0x20, 0x61, 0x72, 0x72, 0x69, 0x76, 
        0x65, 0x20, 0x77, 0x69, 0x74, 0x68, 0x6f, 0x75, 0x74, 0x20, 0x61, 0x20, 
        0x63, 0x6f, 0x6e, 0x76, 0x65, 0x72, 0x73, 0x69, 0x6f, 0x6e, 0x2e, 0x20, 
        0x49, 0x74, 0x20, 0x61, 0x6c, 0x73, 0x6f, 0x20, 0x68, 0x61, 0x73, 0x20, 
        0x74, 0x6f, 0x0a, 0x20, 0x2a, 0x20, 0x73, 0x74, 0x61, 0x79, 0x20, 0x61, 
        0x20, 0x2a, 0x2a, 0x6c, 0x69, 0x74, 0x65, 0x72, 0x61, 0x6c, 0x2a, 0x2a, 
        0x3a, 0x20, 0x73, 0x65, 0x65, 0x20, 0x74, 0x68, 0x65, 0x20, 0x6e, 0x6f, 
        0x74, 0x65, 0x20, 0x6f, 0x6e, 0x20, 0x65, 0x61, 0x63, 0x68, 0x20, 0x6f, 
        0x76, 0x65, 0x72, 0x6c, 0x6f, 0x61, 0x64, 0x2e, 0x0a, 0x20, 0x2a, 0x2f, 
        0x0a, 0x0a, 0x2f, 0x2a, 0x2a, 0x0a, 0x20, 0x2a, 0x20, 0x53, 0x74, 0x6f, 
        0x70, 0x73, 0x20, 0x74, 0x68, 0x65, 0x20, 0x70, 0x72, 0x6f, 0x67, 0x72, 
        0x61, 0x6d, 0x20, 0x77, 0x69, 0x74, 0x68, 0x20, 0x61, 0x20, 0x6e, 0x6f, 
        0x6e, 0x2d, 0x7a, 0x65, 0x72, 0x6f, 0x20, 0x65, 0x78, 0x69, 0x74, 0x20, 
        0x73, 0x74, 0x61, 0x74, 0x75, 0x73, 0x2e, 0x0a, 0x20, 0x2a, 0x0a, 0x20, 
        0x2a, 0x20, 0x54, 0x68, 0x65, 0x20, 0x6d, 0x65, 0x73, 0x73, 0x61, 0x67, 
        0x65, 0x20, 0x67, 0x6f, 0x65, 0x73, 0x20, 0x74, 0x6f, 0x20, 0x73, 0x74, 
        0x64, 0x65, 0x72, 0x72, 0x2c, 0x20, 0x66, 0x6f, 0x6c, 0x6c, 0x6f, 0x77, 
        0x65, 0x64, 0x20, 0x62, 0x79, 0x20, 0x74, 0x68, 0x65, 0x20, 0x66, 0x69, 
        0x6c, 0x65, 0x20, 0x61, 0x6e, 0x64, 0x20, 0x6c, 0x69, 0x6e, 0x65, 0x20, 
        0x6f, 0x66, 0x20, 0x74, 0x68, 0x65, 0x20, 0x60, 0x64, 0x69, 0x65, 0x60, 
        0x20, 0x69, 0x74, 0x73, 0x65, 0x6c, 0x66, 0x2e, 0x20, 0x41, 0x6e, 0x79, 
        0x74, 0x68, 0x69, 0x6e, 0x67, 0x20, 0x61, 0x6c, 0x72, 0x65, 0x61, 0x64, 
        0x79, 0x0a, 0x20, 0x2a, 0x20, 0x77, 0x72, 0x69, 0x74, 0x74, 0x65, 0x6e, 
        0x20, 0x74, 0x6f, 0x20, 0x73, 0x74, 0x64, 0x6f, 0x75, 0x74, 0x20, 0x69, 
        0x73, 0x20, 0x66, 0x6c, 0x75, 0x73, 0x68, 0x65, 0x64, 0x20, 0x66, 0x69, 
        0x72, 0x73, 0x74, 0x2c, 0x20, 0x73, 0x6f, 0x20, 0x74, 0x68, 0x65, 0x20, 
        0x74, 0x77, 0x6f, 0x20, 0x61, 0x70, 0x70, 0x65, 0x61, 0x72, 0x20, 0x69, 
        0x6e, 0x20, 0x74, 0x68, 0x65, 0x20, 0x6f, 0x72, 0x64, 0x65, 0x72, 0x20, 
        0x74, 0x68, 0x65, 0x79, 0x20, 0x77, 0x65, 0x72, 0x65, 0x20, 0x70, 0x72, 
        0x6f, 0x64, 0x75, 0x63, 0x65, 0x64, 0x2e, 0x0a, 0x20, 0x2a, 0x0a, 0x20, 
        0x2a, 0x20, 0x41, 0x20, 0x60, 0x64, 0x69, 0x65, 0x60, 0x20, 0x65, 0x6e, 
        0x64, 0x73, 0x20, 0x74, 0x68, 0x65, 0x20, 0x62, 0x6c, 0x6f, 0x63, 0x6b, 
        0x20, 0x69, 0x74, 0x20, 0x69, 0x73, 0x20, 0x69, 0x6e, 0x3a, 0x20, 0x73, 
        0x74, 0x61, 0x74, 0x65, 0x6d, 0x65, 0x6e, 0x74, 0x73, 0x20, 0x61, 0x66, 
        0x74, 0x65, 0x72, 0x20, 0x69, 0x74, 0x20, 0x61, 0x72, 0x65, 0x20, 0x6e, 
        0x6f, 0x74, 0x20, 0x63, 0x6f, 0x6d, 0x70, 0x69, 0x6c, 0x65, 0x64, 0x2c, 
        0x20, 0x61, 0x6e, 0x64, 0x20, 0x61, 0x20, 0x66, 0x75, 0x6e, 0x63, 0x74, 
        0x69, 0x6f, 0x6e, 0x20, 0x77, 0x68, 0x6f, 0x73, 0x65, 0x0a, 0x20, 0x2a, 
        0x20, 0x6c, 0x61, 0x73, 0x74, 0x20, 0x73, 0x74, 0x61, 0x74, 0x65, 0x6d, 
        0x65, 0x6e, 0x74, 0x20, 0x69, 0x73, 0x20, 0x61, 0x20, 0x60, 0x64, 0x69, 
        0x65, 0x60, 0x20, 0x64, 0x6f, 0x65, 0x73, 0x20, 0x6e, 0x6f, 0x74, 0x20, 
        0x61, 0x6c, 0x73, 0x6f, 0x20, 0x6e, 0x65, 0x65, 0x64, 0x20, 0x61, 0x20, 
        0x60, 0x72, 0x65, 0x74, 0x75, 0x72, 0x6e, 0x60, 0x2e, 0x0a, 0x20, 0x2a, 
        0x2f, 0x0a, 0x23, 0x5b, 0x62, 0x75, 0x69, 0x6c, 0x74, 0x69, 0x6e, 0x3a, 
        0x20, 0x22, 0x64, 0x69, 0x65, 0x22, 0x5d, 0x0a, 0x66, 0x75, 0x6e, 0x63, 
        0x74, 0x69, 0x6f, 0x6e, 0x20, 0x64, 0x69, 0x65, 0x28, 0x29, 0x20, 0x3a, 
        0x20, 0x76, 0x6f, 0x69, 0x64, 0x3b, 0x0a, 0x0a, 0x2f, 0x2a, 0x2a, 0x0a, 
        0x20, 0x2a, 0x20, 0x54, 0x68, 0x65, 0x20, 0x6d, 0x65, 0x73, 0x73, 0x61, 
        0x67, 0x65, 0x20, 0x6d, 0x75, 0x73, 0x74, 0x20, 0x62, 0x65, 0x20, 0x61, 
        0x20, 0x2a, 0x2a, 0x73, 0x74, 0x72, 0x69, 0x6e, 0x67, 0x20, 0x6c, 0x69, 
        0x74, 0x65, 0x72, 0x61, 0x6c, 0x2a, 0x2a, 0x2c, 0x20, 0x6e, 0x6f, 0x74, 
        0x20, 0x61, 0x20, 0x60, 0x73, 0x74, 0x72, 0x69, 0x6e, 0x67, 0x60, 0x20, 
        0x76, 0x61, 0x72, 0x69, 0x61, 0x62, 0x6c, 0x65, 0x2e, 0x20, 0x49, 0x74, 
        0x20, 0x69, 0x73, 0x20, 0x66, 0x6f, 0x6c, 0x64, 0x65, 0x64, 0x20, 0x69, 
        0x6e, 0x74, 0x6f, 0x20, 0x74, 0x68, 0x65, 0x20, 0x62, 0x69, 0x6e, 0x61, 
        0x72, 0x79, 0x0a, 0x20, 0x2a, 0x20, 0x74, 0x6f, 0x67, 0x65, 0x74, 0x68, 
        0x65, 0x72, 0x20, 0x77, 0x69, 0x74, 0x68, 0x20, 0x74, 0x68, 0x65, 0x20, 
        0x73, 0x6f, 0x75, 0x72, 0x63, 0x65, 0x20, 0x6c, 0x6f, 0x63, 0x61, 0x74, 
        0x69, 0x6f, 0x6e, 0x2c, 0x20, 0x73, 0x6f, 0x20, 0x69, 0x74, 0x20, 0x68, 
        0x61, 0x73, 0x20, 0x74, 0x6f, 0x20, 0x62, 0x65, 0x20, 0x72, 0x65, 0x61, 
        0x64, 0x61, 0x62, 0x6c, 0x65, 0x20, 0x61, 0x74, 0x20, 0x63, 0x6f, 0x6d, 
        0x70, 0x69, 0x6c, 0x65, 0x20, 0x74, 0x69, 0x6d, 0x65, 0x20, 0x2d, 0x20, 
        0x61, 0x20, 0x72, 0x75, 0x6e, 0x74, 0x69, 0x6d, 0x65, 0x20, 0x73, 0x74, 
        0x72, 0x69, 0x6e, 0x67, 0x0a, 0x20, 0x2a, 0x20, 0x68, 0x61, 0x73, 0x20, 
        0x6e, 0x6f, 0x74, 0x68, 0x69, 0x6e, 0x67, 0x20, 0x74, 0x6f, 0x20, 0x66, 
        0x6f, 0x6c, 0x64, 0x2c, 0x20, 0x61, 0x6e, 0x64, 0x20, 0x69, 0x73, 0x20, 
        0x61, 0x20, 0x6c, 0x6f, 0x63, 0x61, 0x74, 0x65, 0x64, 0x20, 0x65, 0x72, 
        0x72, 0x6f, 0x72, 0x20, 0x72, 0x61, 0x74, 0x68, 0x65, 0x72, 0x20, 0x74, 
        0x68, 0x61, 0x6e, 0x20, 0x61, 0x20, 0x6d, 0x65, 0x73, 0x73, 0x61, 0x67, 
        0x65, 0x20, 0x74, 0x68, 0x61, 0x74, 0x20, 0x71, 0x75, 0x69, 0x65, 0x74, 
        0x6c, 0x79, 0x20, 0x67, 0x6f, 0x65, 0x73, 0x20, 0x6d, 0x69, 0x73, 0x73, 
        0x69, 0x6e, 0x67, 0x2e, 0x0a, 0x20, 0x2a, 0x2f, 0x0a, 0x23, 0x5b, 0x62, 
        0x75, 0x69, 0x6c, 0x74, 0x69, 0x6e, 0x3a, 0x20, 0x22, 0x64, 0x69, 0x65, 
        0x22, 0x5d, 0x0a, 0x66, 0x75, 0x6e, 0x63, 0x74, 0x69, 0x6f, 0x6e, 0x20, 
        0x64, 0x69, 0x65, 0x28, 0x73, 0x74, 0x72, 0x69, 0x6e, 0x67, 0x20, 0x24, 
        0x6d, 0x65, 0x73, 0x73, 0x61, 0x67, 0x65, 0x29, 0x20, 0x3a, 0x20, 0x76, 
        0x6f, 0x69, 0x64, 0x3b, 0x0a, 0x0a, 0x2f, 0x2a, 0x2a, 0x0a, 0x20, 0x2a, 
        0x20, 0x53, 0x74, 0x6f, 0x70, 0x73, 0x20, 0x74, 0x68, 0x65, 0x20, 0x70, 
        0x72, 0x6f, 0x67, 0x72, 0x61, 0x6d, 0x20, 0x77, 0x68, 0x65, 0x6e, 0x20, 
        0x60, 0x24, 0x63, 0x6f, 0x6e, 0x64, 0x69, 0x74, 0x69, 0x6f, 0x6e, 0x60, 
        0x20, 0x69, 0x73, 0x20, 0x66, 0x61, 0x6c, 0x73, 0x65, 0x2e, 0x0a, 0x20, 
        0x2a, 0x0a, 0x20, 0x2a, 0x20, 0x45, 0x6d, 0x69, 0x74, 0x74, 0x65, 0x64, 
        0x20, 0x69, 0x6e, 0x20, 0x61, 0x20, 0x64, 0x65, 0x62, 0x75, 0x67, 0x20, 
        0x62, 0x75, 0x69, 0x6c, 0x64, 0x20, 0x6f, 0x6e, 0x6c, 0x79, 0x2e, 0x20, 
        0x60, 0x65, 0x63, 0x68, 0x6f, 0x63, 0x20, 0x62, 0x75, 0x69, 0x6c, 0x64, 
        0x60, 0x2c, 0x20, 0x61, 0x6e, 0x64, 0x20, 0x60, 0x65, 0x63, 0x68, 0x6f, 
        0x63, 0x20, 0x72, 0x75, 0x6e, 0x20, 0x2d, 0x2d, 0x72, 0x65, 0x6c, 0x65, 
        0x61, 0x73, 0x65, 0x60, 0x2c, 0x20, 0x64, 0x72, 0x6f, 0x70, 0x20, 0x74, 
        0x68, 0x65, 0x20, 0x77, 0x68, 0x6f, 0x6c, 0x65, 0x20, 0x63, 0x61, 0x6c, 
        0x6c, 0x20, 0x2d, 0x0a, 0x20, 0x2a, 0x20, 0x74, 0x68, 0x65, 0x20, 0x63, 
        0x6f, 0x6e, 0x64, 0x69, 0x74, 0x69, 0x6f, 0x6e, 0x20, 0x69, 0x6e, 0x63, 
        0x6c, 0x75, 0x64, 0x65, 0x64, 0x2c, 0x20, 0x65, 0x78, 0x61, 0x63, 0x74, 
        0x6c, 0x79, 0x20, 0x61, 0x73, 0x20, 0x43, 0x27, 0x73, 0x20, 0x60, 0x4e, 
        0x44, 0x45, 0x42, 0x55, 0x47, 0x60, 0x20, 0x64, 0x72, 0x6f, 0x70, 0x73, 
        0x20, 0x60, 0x61, 0x73, 0x73, 0x65, 0x72, 0x74, 0x60, 0x2e, 0x20, 0x53, 
        0x6f, 0x20, 0x74, 0x68, 0x65, 0x20, 0x63, 0x6f, 0x6e, 0x64, 0x69, 0x74, 
        0x69, 0x6f, 0x6e, 0x20, 0x6d, 0x75, 0x73, 0x74, 0x20, 0x62, 0x65, 0x20, 
        0x66, 0x72, 0x65, 0x65, 0x0a, 0x20, 0x2a, 0x20, 0x6f, 0x66, 0x20, 0x73, 
        0x69, 0x64, 0x65, 0x20, 0x65, 0x66, 0x66, 0x65, 0x63, 0x74, 0x73, 0x20, 
        0x74, 0x68, 0x65, 0x20, 0x72, 0x65, 0x73, 0x74, 0x20, 0x6f, 0x66, 0x20, 
        0x74, 0x68, 0x65, 0x20, 0x70, 0x72, 0x6f, 0x67, 0x72, 0x61, 0x6d, 0x20, 
        0x64, 0x65, 0x70, 0x65, 0x6e, 0x64, 0x73, 0x20, 0x6f, 0x6e, 0x2e, 0x0a, 
        0x20, 0x2a, 0x0a, 0x20, 0x2a, 0x20, 0x54, 0x68, 0x65, 0x20, 0x63, 0x6f, 
        0x6e, 0x64, 0x69, 0x74, 0x69, 0x6f, 0x6e, 0x20, 0x69, 0x73, 0x20, 0x74, 
        0x79, 0x70, 0x65, 0x2d, 0x63, 0x68, 0x65, 0x63, 0x6b, 0x65, 0x64, 0x20, 
        0x65, 0x69, 0x74, 0x68, 0x65, 0x72, 0x20, 0x77, 0x61, 0x79, 0x2c, 0x20, 
        0x73, 0x6f, 0x20, 0x61, 0x20, 0x72, 0x65, 0x6c, 0x65, 0x61, 0x73, 0x65, 
        0x20, 0x62, 0x75, 0x69, 0x6c, 0x64, 0x20, 0x6e, 0x65, 0x76, 0x65, 0x72, 
        0x20, 0x61, 0x63, 0x63, 0x65, 0x70, 0x74, 0x73, 0x20, 0x61, 0x6e, 0x20, 
        0x61, 0x73, 0x73, 0x65, 0x72, 0x74, 0x20, 0x61, 0x20, 0x64, 0x65, 0x62, 
        0x75, 0x67, 0x0a, 0x20, 0x2a, 0x20, 0x62, 0x75, 0x69, 0x6c, 0x64, 0x20, 
        0x77, 0x6f, 0x75, 0x6c, 0x64, 0x20, 0x68, 0x61, 0x76, 0x65, 0x20, 0x72, 
        0x65, 0x6a, 0x65, 0x63, 0x74, 0x65, 0x64, 0x2e, 0x0a, 0x20, 0x2a, 0x2f, 
        0x0a, 0x23, 0x5b, 0x62, 0x75, 0x69, 0x6c, 0x74, 0x69, 0x6e, 0x3a, 0x20, 
        0x22, 0x61, 0x73, 0x73, 0x65, 0x72, 0x74, 0x22, 0x5d, 0x0a, 0x66, 0x75, 
        0x6e, 0x63, 0x74, 0x69, 0x6f, 0x6e, 0x20, 0x61, 0x73, 0x73, 0x65, 0x72, 
        0x74, 0x28, 0x62, 0x6f, 0x6f, 0x6c, 0x20, 0x24, 0x63, 0x6f, 0x6e, 0x64, 
        0x69, 0x74, 0x69, 0x6f, 0x6e, 0x29, 0x20, 0x3a, 0x20, 0x76, 0x6f, 0x69, 
        0x64, 0x3b, 0x0a, 0x0a, 0x2f, 0x2a, 0x2a, 0x0a, 0x20, 0x2a, 0x20, 0x54, 
        0x68, 0x65, 0x20, 0x6d, 0x65, 0x73, 0x73, 0x61, 0x67, 0x65, 0x20, 0x6d, 
        0x75, 0x73, 0x74, 0x20, 0x62, 0x65, 0x20, 0x61, 0x20, 0x2a, 0x2a, 0x73, 
        0x74, 0x72, 0x69, 0x6e, 0x67, 0x20, 0x6c, 0x69, 0x74, 0x65, 0x72, 0x61, 
        0x6c, 0x2a, 0x2a, 0x2c, 0x20, 0x66, 0x6f, 0x72, 0x20, 0x74, 0x68, 0x65, 
        0x20, 0x72, 0x65, 0x61, 0x73, 0x6f, 0x6e, 0x20, 0x60, 0x64, 0x69, 0x65, 
        0x60, 0x27, 0x73, 0x20, 0x6d, 0x75, 0x73, 0x74, 0x2e, 0x0a, 0x20, 0x2a, 
        0x2f, 0x0a, 0x23, 0x5b, 0x62, 0x75, 0x69, 0x6c, 0x74, 0x69, 0x6e, 0x3a, 
        0x20, 0x22, 0x61, 0x73, 0x73, 0x65, 0x72, 0x74, 0x22, 0x5d, 0x0a, 0x66, 
        0x75, 0x6e, 0x63, 0x74, 0x69, 0x6f, 0x6e, 0x20, 0x61, 0x73, 0x73, 0x65, 
        0x72, 0x74, 0x28, 0x62, 0x6f, 0x6f, 0x6c, 0x20, 0x24, 0x63, 0x6f, 0x6e, 
        0x64, 0x69, 0x74, 0x69, 0x6f, 0x6e, 0x2c, 0x20, 0x73, 0x74, 0x72, 0x69, 
        0x6e, 0x67, 0x20, 0x24, 0x6d, 0x65, 0x73, 0x73, 0x61, 0x67, 0x65, 0x29, 
        0x20, 0x3a, 0x20, 0x76, 0x6f, 0x69, 0x64, 0x3b, 0x0a, 
    };
    file_6.set_content(reinterpret_cast<const char*>(file_6_data), sizeof(file_6_data));
    auto &file_7 = module.add_file("stdlib:/core/slice.eco");
    static const unsigned char file_7_data[] = {
        0x2f, 0x2a, 0x2a, 0x0a, 0x20, 0x2a, 0x20, 0x41, 0x20, 0x62, 0x6f, 0x72, 
        0x72, 0x6f, 0x77, 0x65, 0x64, 0x20, 0x77, 0x69, 0x6e, 0x64, 0x6f, 0x77, 
        0x20, 0x6f, 0x76, 0x65, 0x72, 0x20, 0x65, 0x6c, 0x65, 0x6d, 0x65, 0x6e, 
        0x74, 0x73, 0x20, 0x73, 0x6f, 0x6d, 0x65, 0x62, 0x6f, 0x64, 0x79, 0x20, 
        0x65, 0x6c, 0x73, 0x65, 0x20, 0x6f, 0x77, 0x6e, 0x73, 0x2e, 0x0a, 0x20, 
        0x2a, 0x0a, 0x20, 0x2a, 0x20, 0x54, 0x77, 0x6f, 0x20, 0x77, 0x6f, 0x72, 
        0x64, 0x73, 0x20, 0x2d, 0x20, 0x61, 0x6e, 0x20, 0x61, 0x64, 0x64, 0x72, 
        0x65, 0x73, 0x73, 0x20, 0x61, 0x6e, 0x64, 0x20, 0x61, 0x6e, 0x20, 0x65, 
        0x6c, 0x65, 0x6d, 0x65, 0x6e, 0x74, 0x20, 0x63, 0x6f, 0x75, 0x6e, 0x74, 
        0x20, 0x2d, 0x20, 0x6f, 0x77, 0x6e, 0x69, 0x6e, 0x67, 0x20, 0x6e, 0x6f, 
        0x74, 0x68, 0x69, 0x6e, 0x67, 0x2c, 0x20, 0x63, 0x6f, 0x70, 0x79, 0x69, 
        0x6e, 0x67, 0x20, 0x66, 0x6f, 0x72, 0x20, 0x66, 0x72, 0x65, 0x65, 0x2c, 
        0x20, 0x6b, 0x65, 0x65, 0x70, 0x69, 0x6e, 0x67, 0x20, 0x6e, 0x6f, 0x74, 
        0x68, 0x69, 0x6e, 0x67, 0x0a, 0x20, 0x2a, 0x20, 0x61, 0x6c, 0x69, 0x76, 
        0x65, 0x2e, 0x20, 0x49, 0x74, 0x20, 0x69, 0x73, 0x20, 0x74, 0x6f, 0x20, 
        0x60, 0x61, 0x72, 0x72, 0x61, 0x79, 0x3c, 0x54, 0x3e, 0x60, 0x20, 0x77, 
        0x68, 0x61, 0x74, 0x20, 0x60, 0x73, 0x74, 0x72, 0x69, 0x6e, 0x67, 0x3a, 
        0x3a, 0x76, 0x69, 0x65, 0x77, 0x60, 0x20, 0x69, 0x73, 0x20, 0x74, 0x6f, 
        0x20, 0x60, 0x73, 0x74, 0x72, 0x69, 0x6e, 0x67, 0x60, 0x2c, 0x20, 0x61, 
        0x6e, 0x64, 0x20, 0x66, 0x6f, 0x72, 0x20, 0x74, 0x68, 0x65, 0x20, 0x73, 
        0x61, 0x6d, 0x65, 0x20, 0x72, 0x65, 0x61, 0x73, 0x6f, 0x6e, 0x3a, 0x20, 
        0x61, 0x0a, 0x20, 0x2a, 0x20, 0x66, 0x75, 0x6e, 0x63, 0x74, 0x69, 0x6f, 
        0x6e, 0x20, 0x74, 0x68, 0x61, 0x74, 0x20, 0x6f, 0x6e, 0x6c, 0x79, 0x20, 
        0x2a, 0x72, 0x65, 0x61, 0x64, 0x73, 0x2a, 0x20, 0x65, 0x6c, 0x65, 0x6d, 
        0x65, 0x6e, 0x74, 0x73, 0x20, 0x73, 0x68, 0x6f, 0x75, 0x6c, 0x64, 0x20, 
        0x6e, 0x6f, 0x74, 0x20, 0x68, 0x61, 0x76, 0x65, 0x20, 0x74, 0x6f, 0x20, 
        0x63, 0x61, 0x72, 0x65, 0x20, 0x77, 0x68, 0x6f, 0x20, 0x6f, 0x77, 0x6e, 
        0x73, 0x20, 0x74, 0x68, 0x65, 0x6d, 0x2e, 0x0a, 0x20, 0x2a, 0x0a, 0x20, 
        0x2a, 0x20, 0x42, 0x65, 0x63, 0x61, 0x75, 0x73, 0x65, 0x20, 0x69, 0x74, 
        0x20, 0x6f, 0x77, 0x6e, 0x73, 0x20, 0x6e, 0x6f, 0x74, 0x68, 0x69, 0x6e, 
        0x67, 0x2c, 0x20, 0x61, 0x20, 0x73, 0x68, 0x61, 0x6c, 0x6c, 0x6f, 0x77, 
        0x20, 0x63, 0x6f, 0x70, 0x79, 0x20, 0x69, 0x73, 0x20, 0x74, 0x68, 0x65, 
        0x20, 0x2a, 0x2a, 0x63, 0x6f, 0x72, 0x72, 0x65, 0x63, 0x74, 0x2a, 0x2a, 
        0x20, 0x63, 0x6f, 0x70, 0x79, 0x2e, 0x20, 0x49, 0x74, 0x20, 0x64, 0x65, 
        0x63, 0x6c, 0x61, 0x72, 0x65, 0x73, 0x20, 0x6e, 0x6f, 0x20, 0x64, 0x65, 
        0x73, 0x74, 0x72, 0x75, 0x63, 0x74, 0x6f, 0x72, 0x20, 0x61, 0x6e, 0x64, 
        0x20, 0x6e, 0x6f, 0x0a, 0x20, 0x2a, 0x20, 0x63, 0x6f, 0x70, 0x79, 0x20, 
        0x63, 0x6f, 0x6e, 0x73, 0x74, 0x72, 0x75, 0x63, 0x74, 0x6f, 0x72, 0x2c, 
        0x20, 0x73, 0x6f, 0x20, 0x70, 0x61, 0x73, 0x73, 0x69, 0x6e, 0x67, 0x20, 
        0x6f, 0x6e, 0x65, 0x20, 0x61, 0x72, 0x6f, 0x75, 0x6e, 0x64, 0x20, 0x64, 
        0x75, 0x70, 0x6c, 0x69, 0x63, 0x61, 0x74, 0x65, 0x73, 0x20, 0x74, 0x77, 
        0x6f, 0x20, 0x77, 0x6f, 0x72, 0x64, 0x73, 0x20, 0x61, 0x6e, 0x64, 0x20, 
        0x61, 0x6c, 0x69, 0x61, 0x73, 0x65, 0x73, 0x20, 0x74, 0x68, 0x65, 0x20, 
        0x73, 0x61, 0x6d, 0x65, 0x20, 0x65, 0x6c, 0x65, 0x6d, 0x65, 0x6e, 0x74, 
        0x73, 0x2c, 0x20, 0x77, 0x68, 0x69, 0x63, 0x68, 0x0a, 0x20, 0x2a, 0x20, 
        0x69, 0x73, 0x20, 0x74, 0x68, 0x65, 0x20, 0x77, 0x68, 0x6f, 0x6c, 0x65, 
        0x20, 0x70, 0x6f, 0x69, 0x6e, 0x74, 0x2e, 0x0a, 0x20, 0x2a, 0x0a, 0x20, 
        0x2a, 0x20, 0x54, 0x68, 0x65, 0x20, 0x6c, 0x69, 0x66, 0x65, 0x74, 0x69, 
        0x6d, 0x65, 0x20, 0x72, 0x75, 0x6c, 0x65, 0x20, 0x69, 0x73, 0x20, 0x74, 
        0x68, 0x65, 0x20, 0x70, 0x6f, 0x69, 0x6e, 0x74, 0x65, 0x72, 0x20, 0x63, 
        0x68, 0x61, 0x70, 0x74, 0x65, 0x72, 0x27, 0x73, 0x2c, 0x20, 0x75, 0x6e, 
        0x63, 0x68, 0x61, 0x6e, 0x67, 0x65, 0x64, 0x3a, 0x20, 0x2a, 0x2a, 0x61, 
        0x20, 0x73, 0x6c, 0x69, 0x63, 0x65, 0x20, 0x6d, 0x75, 0x73, 0x74, 0x20, 
        0x6e, 0x6f, 0x74, 0x20, 0x6f, 0x75, 0x74, 0x6c, 0x69, 0x76, 0x65, 0x20, 
        0x74, 0x68, 0x65, 0x20, 0x61, 0x72, 0x72, 0x61, 0x79, 0x20, 0x69, 0x74, 
        0x0a, 0x20, 0x2a, 0x20, 0x63, 0x61, 0x6d, 0x65, 0x20, 0x66, 0x72, 0x6f, 
        0x6d, 0x2a, 0x2a, 0x2c, 0x20, 0x61, 0x6e, 0x64, 0x20, 0x67, 0x72, 0x6f, 
        0x77, 0x69, 0x6e, 0x67, 0x20, 0x74, 0x68, 0x61, 0x74, 0x20, 0x61, 0x72, 
        0x72, 0x61, 0x79, 0x20, 0x65, 0x6e, 0x64, 0x73, 0x20, 0x74, 0x68, 0x65, 
        0x20, 0x73, 0x6c, 0x69, 0x63, 0x65, 0x20, 0x6a, 0x75, 0x73, 0x74, 0x20, 
        0x61, 0x73, 0x20, 0x64, 0x65, 0x63, 0x69, 0x73, 0x69, 0x76, 0x65, 0x6c, 
        0x79, 0x20, 0x61, 0x73, 0x20, 0x64, 0x65, 0x73, 0x74, 0x72, 0x6f, 0x79, 
        0x69, 0x6e, 0x67, 0x20, 0x69, 0x74, 0x2e, 0x20, 0x4e, 0x6f, 0x74, 0x68, 
        0x69, 0x6e, 0x67, 0x0a, 0x20, 0x2a, 0x20, 0x65, 0x6e, 0x66, 0x6f, 0x72, 
        0x63, 0x65, 0x73, 0x20, 0x74, 0x68, 0x69, 0x73, 0x20, 0x2d, 0x20, 0x74, 
        0x68, 0x65, 0x72, 0x65, 0x20, 0x69, 0x73, 0x20, 0x6e, 0x6f, 0x20, 0x62, 
        0x6f, 0x72, 0x72, 0x6f, 0x77, 0x20, 0x63, 0x68, 0x65, 0x63, 0x6b, 0x65, 
        0x72, 0x20, 0x2d, 0x20, 0x73, 0x6f, 0x20, 0x69, 0x74, 0x20, 0x69, 0x73, 
        0x20, 0x61, 0x20, 0x72, 0x75, 0x6c, 0x65, 0x20, 0x79, 0x6f, 0x75, 0x20, 
        0x6b, 0x65, 0x65, 0x70, 0x20, 0x72, 0x61, 0x74, 0x68, 0x65, 0x72, 0x20, 
        0x74, 0x68, 0x61, 0x6e, 0x20, 0x6f, 0x6e, 0x65, 0x20, 0x79, 0x6f, 0x75, 
        0x20, 0x61, 0x72, 0x65, 0x0a, 0x20, 0x2a, 0x20, 0x68, 0x65, 0x6c, 0x64, 
        0x20, 0x74, 0x6f, 0x2e, 0x20, 0x53, 0x65, 0x65, 0x20, 0x62, 0x6f, 0x6f, 
        0x6b, 0x2f, 0x63, 0x6f, 0x6e, 0x63, 0x65, 0x70, 0x74, 0x2f, 0x61, 0x72, 
        0x72, 0x61, 0x79, 0x73, 0x2e, 0x6d, 0x64, 0x2c, 0x20, 0x22, 0x47, 0x72, 
        0x6f, 0x77, 0x74, 0x68, 0x20, 0x61, 0x6e, 0x64, 0x20, 0x69, 0x6e, 0x76, 
        0x61, 0x6c, 0x69, 0x64, 0x61, 0x74, 0x69, 0x6f, 0x6e, 0x22, 0x2e, 0x0a, 
        0x20, 0x2a, 0x0a, 0x20, 0x2a, 0x20, 0x43, 0x6f, 0x75, 0x6e, 0x74, 0x73, 
        0x20, 0x61, 0x6e, 0x64, 0x20, 0x69, 0x6e, 0x64, 0x69, 0x63, 0x65, 0x73, 
        0x20, 0x61, 0x72, 0x65, 0x20, 0x60, 0x75, 0x73, 0x69, 0x7a, 0x65, 0x60, 
        0x20, 0x74, 0x68, 0x72, 0x6f, 0x75, 0x67, 0x68, 0x6f, 0x75, 0x74, 0x2c, 
        0x20, 0x6d, 0x61, 0x74, 0x63, 0x68, 0x69, 0x6e, 0x67, 0x20, 0x60, 0x6d, 
        0x65, 0x6d, 0x3a, 0x3a, 0x60, 0x2e, 0x0a, 0x20, 0x2a, 0x2f, 0x0a, 0x73, 
        0x74, 0x72, 0x75, 0x63, 0x74, 0x20, 0x73, 0x6c, 0x69, 0x63, 0x65, 0x3c, 
        0x54, 0x3e, 0x20, 0x3a, 0x20, 0x63, 0x6f, 0x6e, 0x74, 0x72, 0x61, 0x63, 
        0x74, 0x3a, 0x3a, 0x69, 0x74, 0x65, 0x72, 0x61, 0x62, 0x6c, 0x65, 0x3c, 
        0x54, 0x3e, 0x0a, 0x7b, 0x0a, 0x20, 0x20, 0x20, 0x20, 0x70, 0x74, 0x72, 
        0x3c, 0x54, 0x3e, 0x20, 0x24, 0x64, 0x61, 0x74, 0x61, 0x3b, 0x0a, 0x20, 
        0x20, 0x20, 0x20, 0x75, 0x73, 0x69, 0x7a, 0x65, 0x20, 0x24, 0x6c, 0x65, 
        0x6e, 0x3b, 0x0a, 0x0a, 0x20, 0x20, 0x20, 0x20, 0x2f, 0x2a, 0x2a, 0x0a, 
        0x20, 0x20, 0x20, 0x20, 0x20, 0x2a, 0x20, 0x48, 0x6f, 0x77, 0x20, 0x6d, 
        0x61, 0x6e, 0x79, 0x20, 0x65, 0x6c, 0x65, 0x6d, 0x65, 0x6e, 0x74, 0x73, 
        0x20, 0x74, 0x68, 0x65, 0x20, 0x77, 0x69, 0x6e, 0x64, 0x6f, 0x77, 0x20, 
        0x63, 0x6f, 0x76, 0x65, 0x72, 0x73, 0x2e, 0x0a, 0x20, 0x20, 0x20, 0x20, 
        0x20, 0x2a, 0x2f, 0x0a, 0x20, 0x20, 0x20, 0x20, 0x63, 0x6f, 0x6e, 0x73, 
        0x74, 0x20, 0x66, 0x75, 0x6e, 0x63, 0x74, 0x69, 0x6f, 0x6e, 0x20, 0x63, 
        0x6f, 0x75, 0x6e, 0x74, 0x28, 0x29, 0x20, 0x3a, 0x20, 0x75, 0x73, 0x69, 
        0x7a, 0x65, 0x0a, 0x20, 0x20, 0x20, 0x20, 0x7b, 0x0a, 0x20, 0x20, 0x20, 
        0x20, 0x20, 0x20, 0x20, 0x20, 0x72, 0x65, 0x74, 0x75, 0x72, 0x6e, 0x20, 
        0x24, 0x74, 0x68, 0x69, 0x73, 0x2d, 0x3e, 0x6c, 0x65, 0x6e, 0x3b, 0x0a, 
        0x20, 0x20, 0x20, 0x20, 0x7d, 0x0a, 0x0a, 0x20, 0x20, 0x20, 0x20, 0x2f, 
        0x2a, 0x2a, 0x0a, 0x20, 0x20, 0x20, 0x20, 0x20, 0x2a, 0x20, 0x54, 0x72, 
        0x75, 0x65, 0x20, 0x77, 0x68, 0x65, 0x6e, 0x20, 0x74, 0x68, 0x65, 0x20, 
        0x77, 0x69, 0x6e, 0x64, 0x6f, 0x77, 0x20, 0x63, 0x6f, 0x76, 0x65, 0x72, 
        0x73, 0x20, 0x6e, 0x6f, 0x20, 0x65, 0x6c, 0x65, 0x6d, 0x65, 0x6e, 0x74, 
        0x73, 0x2e, 0x0a, 0x20, 0x20, 0x20, 0x20, 0x20, 0x2a, 0x0a, 0x20, 0x20, 
        0x20, 0x20, 0x20, 0x2a, 0x20, 0x41, 0x20, 0x62, 0x72, 0x61, 0x6e, 0x63, 
        0x68, 0x20, 0x61, 0x6e, 0x64, 0x20, 0x74, 0x77, 0x6f, 0x20, 0x60, 0x72, 
        0x65, 0x74, 0x75, 0x72, 0x6e, 0x60, 0x73, 0x20, 0x72, 0x61, 0x74, 0x68, 
        0x65, 0x72, 0x20, 0x74, 0x68, 0x61, 0x6e, 0x20, 0x60, 0x72, 0x65, 0x74, 
        0x75, 0x72, 0x6e, 0x20, 0x24, 0x74, 0x68, 0x69, 0x73, 0x2d, 0x3e, 0x6c, 
        0x65, 0x6e, 0x20, 0x3d, 0x3d, 0x20, 0x30, 0x3b, 0x60, 0x20, 0x2d, 0x20, 
        0x60, 0x73, 0x74, 0x72, 0x69, 0x6e, 0x67, 0x2e, 0x65, 0x63, 0x6f, 0x60, 
        0x20, 0x65, 0x78, 0x70, 0x6c, 0x61, 0x69, 0x6e, 0x73, 0x20, 0x77, 0x68, 
        0x79, 0x2e, 0x0a, 0x20, 0x20, 0x20, 0x20, 0x20, 0x2a, 0x2f, 0x0a, 0x20, 
        0x20, 0x20, 0x20, 0x63, 0x6f, 0x6e, 0x73, 0x74, 0x20, 0x66, 0x75, 0x6e, 
        0x63, 0x74, 0x69, 0x6f, 0x6e, 0x20, 0x69, 0x73, 0x5f, 0x65, 0x6d, 0x70, 
        0x74, 0x79, 0x28, 0x29, 0x20, 0x3a, 0x20, 0x62, 0x6f, 0x6f, 0x6c, 0x0a, 
        0x20, 0x20, 0x20, 0x20, 0x7b, 0x0a, 0x20, 0x20, 0x20, 0x20, 0x20, 0x20, 
        0x20, 0x20, 0x69, 0x66, 0x20, 0x28, 0x24, 0x74, 0x68, 0x69, 0x73, 0x2d, 
        0x3e, 0x6c, 0x65, 0x6e, 0x20, 0x3e, 0x20, 0x30, 0x29, 0x20, 0x7b, 0x0a, 
        0x20, 0x20, 0x20, 0x20, 0x20, 0x20, 0x20, 0x20, 0x20, 0x20, 0x20, 0x20, 
        0x72, 0x65, 0x74, 0x75, 0x72, 0x6e, 0x20, 0x66, 0x61, 0x6c, 0x73, 0x65, 
        0x3b, 0x0a, 0x20, 0x20, 0x20, 0x20, 0x20, 0x20, 0x20, 0x20, 0x7d, 0x0a, 
        0x0a, 0x20, 0x20, 0x20, 0x20, 0x20, 0x20, 0x20, 0x20, 0x72, 0x65, 0x74, 
        0x75, 0x72, 0x6e, 0x20, 0x74, 0x72, 0x75, 0x65, 0x3b, 0x0a, 0x20, 0x20, 
        0x20, 0x20, 0x7d, 0x0a, 0x0a, 0x20, 0x20, 0x20, 0x20, 0x2f, 0x2a, 0x2a, 
        0x0a, 0x20, 0x20, 0x20, 0x20, 0x20, 0x2a, 0x20, 0x41, 0x20, 0x63, 0x6f, 
        0x70, 0x79, 0x20, 0x6f, 0x66, 0x20, 0x74, 0x68, 0x65, 0x20, 0x65, 0x6c, 
        0x65, 0x6d, 0x65, 0x6e, 0x74, 0x20, 0x61, 0x74, 0x20, 0x60, 0x24, 0x69, 
        0x6e, 0x64, 0x65, 0x78, 0x60, 0x2e, 0x0a, 0x20, 0x20, 0x20, 0x20, 0x20, 
        0x2a, 0x0a, 0x20, 0x20, 0x20, 0x20, 0x20, 0x2a, 0x20, 0x43, 0x68, 0x65, 
        0x63, 0x6b, 0x65, 0x64, 0x20, 0x77, 0x69, 0x74, 0x68, 0x20, 0x60, 0x61, 
        0x73, 0x73, 0x65, 0x72, 0x74, 0x60, 0x2c, 0x20, 0x73, 0x6f, 0x20, 0x60, 
        0x65, 0x63, 0x68, 0x6f, 0x63, 0x20, 0x62, 0x75, 0x69, 0x6c, 0x64, 0x60, 
        0x20, 0x64, 0x72, 0x6f, 0x70, 0x73, 0x20, 0x74, 0x68, 0x65, 0x20, 0x63, 
        0x68, 0x65, 0x63, 0x6b, 0x20, 0x2d, 0x20, 0x74, 0x68, 0x65, 0x20, 0x62, 
        0x61, 0x72, 0x67, 0x61, 0x69, 0x6e, 0x20, 0x43, 0x27, 0x73, 0x20, 0x60, 
        0x61, 0x73, 0x73, 0x65, 0x72, 0x74, 0x60, 0x20, 0x6d, 0x61, 0x6b, 0x65, 
        0x73, 0x2e, 0x0a, 0x20, 0x20, 0x20, 0x20, 0x20, 0x2a, 0x20, 0x60, 0x24, 
        0x73, 0x5b, 0x24, 0x69, 0x6e, 0x64, 0x65, 0x78, 0x5d, 0x60, 0x20, 0x69, 
        0x73, 0x20, 0x74, 0x68, 0x65, 0x20, 0x73, 0x61, 0x6d, 0x65, 0x20, 0x65, 
        0x6c, 0x65, 0x6d, 0x65, 0x6e, 0x74, 0x20, 0x77, 0x69, 0x74, 0x68, 0x6f, 
        0x75, 0x74, 0x20, 0x74, 0x68, 0x65, 0x20, 0x63, 0x6f, 0x70, 0x79, 0x2e, 
        0x0a, 0x20, 0x20, 0x20, 0x20, 0x20, 0x2a, 0x2f, 0x0a, 0x20, 0x20, 0x20, 
        0x20, 0x63, 0x6f, 0x6e, 0x73, 0x74, 0x20, 0x66, 0x75, 0x6e, 0x63, 0x74, 
        0x69, 0x6f, 0x6e, 0x20, 0x67, 0x65, 0x74, 0x28, 0x75, 0x73, 0x69, 0x7a, 
        0x65, 0x20, 0x24, 0x69, 0x6e, 0x64, 0x65, 0x78, 0x29, 0x20, 0x3a, 0x20, 
        0x54, 0x0a, 0x20, 0x20, 0x20, 0x20, 0x7b, 0x0a, 0x20, 0x20, 0x20, 0x20, 
        0x20, 0x20, 0x20, 0x20, 0x72, 0x65, 0x74, 0x75, 0x72, 0x6e, 0x20, 0x24, 
        0x74, 0x68, 0x69, 0x73, 0x5b, 0x24, 0x69, 0x6e, 0x64, 0x65, 0x78, 0x5d, 
        0x3b, 0x0a, 0x20, 0x20, 0x20, 0x20, 0x7d, 0x0a, 0x0a, 0x20, 0x20, 0x20, 
        0x20, 0x2f, 0x2a, 0x2a, 0x0a, 0x20, 0x20, 0x20, 0x20, 0x20, 0x2a, 0x20, 
        0x41, 0x20, 0x62, 0x6f, 0x72, 0x72, 0x6f, 0x77, 0x20, 0x6f, 0x66, 0x20, 
        0x74, 0x68, 0x65, 0x20, 0x65, 0x6c, 0x65, 0x6d, 0x65, 0x6e, 0x74, 0x20, 
        0x61, 0x74, 0x20, 0x60, 0x24, 0x69, 0x6e, 0x64, 0x65, 0x78, 0x60, 0x2c, 
        0x20, 0x73, 0x6f, 0x20, 0x77, 0x72, 0x69, 0x74, 0x69, 0x6e, 0x67, 0x20, 
        0x74, 0x68, 0x72, 0x6f, 0x75, 0x67, 0x68, 0x20, 0x69, 0x74, 0x20, 0x77, 
        0x72, 0x69, 0x74, 0x65, 0x73, 0x20, 0x69, 0x6e, 0x74, 0x6f, 0x20, 0x74, 
        0x68, 0x65, 0x20, 0x73, 0x74, 0x6f, 0x72, 0x61, 0x67, 0x65, 0x2e, 0x0a, 
        0x20, 0x20, 0x20, 0x20, 0x20, 0x2a, 0x0a, 0x20, 0x20, 0x20, 0x20, 0x20, 
        0x2a, 0x20, 0x54, 0x68, 0x65, 0x20, 0x6d, 0x65, 0x74, 0x68, 0x6f, 0x64, 
        0x20, 0x66, 0x6f, 0x72, 0x6d, 0x20, 0x6f, 0x66, 0x20, 0x60, 0x24, 0x73, 
        0x5b, 0x24, 0x69, 0x6e, 0x64, 0x65, 0x78, 0x5d, 0x60, 0x2c, 0x20, 0x77, 
        0x68, 0x69, 0x63, 0x68, 0x20, 0x69, 0x73, 0x20, 0x74, 0x68, 0x65, 0x20, 
        0x73, 0x70, 0x65, 0x6c, 0x6c, 0x69, 0x6e, 0x67, 0x20, 0x74, 0x6f, 0x20, 
        0x70, 0x72, 0x65, 0x66, 0x65, 0x72, 0x20, 0x2d, 0x20, 0x61, 0x20, 0x70, 
        0x6c, 0x61, 0x63, 0x65, 0x20, 0x6e, 0x65, 0x65, 0x64, 0x73, 0x20, 0x6e, 
        0x6f, 0x20, 0x6e, 0x61, 0x6d, 0x65, 0x20, 0x74, 0x6f, 0x0a, 0x20, 0x20, 
        0x20, 0x20, 0x20, 0x2a, 0x20, 0x62, 0x65, 0x20, 0x62, 0x6f, 0x75, 0x6e, 
        0x64, 0x20, 0x74, 0x6f, 0x20, 0x62, 0x65, 0x66, 0x6f, 0x72, 0x65, 0x20, 
        0x69, 0x74, 0x20, 0x69, 0x73, 0x20, 0x75, 0x73, 0x65, 0x66, 0x75, 0x6c, 
        0x2e, 0x0a, 0x20, 0x20, 0x20, 0x20, 0x20, 0x2a, 0x0a, 0x20, 0x20, 0x20, 
        0x20, 0x20, 0x2a, 0x20, 0x57, 0x72, 0x69, 0x74, 0x74, 0x65, 0x6e, 0x20, 
        0x2a, 0x74, 0x68, 0x72, 0x6f, 0x75, 0x67, 0x68, 0x2a, 0x20, 0x74, 0x68, 
        0x65, 0x20, 0x65, 0x6c, 0x65, 0x6d, 0x65, 0x6e, 0x74, 0x20, 0x6f, 0x70, 
        0x65, 0x72, 0x61, 0x74, 0x6f, 0x72, 0x2c, 0x20, 0x73, 0x6f, 0x20, 0x74, 
        0x68, 0x65, 0x20, 0x62, 0x6f, 0x75, 0x6e, 0x64, 0x73, 0x20, 0x72, 0x75, 
        0x6c, 0x65, 0x20, 0x61, 0x6e, 0x64, 0x20, 0x69, 0x74, 0x73, 0x20, 0x6d, 
        0x65, 0x73, 0x73, 0x61, 0x67, 0x65, 0x20, 0x68, 0x61, 0x76, 0x65, 0x20, 
        0x6f, 0x6e, 0x65, 0x0a, 0x20, 0x20, 0x20, 0x20, 0x20, 0x2a, 0x20, 0x69, 
        0x6d, 0x70, 0x6c, 0x65, 0x6d, 0x65, 0x6e, 0x74, 0x61, 0x74, 0x69, 0x6f, 
        0x6e, 0x20, 0x61, 0x6e, 0x64, 0x20, 0x60, 0x24, 0x73, 0x2d, 0x3e, 0x61, 
        0x74, 0x28, 0x24, 0x69, 0x29, 0x60, 0x20, 0x63, 0x61, 0x6e, 0x6e, 0x6f, 
        0x74, 0x20, 0x64, 0x72, 0x69, 0x66, 0x74, 0x20, 0x66, 0x72, 0x6f, 0x6d, 
        0x20, 0x60, 0x24, 0x73, 0x5b, 0x24, 0x69, 0x5d, 0x60, 0x2e, 0x0a, 0x20, 
        0x20, 0x20, 0x20, 0x20, 0x2a, 0x2f, 0x0a, 0x20, 0x20, 0x20, 0x20, 0x66, 
        0x75, 0x6e, 0x63, 0x74, 0x69, 0x6f, 0x6e, 0x20, 0x61, 0x74, 0x28, 0x75, 
        0x73, 0x69, 0x7a, 0x65, 0x20, 0x24, 0x69, 0x6e, 0x64, 0x65, 0x78, 0x29, 
        0x20, 0x3a, 0x20, 0x54, 0x26, 0x0a, 0x20, 0x20, 0x20, 0x20, 0x7b, 0x0a, 
        0x20, 0x20, 0x20, 0x20, 0x20, 0x20, 0x20, 0x20, 0x72, 0x65, 0x74, 0x75, 
        0x72, 0x6e, 0x20, 0x26, 0x24, 0x74, 0x68, 0x69, 0x73, 0x5b, 0x24, 0x69, 
        0x6e, 0x64, 0x65, 0x78, 0x5d, 0x3b, 0x0a, 0x20, 0x20, 0x20, 0x20, 0x7d, 
        0x0a, 0x0a, 0x20, 0x20, 0x20, 0x20, 0x2f, 0x2a, 0x2a, 0x0a, 0x20, 0x20, 
        0x20, 0x20, 0x20, 0x2a, 0x20, 0x54, 0x68, 0x65, 0x20, 0x73, 0x61, 0x6d, 
        0x65, 0x20, 0x62, 0x6f, 0x72, 0x72, 0x6f, 0x77, 0x2c, 0x20, 0x72, 0x65, 
        0x61, 0x64, 0x2d, 0x6f, 0x6e, 0x6c, 0x79, 0x2c, 0x20, 0x66, 0x6f, 0x72, 
        0x20, 0x77, 0x68, 0x65, 0x6e, 0x20, 0x74, 0x68, 0x65, 0x20, 0x77, 0x69, 
        0x6e, 0x64, 0x6f, 0x77, 0x20, 0x69, 0x74, 0x73, 0x65, 0x6c, 0x66, 0x20, 
        0x69, 0x73, 0x20, 0x60, 0x63, 0x6f, 0x6e, 0x73, 0x74, 0x60, 0x2e, 0x0a, 
        0x20, 0x20, 0x20, 0x20, 0x20, 0x2a, 0x0a, 0x20, 0x20, 0x20, 0x20, 0x20, 
        0x2a, 0x20, 0x4f, 0x6e, 0x65, 0x20, 0x6f, 0x76, 0x65, 0x72, 0x6c, 0x6f, 
        0x61, 0x64, 0x20, 0x73, 0x65, 0x74, 0x20, 0x74, 0x6f, 0x6c, 0x64, 0x20, 
        0x61, 0x70, 0x61, 0x72, 0x74, 0x20, 0x62, 0x79, 0x20, 0x74, 0x68, 0x65, 
        0x20, 0x72, 0x65, 0x63, 0x65, 0x69, 0x76, 0x65, 0x72, 0x2c, 0x20, 0x65, 
        0x78, 0x61, 0x63, 0x74, 0x6c, 0x79, 0x20, 0x61, 0x73, 0x20, 0x60, 0x61, 
        0x72, 0x72, 0x61, 0x79, 0x3c, 0x54, 0x3e, 0x3a, 0x3a, 0x61, 0x74, 0x60, 
        0x20, 0x69, 0x73, 0x3a, 0x20, 0x61, 0x20, 0x6d, 0x75, 0x74, 0x61, 0x62, 
        0x6c, 0x65, 0x20, 0x77, 0x69, 0x6e, 0x64, 0x6f, 0x77, 0x0a, 0x20, 0x20, 
        0x20, 0x20, 0x20, 0x2a, 0x20, 0x6d, 0x61, 0x74, 0x63, 0x68, 0x65, 0x73, 
        0x20, 0x74, 0x68, 0x65, 0x20, 0x62, 0x6f, 0x72, 0x72, 0x6f, 0x77, 0x20, 
        0x61, 0x62, 0x6f, 0x76, 0x65, 0x20, 0x65, 0x78, 0x61, 0x63, 0x74, 0x6c, 
        0x79, 0x2c, 0x20, 0x61, 0x20, 0x60, 0x63, 0x6f, 0x6e, 0x73, 0x74, 0x60, 
        0x20, 0x6f, 0x6e, 0x65, 0x20, 0x72, 0x65, 0x61, 0x63, 0x68, 0x65, 0x73, 
        0x20, 0x6f, 0x6e, 0x6c, 0x79, 0x20, 0x74, 0x68, 0x69, 0x73, 0x2e, 0x0a, 
        0x20, 0x20, 0x20, 0x20, 0x20, 0x2a, 0x2f, 0x0a, 0x20, 0x20, 0x20, 0x20, 
        0x63, 0x6f, 0x6e, 0x73, 0x74, 0x20, 0x66, 0x75, 0x6e, 0x63, 0x74, 0x69, 
        0x6f, 0x6e, 0x20, 0x61, 0x74, 0x28, 0x75, 0x73, 0x69, 0x7a, 0x65, 0x20, 
        0x24, 0x69, 0x6e, 0x64, 0x65, 0x78, 0x29, 0x20, 0x3a, 0x20, 0x63, 0x6f, 
        0x6e, 0x73, 0x74, 0x20, 0x54, 0x26, 0x0a, 0x20, 0x20, 0x20, 0x20, 0x7b, 
        0x0a, 0x20, 0x20, 0x20, 0x20, 0x20, 0x20, 0x20, 0x20, 0x72, 0x65, 0x74, 
        0x75, 0x72, 0x6e, 0x20, 0x26, 0x24, 0x74, 0x68, 0x69, 0x73, 0x5b, 0x24, 
        0x69, 0x6e, 0x64, 0x65, 0x78, 0x5d, 0x3b, 0x0a, 0x20, 0x20, 0x20, 0x20, 
        0x7d, 0x0a, 0x0a, 0x20, 0x20, 0x20, 0x20, 0x2f, 0x2a, 0x2a, 0x0a, 0x20, 
        0x20, 0x20, 0x20, 0x20, 0x2a, 0x20, 0x41, 0x20, 0x63, 0x75, 0x72, 0x73, 
        0x6f, 0x72, 0x20, 0x6f, 0x76, 0x65, 0x72, 0x20, 0x74, 0x68, 0x69, 0x73, 
        0x20, 0x77, 0x69, 0x6e, 0x64, 0x6f, 0x77, 0x2e, 0x20, 0x60, 0x49, 0x74, 
        0x65, 0x72, 0x60, 0x20, 0x69, 0x73, 0x20, 0x69, 0x6e, 0x66, 0x65, 0x72, 
        0x72, 0x65, 0x64, 0x20, 0x74, 0x6f, 0x20, 0x62, 0x65, 0x20, 0x60, 0x73, 
        0x6c, 0x69, 0x63, 0x65, 0x5f, 0x69, 0x74, 0x65, 0x72, 0x61, 0x74, 0x6f, 
        0x72, 0x3c, 0x54, 0x3e, 0x60, 0x20, 0x66, 0x72, 0x6f, 0x6d, 0x20, 0x74, 
        0x68, 0x69, 0x73, 0x20, 0x72, 0x65, 0x74, 0x75, 0x72, 0x6e, 0x20, 0x74, 
        0x79, 0x70, 0x65, 0x20, 0x2d, 0x0a, 0x20, 0x20, 0x20, 0x20, 0x20, 0x2a, 
        0x20, 0x61, 0x20, 0x63, 0x6f, 0x6e, 0x66, 0x6f, 0x72, 0x6d, 0x61, 0x6e, 
        0x63, 0x65, 0x20, 0x6e, 0x65, 0x76, 0x65, 0x72, 0x20, 0x73, 0x70, 0x65, 
        0x6c, 0x6c, 0x73, 0x20, 0x69, 0x74, 0x73, 0x20, 0x61, 0x73, 0x73, 0x6f, 
        0x63, 0x69, 0x61, 0x74, 0x65, 0x64, 0x20, 0x74, 0x79, 0x70, 0x65, 0x73, 
        0x2c, 0x20, 0x69, 0x74, 0x20, 0x6f, 0x6e, 0x6c, 0x79, 0x20, 0x63, 0x6f, 
        0x6e, 0x73, 0x74, 0x72, 0x61, 0x69, 0x6e, 0x73, 0x20, 0x74, 0x68, 0x65, 
        0x6d, 0x2e, 0x0a, 0x20, 0x20, 0x20, 0x20, 0x20, 0x2a, 0x2f, 0x0a, 0x20, 
        0x20, 0x20, 0x20, 0x66, 0x75, 0x6e, 0x63, 0x74, 0x69, 0x6f, 0x6e, 0x20, 
        0x69, 0x74, 0x65, 0x72, 0x61, 0x74, 0x65, 0x28, 0x29, 0x20, 0x3a, 0x20, 
        0x73, 0x6c, 0x69, 0x63, 0x65, 0x5f, 0x69, 0x74, 0x65, 0x72, 0x61, 0x74, 
        0x6f, 0x72, 0x3c, 0x54, 0x3e, 0x0a, 0x20, 0x20, 0x20, 0x20, 0x7b, 0x0a, 
        0x20, 0x20, 0x20, 0x20, 0x20, 0x20, 0x20, 0x20, 0x72, 0x65, 0x74, 0x75, 
        0x72, 0x6e, 0x20, 0x73, 0x6c, 0x69, 0x63, 0x65, 0x5f, 0x69, 0x74, 0x65, 
        0x72, 0x61, 0x74, 0x6f, 0x72, 0x3c, 0x54, 0x3e, 0x28, 0x24, 0x74, 0x68, 
        0x69, 0x73, 0x29, 0x3b, 0x0a, 0x20, 0x20, 0x20, 0x20, 0x7d, 0x0a, 0x0a, 
        0x20, 0x20, 0x20, 0x20, 0x2f, 0x2a, 0x2a, 0x0a, 0x20, 0x20, 0x20, 0x20, 
        0x20, 0x2a, 0x20, 0x41, 0x20, 0x73, 0x75, 0x62, 0x2d, 0x77, 0x69, 0x6e, 
        0x64, 0x6f, 0x77, 0x2c, 0x20, 0x60, 0x24, 0x63, 0x6f, 0x75, 0x6e, 0x74, 
        0x60, 0x20, 0x65, 0x6c, 0x65, 0x6d, 0x65, 0x6e, 0x74, 0x73, 0x20, 0x66, 
        0x72, 0x6f, 0x6d, 0x20, 0x60, 0x24, 0x66, 0x72, 0x6f, 0x6d, 0x60, 0x2e, 
        0x0a, 0x20, 0x20, 0x20, 0x20, 0x20, 0x2a, 0x0a, 0x20, 0x20, 0x20, 0x20, 
        0x20, 0x2a, 0x20, 0x4e, 0x61, 0x6d, 0x65, 0x64, 0x20, 0x60, 0x73, 0x75, 
        0x62, 0x60, 0x20, 0x74, 0x6f, 0x20, 0x6d, 0x61, 0x74, 0x63, 0x68, 0x20, 
        0x60, 0x73, 0x74, 0x72, 0x69, 0x6e, 0x67, 0x3a, 0x3a, 0x76, 0x69, 0x65, 
        0x77, 0x3a, 0x3a, 0x73, 0x75, 0x62, 0x60, 0x2c, 0x20, 0x77, 0x68, 0x69, 
        0x63, 0x68, 0x20, 0x61, 0x6c, 0x72, 0x65, 0x61, 0x64, 0x79, 0x20, 0x6d, 
        0x65, 0x61, 0x6e, 0x73, 0x20, 0x65, 0x78, 0x61, 0x63, 0x74, 0x6c, 0x79, 
        0x20, 0x74, 0x68, 0x69, 0x73, 0x20, 0x2d, 0x20, 0x61, 0x6e, 0x64, 0x20, 
        0x62, 0x65, 0x63, 0x61, 0x75, 0x73, 0x65, 0x0a, 0x20, 0x20, 0x20, 0x20, 
        0x20, 0x2a, 0x20, 0x60, 0x24, 0x73, 0x2d, 0x3e, 0x73, 0x6c, 0x69, 0x63, 
        0x65, 0x28, 0x2e, 0x2e, 0x2e, 0x29, 0x60, 0x20, 0x6f, 0x6e, 0x20, 0x61, 
        0x20, 0x74, 0x79, 0x70, 0x65, 0x20, 0x2a, 0x63, 0x61, 0x6c, 0x6c, 0x65, 
        0x64, 0x2a, 0x20, 0x60, 0x73, 0x6c, 0x69, 0x63, 0x65, 0x60, 0x20, 0x72, 
        0x65, 0x61, 0x64, 0x73, 0x20, 0x6c, 0x69, 0x6b, 0x65, 0x20, 0x61, 0x20, 
        0x63, 0x6f, 0x6e, 0x73, 0x74, 0x72, 0x75, 0x63, 0x74, 0x6f, 0x72, 0x20, 
        0x72, 0x61, 0x74, 0x68, 0x65, 0x72, 0x20, 0x74, 0x68, 0x61, 0x6e, 0x20, 
        0x61, 0x20, 0x6e, 0x61, 0x72, 0x72, 0x6f, 0x77, 0x69, 0x6e, 0x67, 0x2e, 
        0x0a, 0x20, 0x20, 0x20, 0x20, 0x20, 0x2a, 0x0a, 0x20, 0x20, 0x20, 0x20, 
        0x20, 0x2a, 0x20, 0x2a, 0x2a, 0x54, 0x77, 0x6f, 0x20, 0x73, 0x65, 0x70, 
        0x61, 0x72, 0x61, 0x74, 0x65, 0x20, 0x63, 0x68, 0x65, 0x63, 0x6b, 0x73, 
        0x20, 0x72, 0x61, 0x74, 0x68, 0x65, 0x72, 0x20, 0x74, 0x68, 0x61, 0x6e, 
        0x20, 0x6f, 0x6e, 0x65, 0x20, 0x6f, 0x6e, 0x20, 0x74, 0x68, 0x65, 0x20, 
        0x73, 0x75, 0x6d, 0x2a, 0x2a, 0x2c, 0x20, 0x73, 0x6f, 0x20, 0x74, 0x68, 
        0x65, 0x20, 0x73, 0x75, 0x6d, 0x20, 0x63, 0x61, 0x6e, 0x6e, 0x6f, 0x74, 
        0x20, 0x77, 0x72, 0x61, 0x70, 0x20, 0x6f, 0x6e, 0x20, 0x74, 0x68, 0x65, 
        0x20, 0x77, 0x61, 0x79, 0x20, 0x74, 0x6f, 0x0a, 0x20, 0x20, 0x20, 0x20, 
        0x20, 0x2a, 0x20, 0x62, 0x65, 0x69, 0x6e, 0x67, 0x20, 0x63, 0x68, 0x65, 
        0x63, 0x6b, 0x65, 0x64, 0x2e, 0x20, 0x60, 0x73, 0x74, 0x72, 0x69, 0x6e, 
        0x67, 0x3a, 0x3a, 0x76, 0x69, 0x65, 0x77, 0x3a, 0x3a, 0x73, 0x75, 0x62, 
        0x60, 0x20, 0x69, 0x73, 0x20, 0x77, 0x72, 0x69, 0x74, 0x74, 0x65, 0x6e, 
        0x20, 0x74, 0x68, 0x65, 0x20, 0x73, 0x61, 0x6d, 0x65, 0x20, 0x77, 0x61, 
        0x79, 0x20, 0x61, 0x6e, 0x64, 0x20, 0x66, 0x6f, 0x72, 0x20, 0x74, 0x68, 
        0x65, 0x20, 0x73, 0x61, 0x6d, 0x65, 0x20, 0x72, 0x65, 0x61, 0x73, 0x6f, 
        0x6e, 0x2e, 0x0a, 0x20, 0x20, 0x20, 0x20, 0x20, 0x2a, 0x2f, 0x0a, 0x20, 
        0x20, 0x20, 0x20, 0x66, 0x75, 0x6e, 0x63, 0x74, 0x69, 0x6f, 0x6e, 0x20, 
        0x73, 0x75, 0x62, 0x28, 0x75, 0x73, 0x69, 0x7a, 0x65, 0x20, 0x24, 0x66, 
        0x72, 0x6f, 0x6d, 0x2c, 0x20, 0x75, 0x73, 0x69, 0x7a, 0x65, 0x20, 0x24, 
        0x63, 0x6f, 0x75, 0x6e, 0x74, 0x29, 0x20, 0x3a, 0x20, 0x73, 0x6c, 0x69, 
        0x63, 0x65, 0x3c, 0x54, 0x3e, 0x0a, 0x20, 0x20, 0x20, 0x20, 0x7b, 0x0a, 
        0x20, 0x20, 0x20, 0x20, 0x20, 0x20, 0x20, 0x20, 0x61, 0x73, 0x73, 0x65, 
        0x72, 0x74, 0x28, 0x24, 0x66, 0x72, 0x6f, 0x6d, 0x20, 0x3c, 0x3d, 0x20, 
        0x24, 0x74, 0x68, 0x69, 0x73, 0x2d, 0x3e, 0x6c, 0x65, 0x6e, 0x2c, 0x20, 
        0x22, 0x73, 0x6c, 0x69, 0x63, 0x65, 0x20, 0x73, 0x74, 0x61, 0x72, 0x74, 
        0x20, 0x6f, 0x75, 0x74, 0x20, 0x6f, 0x66, 0x20, 0x72, 0x61, 0x6e, 0x67, 
        0x65, 0x22, 0x29, 0x3b, 0x0a, 0x20, 0x20, 0x20, 0x20, 0x20, 0x20, 0x20, 
        0x20, 0x61, 0x73, 0x73, 0x65, 0x72, 0x74, 0x28, 0x24, 0x63, 0x6f, 0x75, 
        0x6e, 0x74, 0x20, 0x3c, 0x3d, 0x20, 0x24, 0x74, 0x68, 0x69, 0x73, 0x2d, 
        0x3e, 0x6c, 0x65, 0x6e, 0x20, 0x2d, 0x20, 0x24, 0x66, 0x72, 0x6f, 0x6d, 
        0x2c, 0x20, 0x22, 0x73, 0x6c, 0x69, 0x63, 0x65, 0x20, 0x6c, 0x65, 0x6e, 
        0x67, 0x74, 0x68, 0x20, 0x6f, 0x75, 0x74, 0x20, 0x6f, 0x66, 0x20, 0x72, 
        0x61, 0x6e, 0x67, 0x65, 0x22, 0x29, 0x3b, 0x0a, 0x0a, 0x20, 0x20, 0x20, 
        0x20, 0x20, 0x20, 0x20, 0x20, 0x72, 0x65, 0x74, 0x75, 0x72, 0x6e, 0x20, 
        0x73, 0x6c, 0x69, 0x63, 0x65, 0x3c, 0x54, 0x3e, 0x28, 0x24, 0x74, 0x68, 
        0x69, 0x73, 0x2d, 0x3e, 0x64, 0x61, 0x74, 0x61, 0x3a, 0x24, 0x20, 0x2b, 
        0x20, 0x24, 0x66, 0x72, 0x6f, 0x6d, 0x2c, 0x20, 0x24, 0x63, 0x6f, 0x75, 
        0x6e, 0x74, 0x29, 0x3b, 0x0a, 0x20, 0x20, 0x20, 0x20, 0x7d, 0x0a, 0x7d, 
        0x0a, 0x0a, 0x2f, 0x2a, 0x2a, 0x0a, 0x20, 0x2a, 0x20, 0x54, 0x68, 0x65, 
        0x20, 0x65, 0x6c, 0x65, 0x6d, 0x65, 0x6e, 0x74, 0x20, 0x63, 0x6f, 0x6e, 
        0x74, 0x72, 0x61, 0x63, 0x74, 0x2e, 0x20, 0x60, 0x24, 0x73, 0x5b, 0x24, 
        0x69, 0x5d, 0x60, 0x20, 0x72, 0x65, 0x61, 0x64, 0x73, 0x2c, 0x20, 0x77, 
        0x72, 0x69, 0x74, 0x65, 0x73, 0x2c, 0x20, 0x74, 0x61, 0x6b, 0x65, 0x73, 
        0x20, 0x60, 0x26, 0x60, 0x20, 0x61, 0x6e, 0x64, 0x20, 0x63, 0x68, 0x61, 
        0x69, 0x6e, 0x73, 0x20, 0x77, 0x69, 0x74, 0x68, 0x20, 0x60, 0x2d, 0x3e, 
        0x60, 0x2c, 0x20, 0x61, 0x6c, 0x6c, 0x20, 0x74, 0x68, 0x72, 0x6f, 0x75, 
        0x67, 0x68, 0x20, 0x74, 0x68, 0x65, 0x0a, 0x20, 0x2a, 0x20, 0x62, 0x6f, 
        0x72, 0x72, 0x6f, 0x77, 0x20, 0x74, 0x68, 0x69, 0x73, 0x20, 0x68, 0x61, 
        0x6e, 0x64, 0x73, 0x20, 0x62, 0x61, 0x63, 0x6b, 0x20, 0x2d, 0x20, 0x73, 
        0x65, 0x65, 0x20, 0x62, 0x6f, 0x6f, 0x6b, 0x2f, 0x63, 0x6f, 0x6e, 0x63, 
        0x65, 0x70, 0x74, 0x2f, 0x61, 0x72, 0x72, 0x61, 0x79, 0x73, 0x2e, 0x6d, 
        0x64, 0x2c, 0x20, 0x22, 0x45, 0x6c, 0x65, 0x6d, 0x65, 0x6e, 0x74, 0x73, 
        0x22, 0x2e, 0x0a, 0x20, 0x2a, 0x0a, 0x20, 0x2a, 0x20, 0x54, 0x68, 0x65, 
        0x72, 0x65, 0x20, 0x69, 0x73, 0x20, 0x64, 0x65, 0x6c, 0x69, 0x62, 0x65, 
        0x72, 0x61, 0x74, 0x65, 0x6c, 0x79, 0x20, 0x2a, 0x2a, 0x6e, 0x6f, 0x2a, 
        0x2a, 0x20, 0x6f, 0x6e, 0x65, 0x2d, 0x6f, 0x70, 0x65, 0x72, 0x61, 0x6e, 
        0x64, 0x20, 0x60, 0x6f, 0x70, 0x65, 0x72, 0x61, 0x74, 0x6f, 0x72, 0x20, 
        0x28, 0x73, 0x6c, 0x69, 0x63, 0x65, 0x3c, 0x54, 0x3e, 0x26, 0x20, 0x24, 
        0x73, 0x29, 0x5b, 0x5d, 0x60, 0x3a, 0x20, 0x61, 0x20, 0x73, 0x6c, 0x69, 
        0x63, 0x65, 0x20, 0x64, 0x6f, 0x65, 0x73, 0x20, 0x6e, 0x6f, 0x74, 0x20, 
        0x6f, 0x77, 0x6e, 0x20, 0x69, 0x74, 0x73, 0x0a, 0x20, 0x2a, 0x20, 0x73, 
        0x74, 0x6f, 0x72, 0x61, 0x67, 0x65, 0x2c, 0x20, 0x73, 0x6f, 0x20, 0x69, 
        0x74, 0x20, 0x68, 0x61, 0x73, 0x20, 0x6e, 0x6f, 0x74, 0x68, 0x69, 0x6e, 
        0x67, 0x20, 0x74, 0x6f, 0x20, 0x67, 0x72, 0x6f, 0x77, 0x2e, 0x20, 0x60, 
        0x24, 0x73, 0x5b, 0x5d, 0x20, 0x3d, 0x20, 0x24, 0x76, 0x60, 0x20, 0x69, 
        0x73, 0x20, 0x74, 0x68, 0x65, 0x6e, 0x20, 0x61, 0x6e, 0x20, 0x6f, 0x72, 
        0x64, 0x69, 0x6e, 0x61, 0x72, 0x79, 0x20, 0x22, 0x6e, 0x6f, 0x20, 0x6f, 
        0x76, 0x65, 0x72, 0x6c, 0x6f, 0x61, 0x64, 0x20, 0x61, 0x63, 0x63, 0x65, 
        0x70, 0x74, 0x73, 0x20, 0x74, 0x68, 0x65, 0x73, 0x65, 0x0a, 0x20, 0x2a, 
        0x20, 0x61, 0x72, 0x67, 0x75, 0x6d, 0x65, 0x6e, 0x74, 0x73, 0x22, 0x2c, 
        0x20, 0x77, 0x69, 0x74, 0x68, 0x20, 0x6e, 0x6f, 0x20, 0x72, 0x75, 0x6c, 
        0x65, 0x20, 0x61, 0x6e, 0x79, 0x77, 0x68, 0x65, 0x72, 0x65, 0x20, 0x73, 
        0x61, 0x79, 0x69, 0x6e, 0x67, 0x20, 0x77, 0x68, 0x69, 0x63, 0x68, 0x20, 
        0x74, 0x79, 0x70, 0x65, 0x73, 0x20, 0x6d, 0x61, 0x79, 0x20, 0x61, 0x70, 
        0x70, 0x65, 0x6e, 0x64, 0x2e, 0x0a, 0x20, 0x2a, 0x2f, 0x0a, 0x6f, 0x70, 
        0x65, 0x72, 0x61, 0x74, 0x6f, 0x72, 0x3c, 0x54, 0x3e, 0x20, 0x28, 0x73, 
        0x6c, 0x69, 0x63, 0x65, 0x3c, 0x54, 0x3e, 0x26, 0x20, 0x24, 0x73, 0x29, 
        0x5b, 0x75, 0x73, 0x69, 0x7a, 0x65, 0x20, 0x24, 0x69, 0x6e, 0x64, 0x65, 
        0x78, 0x5d, 0x20, 0x3a, 0x20, 0x54, 0x26, 0x0a, 0x7b, 0x0a, 0x20, 0x20, 
        0x20, 0x20, 0x61, 0x73, 0x73, 0x65, 0x72, 0x74, 0x28, 0x24, 0x69, 0x6e, 
        0x64, 0x65, 0x78, 0x20, 0x3c, 0x20, 0x24, 0x73, 0x2d, 0x3e, 0x6c, 0x65, 
        0x6e, 0x2c, 0x20, 0x22, 0x73, 0x6c, 0x69, 0x63, 0x65, 0x20, 0x69, 0x6e, 
        0x64, 0x65, 0x78, 0x20, 0x6f, 0x75, 0x74, 0x20, 0x6f, 0x66, 0x20, 0x72, 
        0x61, 0x6e, 0x67, 0x65, 0x22, 0x29, 0x3b, 0x0a, 0x0a, 0x20, 0x20, 0x20, 
        0x20, 0x72, 0x65, 0x74, 0x75, 0x72, 0x6e, 0x20, 0x26, 0x24, 0x73, 0x2d, 
        0x3e, 0x64, 0x61, 0x74, 0x61, 0x3a, 0x24, 0x5b, 0x24, 0x69, 0x6e, 0x64, 
        0x65, 0x78, 0x5d, 0x3b, 0x0a, 0x7d, 0x0a, 0x0a, 0x2f, 0x2a, 0x2a, 0x0a, 
        0x20, 0x2a, 0x20, 0x54, 0x68, 0x65, 0x20, 0x73, 0x61, 0x6d, 0x65, 0x20, 
        0x63, 0x6f, 0x6e, 0x74, 0x72, 0x61, 0x63, 0x74, 0x20, 0x6f, 0x76, 0x65, 
        0x72, 0x20, 0x61, 0x20, 0x60, 0x63, 0x6f, 0x6e, 0x73, 0x74, 0x60, 0x20, 
        0x77, 0x69, 0x6e, 0x64, 0x6f, 0x77, 0x2c, 0x20, 0x68, 0x61, 0x6e, 0x64, 
        0x69, 0x6e, 0x67, 0x20, 0x62, 0x61, 0x63, 0x6b, 0x20, 0x61, 0x20, 0x62, 
        0x6f, 0x72, 0x72, 0x6f, 0x77, 0x20, 0x74, 0x68, 0x61, 0x74, 0x20, 0x6f, 
        0x6e, 0x6c, 0x79, 0x20, 0x72, 0x65, 0x61, 0x64, 0x73, 0x2e, 0x0a, 0x20, 
        0x2a, 0x0a, 0x20, 0x2a, 0x20, 0x4d, 0x69, 0x72, 0x72, 0x6f, 0x72, 0x73, 
        0x20, 0x60, 0x61, 0x72, 0x72, 0x61, 0x79, 0x3c, 0x54, 0x3e, 0x60, 0x27, 
        0x73, 0x20, 0x63, 0x6f, 0x6e, 0x73, 0x74, 0x20, 0x65, 0x6c, 0x65, 0x6d, 
        0x65, 0x6e, 0x74, 0x20, 0x6f, 0x70, 0x65, 0x72, 0x61, 0x74, 0x6f, 0x72, 
        0x20, 0x72, 0x61, 0x74, 0x68, 0x65, 0x72, 0x20, 0x74, 0x68, 0x61, 0x6e, 
        0x20, 0x72, 0x65, 0x61, 0x73, 0x6f, 0x6e, 0x69, 0x6e, 0x67, 0x20, 0x73, 
        0x65, 0x70, 0x61, 0x72, 0x61, 0x74, 0x65, 0x6c, 0x79, 0x20, 0x61, 0x62, 
        0x6f, 0x75, 0x74, 0x20, 0x77, 0x68, 0x61, 0x74, 0x20, 0x60, 0x63, 0x6f, 
        0x6e, 0x73, 0x74, 0x60, 0x0a, 0x20, 0x2a, 0x20, 0x6d, 0x65, 0x61, 0x6e, 
        0x73, 0x20, 0x66, 0x6f, 0x72, 0x20, 0x61, 0x20, 0x74, 0x79, 0x70, 0x65, 
        0x20, 0x74, 0x68, 0x61, 0x74, 0x20, 0x62, 0x6f, 0x72, 0x72, 0x6f, 0x77, 
        0x73, 0x20, 0x69, 0x74, 0x73, 0x20, 0x73, 0x74, 0x6f, 0x72, 0x61, 0x67, 
        0x65, 0x3a, 0x20, 0x74, 0x68, 0x65, 0x20, 0x74, 0x77, 0x6f, 0x20, 0x61, 
        0x72, 0x65, 0x20, 0x75, 0x73, 0x65, 0x64, 0x20, 0x69, 0x6e, 0x74, 0x65, 
        0x72, 0x63, 0x68, 0x61, 0x6e, 0x67, 0x65, 0x61, 0x62, 0x6c, 0x79, 0x20, 
        0x61, 0x74, 0x20, 0x63, 0x61, 0x6c, 0x6c, 0x20, 0x73, 0x69, 0x74, 0x65, 
        0x73, 0x2c, 0x20, 0x73, 0x6f, 0x20, 0x61, 0x0a, 0x20, 0x2a, 0x20, 0x60, 
        0x63, 0x6f, 0x6e, 0x73, 0x74, 0x60, 0x20, 0x6f, 0x6e, 0x65, 0x20, 0x6f, 
        0x66, 0x20, 0x65, 0x69, 0x74, 0x68, 0x65, 0x72, 0x20, 0x79, 0x69, 0x65, 
        0x6c, 0x64, 0x73, 0x20, 0x60, 0x63, 0x6f, 0x6e, 0x73, 0x74, 0x20, 0x54, 
        0x26, 0x60, 0x2e, 0x0a, 0x20, 0x2a, 0x2f, 0x0a, 0x6f, 0x70, 0x65, 0x72, 
        0x61, 0x74, 0x6f, 0x72, 0x3c, 0x54, 0x3e, 0x20, 0x28, 0x63, 0x6f, 0x6e, 
        0x73, 0x74, 0x20, 0x73, 0x6c, 0x69, 0x63, 0x65, 0x3c, 0x54, 0x3e, 0x26, 
        0x20, 0x24, 0x73, 0x29, 0x5b, 0x75, 0x73, 0x69, 0x7a, 0x65, 0x20, 0x24, 
        0x69, 0x6e, 0x64, 0x65, 0x78, 0x5d, 0x20, 0x3a, 0x20, 0x63, 0x6f, 0x6e, 
        0x73, 0x74, 0x20, 0x54, 0x26, 0x0a, 0x7b, 0x0a, 0x20, 0x20, 0x20, 0x20, 
        0x61, 0x73, 0x73, 0x65, 0x72, 0x74, 0x28, 0x24, 0x69, 0x6e, 0x64, 0x65, 
        0x78, 0x20, 0x3c, 0x20, 0x24, 0x73, 0x2d, 0x3e, 0x6c, 0x65, 0x6e, 0x2c, 
        0x20, 0x22, 0x73, 0x6c, 0x69, 0x63, 0x65, 0x20, 0x69, 0x6e, 0x64, 0x65, 
        0x78, 0x20, 0x6f, 0x75, 0x74, 0x20, 0x6f, 0x66, 0x20, 0x72, 0x61, 0x6e, 
        0x67, 0x65, 0x22, 0x29, 0x3b, 0x0a, 0x0a, 0x20, 0x20, 0x20, 0x20, 0x72, 
        0x65, 0x74, 0x75, 0x72, 0x6e, 0x20, 0x26, 0x24, 0x73, 0x2d, 0x3e, 0x64, 
        0x61, 0x74, 0x61, 0x3a, 0x24, 0x5b, 0x24, 0x69, 0x6e, 0x64, 0x65, 0x78, 
        0x5d, 0x3b, 0x0a, 0x7d, 0x0a, 0x0a, 0x2f, 0x2a, 0x2a, 0x0a, 0x20, 0x2a, 
        0x20, 0x54, 0x68, 0x65, 0x20, 0x63, 0x75, 0x72, 0x73, 0x6f, 0x72, 0x20, 
        0x60, 0x61, 0x72, 0x72, 0x61, 0x79, 0x3c, 0x54, 0x3e, 0x60, 0x20, 0x61, 
        0x6e, 0x64, 0x20, 0x60, 0x73, 0x6c, 0x69, 0x63, 0x65, 0x3c, 0x54, 0x3e, 
        0x60, 0x20, 0x62, 0x6f, 0x74, 0x68, 0x20, 0x69, 0x74, 0x65, 0x72, 0x61, 
        0x74, 0x65, 0x20, 0x74, 0x68, 0x72, 0x6f, 0x75, 0x67, 0x68, 0x2e, 0x0a, 
        0x20, 0x2a, 0x0a, 0x20, 0x2a, 0x20, 0x4f, 0x77, 0x6e, 0x69, 0x6e, 0x67, 
        0x20, 0x6e, 0x6f, 0x74, 0x68, 0x69, 0x6e, 0x67, 0x2c, 0x20, 0x73, 0x6f, 
        0x20, 0x2d, 0x20, 0x6c, 0x69, 0x6b, 0x65, 0x20, 0x60, 0x73, 0x6c, 0x69, 
        0x63, 0x65, 0x3c, 0x54, 0x3e, 0x60, 0x20, 0x69, 0x74, 0x73, 0x65, 0x6c, 
        0x66, 0x20, 0x2d, 0x20, 0x69, 0x74, 0x20, 0x64, 0x65, 0x63, 0x6c, 0x61, 
        0x72, 0x65, 0x73, 0x20, 0x6e, 0x6f, 0x20, 0x64, 0x65, 0x73, 0x74, 0x72, 
        0x75, 0x63, 0x74, 0x6f, 0x72, 0x20, 0x61, 0x6e, 0x64, 0x20, 0x6e, 0x6f, 
        0x20, 0x63, 0x6f, 0x70, 0x79, 0x20, 0x63, 0x6f, 0x6e, 0x73, 0x74, 0x72, 
        0x75, 0x63, 0x74, 0x6f, 0x72, 0x3a, 0x20, 0x61, 0x0a, 0x20, 0x2a, 0x20, 
        0x73, 0x68, 0x61, 0x6c, 0x6c, 0x6f, 0x77, 0x20, 0x63, 0x6f, 0x70, 0x79, 
        0x20, 0x69, 0x73, 0x20, 0x74, 0x68, 0x65, 0x20, 0x63, 0x6f, 0x72, 0x72, 
        0x65, 0x63, 0x74, 0x20, 0x63, 0x6f, 0x70, 0x79, 0x2e, 0x0a, 0x20, 0x2a, 
        0x0a, 0x20, 0x2a, 0x20, 0x49, 0x74, 0x20, 0x6c, 0x69, 0x76, 0x65, 0x73, 
        0x20, 0x68, 0x65, 0x72, 0x65, 0x20, 0x72, 0x61, 0x74, 0x68, 0x65, 0x72, 
        0x20, 0x74, 0x68, 0x61, 0x6e, 0x20, 0x62, 0x65, 0x73, 0x69, 0x64, 0x65, 
        0x20, 0x74, 0x68, 0x65, 0x20, 0x63, 0x6f, 0x6e, 0x74, 0x72, 0x61, 0x63, 
        0x74, 0x73, 0x20, 0x69, 0x74, 0x20, 0x63, 0x6f, 0x6e, 0x66, 0x6f, 0x72, 
        0x6d, 0x73, 0x20, 0x74, 0x6f, 0x20, 0x62, 0x65, 0x63, 0x61, 0x75, 0x73, 
        0x65, 0x20, 0x69, 0x74, 0x20, 0x69, 0x73, 0x20, 0x61, 0x20, 0x63, 0x6f, 
        0x6e, 0x63, 0x72, 0x65, 0x74, 0x65, 0x20, 0x74, 0x79, 0x70, 0x65, 0x20, 
        0x61, 0x74, 0x20, 0x74, 0x68, 0x65, 0x0a, 0x20, 0x2a, 0x20, 0x72, 0x6f, 
        0x6f, 0x74, 0x2c, 0x20, 0x61, 0x6e, 0x64, 0x20, 0x60, 0x63, 0x6f, 0x6e, 
        0x74, 0x72, 0x61, 0x63, 0x74, 0x60, 0x20, 0x68, 0x6f, 0x6c, 0x64, 0x73, 
        0x20, 0x69, 0x6e, 0x74, 0x65, 0x72, 0x66, 0x61, 0x63, 0x65, 0x73, 0x20, 
        0x6f, 0x6e, 0x6c, 0x79, 0x2e, 0x20, 0x41, 0x20, 0x63, 0x75, 0x72, 0x73, 
        0x6f, 0x72, 0x20, 0x6f, 0x76, 0x65, 0x72, 0x20, 0x61, 0x20, 0x77, 0x69, 
        0x6e, 0x64, 0x6f, 0x77, 0x20, 0x62, 0x65, 0x6c, 0x6f, 0x6e, 0x67, 0x73, 
        0x20, 0x77, 0x69, 0x74, 0x68, 0x20, 0x74, 0x68, 0x65, 0x20, 0x77, 0x69, 
        0x6e, 0x64, 0x6f, 0x77, 0x2e, 0x0a, 0x20, 0x2a, 0x0a, 0x20, 0x2a, 0x20, 
        0x2a, 0x2a, 0x49, 0x74, 0x20, 0x68, 0x6f, 0x6c, 0x64, 0x73, 0x20, 0x74, 
        0x68, 0x65, 0x20, 0x77, 0x69, 0x6e, 0x64, 0x6f, 0x77, 0x20, 0x62, 0x79, 
        0x20, 0x76, 0x61, 0x6c, 0x75, 0x65, 0x2c, 0x20, 0x61, 0x6e, 0x64, 0x20, 
        0x74, 0x68, 0x61, 0x74, 0x20, 0x69, 0x73, 0x20, 0x6c, 0x6f, 0x61, 0x64, 
        0x2d, 0x62, 0x65, 0x61, 0x72, 0x69, 0x6e, 0x67, 0x20, 0x72, 0x61, 0x74, 
        0x68, 0x65, 0x72, 0x20, 0x74, 0x68, 0x61, 0x6e, 0x20, 0x69, 0x6e, 0x63, 
        0x69, 0x64, 0x65, 0x6e, 0x74, 0x61, 0x6c, 0x2e, 0x2a, 0x2a, 0x20, 0x54, 
        0x68, 0x65, 0x20, 0x6c, 0x65, 0x6e, 0x67, 0x74, 0x68, 0x20, 0x69, 0x73, 
        0x0a, 0x20, 0x2a, 0x20, 0x74, 0x68, 0x65, 0x6e, 0x20, 0x61, 0x6e, 0x20, 
        0x6f, 0x72, 0x64, 0x69, 0x6e, 0x61, 0x72, 0x79, 0x20, 0x6c, 0x6f, 0x63, 
        0x61, 0x6c, 0x20, 0x74, 0x68, 0x65, 0x20, 0x6f, 0x70, 0x74, 0x69, 0x6d, 
        0x69, 0x73, 0x65, 0x72, 0x20, 0x63, 0x61, 0x6e, 0x20, 0x70, 0x72, 0x6f, 
        0x76, 0x65, 0x20, 0x6c, 0x6f, 0x6f, 0x70, 0x2d, 0x69, 0x6e, 0x76, 0x61, 
        0x72, 0x69, 0x61, 0x6e, 0x74, 0x2c, 0x20, 0x77, 0x68, 0x69, 0x63, 0x68, 
        0x20, 0x67, 0x69, 0x76, 0x65, 0x73, 0x20, 0x74, 0x68, 0x65, 0x20, 0x6c, 
        0x6f, 0x6f, 0x70, 0x20, 0x61, 0x20, 0x63, 0x6f, 0x6d, 0x70, 0x75, 0x74, 
        0x61, 0x62, 0x6c, 0x65, 0x0a, 0x20, 0x2a, 0x20, 0x74, 0x72, 0x69, 0x70, 
        0x20, 0x63, 0x6f, 0x75, 0x6e, 0x74, 0x20, 0x61, 0x6e, 0x64, 0x20, 0x77, 
        0x69, 0x74, 0x68, 0x20, 0x69, 0x74, 0x20, 0x75, 0x6e, 0x72, 0x6f, 0x6c, 
        0x6c, 0x69, 0x6e, 0x67, 0x20, 0x61, 0x6e, 0x64, 0x20, 0x76, 0x65, 0x63, 
        0x74, 0x6f, 0x72, 0x69, 0x73, 0x61, 0x74, 0x69, 0x6f, 0x6e, 0x2e, 0x20, 
        0x41, 0x20, 0x63, 0x75, 0x72, 0x73, 0x6f, 0x72, 0x20, 0x68, 0x6f, 0x6c, 
        0x64, 0x69, 0x6e, 0x67, 0x20, 0x61, 0x6e, 0x20, 0x60, 0x61, 0x72, 0x72, 
        0x61, 0x79, 0x3c, 0x54, 0x3e, 0x26, 0x60, 0x20, 0x61, 0x6e, 0x64, 0x20, 
        0x61, 0x73, 0x6b, 0x69, 0x6e, 0x67, 0x20, 0x69, 0x74, 0x0a, 0x20, 0x2a, 
        0x20, 0x60, 0x2d, 0x3e, 0x63, 0x6f, 0x75, 0x6e, 0x74, 0x28, 0x29, 0x60, 
        0x20, 0x65, 0x61, 0x63, 0x68, 0x20, 0x74, 0x75, 0x72, 0x6e, 0x20, 0x77, 
        0x6f, 0x75, 0x6c, 0x64, 0x20, 0x66, 0x6f, 0x72, 0x63, 0x65, 0x20, 0x61, 
        0x20, 0x72, 0x65, 0x6c, 0x6f, 0x61, 0x64, 0x20, 0x74, 0x68, 0x72, 0x6f, 
        0x75, 0x67, 0x68, 0x20, 0x61, 0x20, 0x70, 0x6f, 0x69, 0x6e, 0x74, 0x65, 
        0x72, 0x20, 0x6e, 0x6f, 0x74, 0x68, 0x69, 0x6e, 0x67, 0x20, 0x63, 0x61, 
        0x6e, 0x20, 0x70, 0x72, 0x6f, 0x76, 0x65, 0x20, 0x75, 0x6e, 0x61, 0x6c, 
        0x69, 0x61, 0x73, 0x65, 0x64, 0x2c, 0x20, 0x61, 0x6e, 0x64, 0x20, 0x74, 
        0x68, 0x65, 0x0a, 0x20, 0x2a, 0x20, 0x6c, 0x6f, 0x6f, 0x70, 0x20, 0x77, 
        0x6f, 0x75, 0x6c, 0x64, 0x20, 0x62, 0x65, 0x20, 0x6d, 0x65, 0x61, 0x73, 
        0x75, 0x72, 0x61, 0x62, 0x6c, 0x79, 0x20, 0x77, 0x6f, 0x72, 0x73, 0x65, 
        0x20, 0x66, 0x6f, 0x72, 0x20, 0x6e, 0x6f, 0x20, 0x67, 0x61, 0x69, 0x6e, 
        0x2e, 0x20, 0x53, 0x65, 0x65, 0x20, 0x62, 0x6f, 0x6f, 0x6b, 0x2f, 0x63, 
        0x6f, 0x6e, 0x63, 0x65, 0x70, 0x74, 0x2f, 0x69, 0x74, 0x65, 0x72, 0x61, 
        0x74, 0x69, 0x6f, 0x6e, 0x2e, 0x6d, 0x64, 0x2c, 0x20, 0x22, 0x57, 0x68, 
        0x61, 0x74, 0x20, 0x69, 0x74, 0x20, 0x63, 0x6f, 0x73, 0x74, 0x73, 0x22, 
        0x2e, 0x0a, 0x20, 0x2a, 0x0a, 0x20, 0x2a, 0x20, 0x54, 0x68, 0x65, 0x20, 
        0x75, 0x73, 0x75, 0x61, 0x6c, 0x20, 0x62, 0x6f, 0x72, 0x72, 0x6f, 0x77, 
        0x20, 0x72, 0x75, 0x6c, 0x65, 0x20, 0x61, 0x70, 0x70, 0x6c, 0x69, 0x65, 
        0x73, 0x2c, 0x20, 0x75, 0x6e, 0x63, 0x68, 0x61, 0x6e, 0x67, 0x65, 0x64, 
        0x3a, 0x20, 0x67, 0x72, 0x6f, 0x77, 0x69, 0x6e, 0x67, 0x20, 0x74, 0x68, 
        0x65, 0x20, 0x61, 0x72, 0x72, 0x61, 0x79, 0x20, 0x65, 0x6e, 0x64, 0x73, 
        0x20, 0x74, 0x68, 0x69, 0x73, 0x20, 0x77, 0x69, 0x6e, 0x64, 0x6f, 0x77, 
        0x2c, 0x20, 0x65, 0x78, 0x61, 0x63, 0x74, 0x6c, 0x79, 0x20, 0x61, 0x73, 
        0x20, 0x69, 0x74, 0x20, 0x65, 0x6e, 0x64, 0x73, 0x0a, 0x20, 0x2a, 0x20, 
        0x65, 0x76, 0x65, 0x72, 0x79, 0x20, 0x6f, 0x74, 0x68, 0x65, 0x72, 0x20, 
        0x62, 0x6f, 0x72, 0x72, 0x6f, 0x77, 0x20, 0x69, 0x6e, 0x74, 0x6f, 0x20, 
        0x69, 0x74, 0x2e, 0x0a, 0x20, 0x2a, 0x2f, 0x0a, 0x73, 0x74, 0x72, 0x75, 
        0x63, 0x74, 0x20, 0x73, 0x6c, 0x69, 0x63, 0x65, 0x5f, 0x69, 0x74, 0x65, 
        0x72, 0x61, 0x74, 0x6f, 0x72, 0x3c, 0x54, 0x3e, 0x20, 0x3a, 0x20, 0x63, 
        0x6f, 0x6e, 0x74, 0x72, 0x61, 0x63, 0x74, 0x3a, 0x3a, 0x69, 0x74, 0x65, 
        0x72, 0x61, 0x74, 0x6f, 0x72, 0x3c, 0x54, 0x3e, 0x2c, 0x20, 0x63, 0x6f, 
        0x6e, 0x74, 0x72, 0x61, 0x63, 0x74, 0x3a, 0x3a, 0x6b, 0x65, 0x79, 0x65, 
        0x64, 0x3c, 0x75, 0x73, 0x69, 0x7a, 0x65, 0x3e, 0x0a, 0x7b, 0x0a, 0x20, 
        0x20, 0x20, 0x20, 0x73, 0x6c, 0x69, 0x63, 0x65, 0x3c, 0x54, 0x3e, 0x20, 
        0x24, 0x77, 0x69, 0x6e, 0x64, 0x6f, 0x77, 0x3b, 0x0a, 0x0a, 0x20, 0x20, 
        0x20, 0x20, 0x2f, 0x2f, 0x20, 0x74, 0x68, 0x65, 0x20, 0x69, 0x6e, 0x64, 
        0x65, 0x78, 0x20, 0x6f, 0x6e, 0x65, 0x20, 0x2a, 0x70, 0x61, 0x73, 0x74, 
        0x2a, 0x20, 0x74, 0x68, 0x65, 0x20, 0x65, 0x6c, 0x65, 0x6d, 0x65, 0x6e, 
        0x74, 0x20, 0x60, 0x63, 0x75, 0x72, 0x72, 0x65, 0x6e, 0x74, 0x28, 0x29, 
        0x60, 0x20, 0x6e, 0x61, 0x6d, 0x65, 0x73, 0x2c, 0x20, 0x73, 0x6f, 0x20, 
        0x74, 0x68, 0x65, 0x20, 0x63, 0x75, 0x72, 0x73, 0x6f, 0x72, 0x20, 0x73, 
        0x74, 0x61, 0x72, 0x74, 0x73, 0x20, 0x62, 0x65, 0x66, 0x6f, 0x72, 0x65, 
        0x20, 0x74, 0x68, 0x65, 0x20, 0x66, 0x69, 0x72, 0x73, 0x74, 0x20, 0x6f, 
        0x6e, 0x65, 0x0a, 0x20, 0x20, 0x20, 0x20, 0x2f, 0x2f, 0x20, 0x77, 0x69, 
        0x74, 0x68, 0x6f, 0x75, 0x74, 0x20, 0x6e, 0x65, 0x65, 0x64, 0x69, 0x6e, 
        0x67, 0x20, 0x61, 0x20, 0x73, 0x69, 0x67, 0x6e, 0x65, 0x64, 0x20, 0x74, 
        0x79, 0x70, 0x65, 0x20, 0x6f, 0x72, 0x20, 0x61, 0x20, 0x22, 0x68, 0x61, 
        0x76, 0x65, 0x20, 0x77, 0x65, 0x20, 0x73, 0x74, 0x61, 0x72, 0x74, 0x65, 
        0x64, 0x22, 0x20, 0x66, 0x6c, 0x61, 0x67, 0x0a, 0x20, 0x20, 0x20, 0x20, 
        0x75, 0x73, 0x69, 0x7a, 0x65, 0x20, 0x24, 0x70, 0x6f, 0x73, 0x3b, 0x0a, 
        0x0a, 0x20, 0x20, 0x20, 0x20, 0x63, 0x6f, 0x6e, 0x73, 0x74, 0x72, 0x75, 
        0x63, 0x74, 0x6f, 0x72, 0x28, 0x73, 0x6c, 0x69, 0x63, 0x65, 0x3c, 0x54, 
        0x3e, 0x20, 0x24, 0x77, 0x69, 0x6e, 0x64, 0x6f, 0x77, 0x29, 0x0a, 0x20, 
        0x20, 0x20, 0x20, 0x7b, 0x0a, 0x20, 0x20, 0x20, 0x20, 0x20, 0x20, 0x20, 
        0x20, 0x24, 0x74, 0x68, 0x69, 0x73, 0x2d, 0x3e, 0x77, 0x69, 0x6e, 0x64, 
        0x6f, 0x77, 0x20, 0x3d, 0x20, 0x24, 0x77, 0x69, 0x6e, 0x64, 0x6f, 0x77, 
        0x3b, 0x0a, 0x20, 0x20, 0x20, 0x20, 0x20, 0x20, 0x20, 0x20, 0x24, 0x74, 
        0x68, 0x69, 0x73, 0x2d, 0x3e, 0x70, 0x6f, 0x73, 0x20, 0x3d, 0x20, 0x30, 
        0x3b, 0x0a, 0x20, 0x20, 0x20, 0x20, 0x7d, 0x0a, 0x0a, 0x20, 0x20, 0x20, 
        0x20, 0x66, 0x75, 0x6e, 0x63, 0x74, 0x69, 0x6f, 0x6e, 0x20, 0x61, 0x64, 
        0x76, 0x61, 0x6e, 0x63, 0x65, 0x28, 0x29, 0x20, 0x3a, 0x20, 0x62, 0x6f, 
        0x6f, 0x6c, 0x0a, 0x20, 0x20, 0x20, 0x20, 0x7b, 0x0a, 0x20, 0x20, 0x20, 
        0x20, 0x20, 0x20, 0x20, 0x20, 0x69, 0x66, 0x20, 0x28, 0x24, 0x74, 0x68, 
        0x69, 0x73, 0x2d, 0x3e, 0x70, 0x6f, 0x73, 0x20, 0x3e, 0x3d, 0x20, 0x24, 
        0x74, 0x68, 0x69, 0x73, 0x2d, 0x3e, 0x77, 0x69, 0x6e, 0x64, 0x6f, 0x77, 
        0x2d, 0x3e, 0x63, 0x6f, 0x75, 0x6e, 0x74, 0x28, 0x29, 0x29, 0x20, 0x7b, 
        0x0a, 0x20, 0x20, 0x20, 0x20, 0x20, 0x20, 0x20, 0x20, 0x20, 0x20, 0x20, 
        0x20, 0x72, 0x65, 0x74, 0x75, 0x72, 0x6e, 0x20, 0x66, 0x61, 0x6c, 0x73, 
        0x65, 0x3b, 0x0a, 0x20, 0x20, 0x20, 0x20, 0x20, 0x20, 0x20, 0x20, 0x7d, 
        0x0a, 0x0a, 0x20, 0x20, 0x20, 0x20, 0x20, 0x20, 0x20, 0x20, 0x24, 0x74, 
        0x68, 0x69, 0x73, 0x2d, 0x3e, 0x70, 0x6f, 0x73, 0x20, 0x3d, 0x20, 0x24, 
        0x74, 0x68, 0x69, 0x73, 0x2d, 0x3e, 0x70, 0x6f, 0x73, 0x20, 0x2b, 0x20, 
        0x31, 0x3b, 0x0a, 0x20, 0x20, 0x20, 0x20, 0x20, 0x20, 0x20, 0x20, 0x72, 
        0x65, 0x74, 0x75, 0x72, 0x6e, 0x20, 0x74, 0x72, 0x75, 0x65, 0x3b, 0x0a, 
        0x20, 0x20, 0x20, 0x20, 0x7d, 0x0a, 0x0a, 0x20, 0x20, 0x20, 0x20, 0x2f, 
        0x2a, 0x2a, 0x0a, 0x20, 0x20, 0x20, 0x20, 0x20, 0x2a, 0x20, 0x49, 0x6e, 
        0x64, 0x65, 0x78, 0x65, 0x64, 0x20, 0x2a, 0x2a, 0x75, 0x6e, 0x63, 0x68, 
        0x65, 0x63, 0x6b, 0x65, 0x64, 0x2a, 0x2a, 0x2c, 0x20, 0x6f, 0x6e, 0x20, 
        0x70, 0x75, 0x72, 0x70, 0x6f, 0x73, 0x65, 0x3a, 0x20, 0x60, 0x61, 0x64, 
        0x76, 0x61, 0x6e, 0x63, 0x65, 0x28, 0x29, 0x60, 0x20, 0x61, 0x6c, 0x72, 
        0x65, 0x61, 0x64, 0x79, 0x20, 0x65, 0x73, 0x74, 0x61, 0x62, 0x6c, 0x69, 
        0x73, 0x68, 0x65, 0x64, 0x20, 0x74, 0x68, 0x61, 0x74, 0x20, 0x74, 0x68, 
        0x69, 0x73, 0x20, 0x65, 0x6c, 0x65, 0x6d, 0x65, 0x6e, 0x74, 0x20, 0x69, 
        0x73, 0x20, 0x74, 0x68, 0x65, 0x72, 0x65, 0x2c, 0x0a, 0x20, 0x20, 0x20, 
        0x20, 0x20, 0x2a, 0x20, 0x61, 0x6e, 0x64, 0x20, 0x74, 0x68, 0x61, 0x74, 
        0x20, 0x69, 0x73, 0x20, 0x74, 0x68, 0x65, 0x20, 0x65, 0x6e, 0x74, 0x69, 
        0x72, 0x65, 0x20, 0x63, 0x6f, 0x6e, 0x74, 0x65, 0x6e, 0x74, 0x20, 0x6f, 
        0x66, 0x20, 0x22, 0x76, 0x61, 0x6c, 0x69, 0x64, 0x20, 0x61, 0x66, 0x74, 
        0x65, 0x72, 0x20, 0x61, 0x20, 0x74, 0x72, 0x75, 0x65, 0x20, 0x61, 0x64, 
        0x76, 0x61, 0x6e, 0x63, 0x65, 0x22, 0x2e, 0x20, 0x52, 0x6f, 0x75, 0x74, 
        0x69, 0x6e, 0x67, 0x20, 0x74, 0x68, 0x69, 0x73, 0x20, 0x74, 0x68, 0x72, 
        0x6f, 0x75, 0x67, 0x68, 0x20, 0x60, 0x2d, 0x3e, 0x61, 0x74, 0x28, 0x29, 
        0x60, 0x0a, 0x20, 0x20, 0x20, 0x20, 0x20, 0x2a, 0x20, 0x77, 0x6f, 0x75, 
        0x6c, 0x64, 0x20, 0x72, 0x65, 0x2d, 0x74, 0x65, 0x73, 0x74, 0x20, 0x74, 
        0x68, 0x65, 0x20, 0x62, 0x6f, 0x75, 0x6e, 0x64, 0x20, 0x65, 0x76, 0x65, 
        0x72, 0x79, 0x20, 0x73, 0x74, 0x65, 0x70, 0x20, 0x69, 0x6e, 0x20, 0x61, 
        0x20, 0x64, 0x65, 0x62, 0x75, 0x67, 0x20, 0x62, 0x75, 0x69, 0x6c, 0x64, 
        0x2c, 0x20, 0x63, 0x68, 0x65, 0x63, 0x6b, 0x69, 0x6e, 0x67, 0x20, 0x73, 
        0x6f, 0x6d, 0x65, 0x74, 0x68, 0x69, 0x6e, 0x67, 0x20, 0x74, 0x68, 0x65, 
        0x20, 0x70, 0x72, 0x6f, 0x74, 0x6f, 0x63, 0x6f, 0x6c, 0x20, 0x67, 0x75, 
        0x61, 0x72, 0x61, 0x6e, 0x74, 0x65, 0x65, 0x73, 0x2e, 0x0a, 0x20, 0x20, 
        0x20, 0x20, 0x20, 0x2a, 0x2f, 0x0a, 0x20, 0x20, 0x20, 0x20, 0x66, 0x75, 
        0x6e, 0x63, 0x74, 0x69, 0x6f, 0x6e, 0x20, 0x63, 0x75, 0x72, 0x72, 0x65, 
        0x6e, 0x74, 0x28, 0x29, 0x20, 0x3a, 0x20, 0x54, 0x26, 0x0a, 0x20, 0x20, 
        0x20, 0x20, 0x7b, 0x0a, 0x20, 0x20, 0x20, 0x20, 0x20, 0x20, 0x20, 0x20, 
        0x72, 0x65, 0x74, 0x75, 0x72, 0x6e, 0x20, 0x26, 0x24, 0x74, 0x68, 0x69, 
        0x73, 0x2d, 0x3e, 0x77, 0x69, 0x6e, 0x64, 0x6f, 0x77, 0x2d, 0x3e, 0x64, 
        0x61, 0x74, 0x61, 0x3a, 0x24, 0x5b, 0x24, 0x74, 0x68, 0x69, 0x73, 0x2d, 
        0x3e, 0x70, 0x6f, 0x73, 0x20, 0x2d, 0x20, 0x31, 0x5d, 0x3b, 0x0a, 0x20, 
        0x20, 0x20, 0x20, 0x7d, 0x0a, 0x0a, 0x20, 0x20, 0x20, 0x20, 0x66, 0x75, 
        0x6e, 0x63, 0x74, 0x69, 0x6f, 0x6e, 0x20, 0x6b, 0x65, 0x79, 0x28, 0x29, 
        0x20, 0x3a, 0x20, 0x75, 0x73, 0x69, 0x7a, 0x65, 0x0a, 0x20, 0x20, 0x20, 
        0x20, 0x7b, 0x0a, 0x20, 0x20, 0x20, 0x20, 0x20, 0x20, 0x20, 0x20, 0x72, 
        0x65, 0x74, 0x75, 0x72, 0x6e, 0x20, 0x24, 0x74, 0x68, 0x69, 0x73, 0x2d, 
        0x3e, 0x70, 0x6f, 0x73, 0x20, 0x2d, 0x20, 0x31, 0x3b, 0x0a, 0x20, 0x20, 
        0x20, 0x20, 0x7d, 0x0a, 0x7d, 0x0a, 
    };
    file_7.set_content(reinterpret_cast<const char*>(file_7_data), sizeof(file_7_data));
    auto &file_8 = module.add_file("stdlib:/core/str.eco");
    static const unsigned char file_8_data[] = {
        0x2f, 0x2a, 0x2a, 0x0a, 0x20, 0x2a, 0x20, 0x53, 0x74, 0x72, 0x69, 0x6e, 
        0x67, 0x20, 0x75, 0x74, 0x69, 0x6c, 0x69, 0x74, 0x69, 0x65, 0x73, 0x2e, 
        0x0a, 0x20, 0x2a, 0x0a, 0x20, 0x2a, 0x20, 0x60, 0x73, 0x74, 0x72, 0x69, 
        0x6e, 0x67, 0x60, 0x20, 0x61, 0x6e, 0x64, 0x20, 0x60, 0x73, 0x74, 0x72, 
        0x69, 0x6e, 0x67, 0x3a, 0x3a, 0x76, 0x69, 0x65, 0x77, 0x60, 0x20, 0x74, 
        0x68, 0x65, 0x6d, 0x73, 0x65, 0x6c, 0x76, 0x65, 0x73, 0x20, 0x61, 0x72, 
        0x65, 0x20, 0x61, 0x74, 0x20, 0x74, 0x68, 0x65, 0x20, 0x72, 0x6f, 0x6f, 
        0x74, 0x20, 0x2d, 0x20, 0x74, 0x65, 0x78, 0x74, 0x20, 0x69, 0x73, 0x20, 
        0x76, 0x6f, 0x63, 0x61, 0x62, 0x75, 0x6c, 0x61, 0x72, 0x79, 0x20, 0x79, 
        0x6f, 0x75, 0x20, 0x77, 0x72, 0x69, 0x74, 0x65, 0x20, 0x65, 0x76, 0x65, 
        0x72, 0x79, 0x20, 0x6c, 0x69, 0x6e, 0x65, 0x2e, 0x0a, 0x20, 0x2a, 0x20, 
        0x57, 0x68, 0x61, 0x74, 0x20, 0x6c, 0x69, 0x76, 0x65, 0x73, 0x20, 0x68, 
        0x65, 0x72, 0x65, 0x20, 0x69, 0x73, 0x20, 0x74, 0x68, 0x65, 0x20, 0x6d, 
        0x61, 0x63, 0x68, 0x69, 0x6e, 0x65, 0x72, 0x79, 0x20, 0x62, 0x65, 0x68, 
        0x69, 0x6e, 0x64, 0x20, 0x74, 0x68, 0x65, 0x6d, 0x20, 0x61, 0x6e, 0x64, 
        0x20, 0x74, 0x68, 0x65, 0x20, 0x74, 0x6f, 0x6f, 0x6c, 0x73, 0x20, 0x62, 
        0x75, 0x69, 0x6c, 0x74, 0x20, 0x6f, 0x6e, 0x20, 0x74, 0x68, 0x65, 0x6d, 
        0x2c, 0x20, 0x77, 0x68, 0x69, 0x63, 0x68, 0x20, 0x79, 0x6f, 0x75, 0x20, 
        0x72, 0x65, 0x61, 0x63, 0x68, 0x20, 0x66, 0x6f, 0x72, 0x20, 0x62, 0x79, 
        0x0a, 0x20, 0x2a, 0x20, 0x6e, 0x61, 0x6d, 0x65, 0x20, 0x77, 0x68, 0x65, 
        0x6e, 0x20, 0x79, 0x6f, 0x75, 0x20, 0x6e, 0x65, 0x65, 0x64, 0x20, 0x74, 
        0x68, 0x65, 0x6d, 0x2e, 0x0a, 0x20, 0x2a, 0x0a, 0x20, 0x2a, 0x20, 0x2a, 
        0x2a, 0x60, 0x73, 0x74, 0x72, 0x69, 0x6e, 0x67, 0x60, 0x20, 0x63, 0x61, 
        0x6e, 0x6e, 0x6f, 0x74, 0x20, 0x6d, 0x6f, 0x76, 0x65, 0x20, 0x69, 0x6e, 
        0x20, 0x68, 0x65, 0x72, 0x65, 0x2a, 0x2a, 0x2c, 0x20, 0x61, 0x6e, 0x64, 
        0x20, 0x74, 0x68, 0x61, 0x74, 0x20, 0x69, 0x73, 0x20, 0x61, 0x20, 0x6c, 
        0x61, 0x6e, 0x67, 0x75, 0x61, 0x67, 0x65, 0x20, 0x6c, 0x69, 0x6d, 0x69, 
        0x74, 0x61, 0x74, 0x69, 0x6f, 0x6e, 0x20, 0x72, 0x61, 0x74, 0x68, 0x65, 
        0x72, 0x20, 0x74, 0x68, 0x61, 0x6e, 0x20, 0x61, 0x20, 0x63, 0x68, 0x6f, 
        0x69, 0x63, 0x65, 0x3a, 0x20, 0x69, 0x74, 0x20, 0x6f, 0x77, 0x6e, 0x73, 
        0x20, 0x74, 0x68, 0x65, 0x0a, 0x20, 0x2a, 0x20, 0x6e, 0x65, 0x73, 0x74, 
        0x65, 0x64, 0x20, 0x74, 0x79, 0x70, 0x65, 0x20, 0x60, 0x73, 0x74, 0x72, 
        0x69, 0x6e, 0x67, 0x3a, 0x3a, 0x76, 0x69, 0x65, 0x77, 0x60, 0x2c, 0x20, 
        0x61, 0x6e, 0x64, 0x20, 0x61, 0x20, 0x6e, 0x65, 0x73, 0x74, 0x65, 0x64, 
        0x20, 0x74, 0x79, 0x70, 0x65, 0x20, 0x75, 0x6e, 0x64, 0x65, 0x72, 0x20, 
        0x61, 0x20, 0x6e, 0x61, 0x6d, 0x65, 0x73, 0x70, 0x61, 0x63, 0x65, 0x2d, 
        0x71, 0x75, 0x61, 0x6c, 0x69, 0x66, 0x69, 0x65, 0x64, 0x20, 0x6f, 0x77, 
        0x6e, 0x65, 0x72, 0x20, 0x69, 0x73, 0x20, 0x6e, 0x6f, 0x74, 0x20, 0x63, 
        0x75, 0x72, 0x72, 0x65, 0x6e, 0x74, 0x6c, 0x79, 0x0a, 0x20, 0x2a, 0x20, 
        0x73, 0x70, 0x65, 0x6c, 0x6c, 0x61, 0x62, 0x6c, 0x65, 0x20, 0x2d, 0x20, 
        0x60, 0x73, 0x74, 0x72, 0x3a, 0x3a, 0x73, 0x74, 0x72, 0x69, 0x6e, 0x67, 
        0x3a, 0x3a, 0x76, 0x69, 0x65, 0x77, 0x60, 0x20, 0x64, 0x6f, 0x65, 0x73, 
        0x20, 0x6e, 0x6f, 0x74, 0x20, 0x70, 0x61, 0x72, 0x73, 0x65, 0x2e, 0x20, 
        0x44, 0x6f, 0x20, 0x6e, 0x6f, 0x74, 0x20, 0x6d, 0x6f, 0x76, 0x65, 0x20, 
        0x69, 0x74, 0x20, 0x77, 0x69, 0x74, 0x68, 0x6f, 0x75, 0x74, 0x20, 0x66, 
        0x69, 0x78, 0x69, 0x6e, 0x67, 0x20, 0x74, 0x68, 0x61, 0x74, 0x20, 0x66, 
        0x69, 0x72, 0x73, 0x74, 0x2e, 0x0a, 0x20, 0x2a, 0x2f, 0x0a, 0x0a, 0x6e, 
        0x61, 0x6d, 0x65, 0x73, 0x70, 0x61, 0x63, 0x65, 0x20, 0x73, 0x74, 0x72, 
        0x3b, 0x0a, 0x0a, 0x2f, 0x2a, 0x2a, 0x0a, 0x20, 0x2a, 0x20, 0x54, 0x68, 
        0x65, 0x20, 0x62, 0x79, 0x74, 0x65, 0x73, 0x20, 0x62, 0x65, 0x68, 0x69, 
        0x6e, 0x64, 0x20, 0x61, 0x20, 0x60, 0x73, 0x74, 0x72, 0x69, 0x6e, 0x67, 
        0x60, 0x2c, 0x20, 0x61, 0x6e, 0x64, 0x20, 0x74, 0x68, 0x65, 0x20, 0x6f, 
        0x6e, 0x6c, 0x79, 0x20, 0x74, 0x68, 0x69, 0x6e, 0x67, 0x20, 0x69, 0x6e, 
        0x20, 0x74, 0x68, 0x65, 0x20, 0x74, 0x65, 0x78, 0x74, 0x20, 0x74, 0x79, 
        0x70, 0x65, 0x73, 0x20, 0x74, 0x68, 0x61, 0x74, 0x20, 0x6f, 0x77, 0x6e, 
        0x73, 0x20, 0x68, 0x65, 0x61, 0x70, 0x20, 0x6d, 0x65, 0x6d, 0x6f, 0x72, 
        0x79, 0x2e, 0x0a, 0x20, 0x2a, 0x0a, 0x20, 0x2a, 0x20, 0x41, 0x20, 0x63, 
        0x6c, 0x61, 0x73, 0x73, 0x20, 0x72, 0x61, 0x74, 0x68, 0x65, 0x72, 0x20, 
        0x74, 0x68, 0x61, 0x6e, 0x20, 0x61, 0x20, 0x73, 0x74, 0x72, 0x75, 0x63, 
        0x74, 0x20, 0x62, 0x65, 0x63, 0x61, 0x75, 0x73, 0x65, 0x20, 0x69, 0x74, 
        0x20, 0x69, 0x73, 0x20, 0x2a, 0x73, 0x68, 0x61, 0x72, 0x65, 0x64, 0x2a, 
        0x3a, 0x20, 0x74, 0x77, 0x6f, 0x20, 0x60, 0x73, 0x74, 0x72, 0x69, 0x6e, 
        0x67, 0x60, 0x73, 0x20, 0x6e, 0x61, 0x6d, 0x69, 0x6e, 0x67, 0x20, 0x6f, 
        0x6e, 0x65, 0x20, 0x62, 0x75, 0x66, 0x66, 0x65, 0x72, 0x20, 0x61, 0x72, 
        0x65, 0x20, 0x74, 0x77, 0x6f, 0x0a, 0x20, 0x2a, 0x20, 0x72, 0x65, 0x66, 
        0x65, 0x72, 0x65, 0x6e, 0x63, 0x65, 0x73, 0x20, 0x74, 0x6f, 0x20, 0x6f, 
        0x6e, 0x65, 0x20, 0x6f, 0x66, 0x20, 0x74, 0x68, 0x65, 0x73, 0x65, 0x2c, 
        0x20, 0x61, 0x6e, 0x64, 0x20, 0x74, 0x68, 0x65, 0x20, 0x63, 0x6f, 0x75, 
        0x6e, 0x74, 0x20, 0x69, 0x6e, 0x20, 0x69, 0x74, 0x73, 0x20, 0x68, 0x65, 
        0x61, 0x70, 0x20, 0x62, 0x6c, 0x6f, 0x63, 0x6b, 0x20, 0x69, 0x73, 0x20, 
        0x77, 0x68, 0x61, 0x74, 0x20, 0x74, 0x68, 0x65, 0x20, 0x63, 0x6f, 0x70, 
        0x79, 0x2d, 0x6f, 0x6e, 0x2d, 0x77, 0x72, 0x69, 0x74, 0x65, 0x20, 0x67, 
        0x61, 0x74, 0x65, 0x0a, 0x20, 0x2a, 0x20, 0x72, 0x65, 0x61, 0x64, 0x73, 
        0x2e, 0x20, 0x49, 0x74, 0x20, 0x69, 0x73, 0x20, 0x61, 0x6c, 0x73, 0x6f, 
        0x20, 0x77, 0x68, 0x61, 0x74, 0x20, 0x66, 0x72, 0x65, 0x65, 0x73, 0x20, 
        0x74, 0x68, 0x65, 0x20, 0x62, 0x79, 0x74, 0x65, 0x73, 0x2c, 0x20, 0x65, 
        0x78, 0x61, 0x63, 0x74, 0x6c, 0x79, 0x20, 0x6f, 0x6e, 0x63, 0x65, 0x2c, 
        0x20, 0x77, 0x68, 0x65, 0x6e, 0x20, 0x74, 0x68, 0x65, 0x20, 0x6c, 0x61, 
        0x73, 0x74, 0x20, 0x6f, 0x66, 0x20, 0x74, 0x68, 0x65, 0x6d, 0x20, 0x69, 
        0x73, 0x20, 0x67, 0x6f, 0x6e, 0x65, 0x2e, 0x0a, 0x20, 0x2a, 0x0a, 0x20, 
        0x2a, 0x20, 0x60, 0x24, 0x63, 0x61, 0x70, 0x61, 0x63, 0x69, 0x74, 0x79, 
        0x60, 0x20, 0x63, 0x6f, 0x75, 0x6e, 0x74, 0x73, 0x20, 0x74, 0x65, 0x78, 
        0x74, 0x20, 0x62, 0x79, 0x74, 0x65, 0x73, 0x20, 0x61, 0x6e, 0x64, 0x20, 
        0x64, 0x65, 0x6c, 0x69, 0x62, 0x65, 0x72, 0x61, 0x74, 0x65, 0x6c, 0x79, 
        0x20, 0x2a, 0x2a, 0x64, 0x6f, 0x65, 0x73, 0x20, 0x6e, 0x6f, 0x74, 0x20, 
        0x63, 0x6f, 0x75, 0x6e, 0x74, 0x20, 0x74, 0x68, 0x65, 0x20, 0x4e, 0x55, 
        0x4c, 0x20, 0x73, 0x6c, 0x6f, 0x74, 0x2a, 0x2a, 0x3a, 0x20, 0x65, 0x76, 
        0x65, 0x72, 0x79, 0x20, 0x61, 0x6c, 0x6c, 0x6f, 0x63, 0x61, 0x74, 0x69, 
        0x6f, 0x6e, 0x0a, 0x20, 0x2a, 0x20, 0x68, 0x65, 0x72, 0x65, 0x20, 0x69, 
        0x73, 0x20, 0x60, 0x24, 0x63, 0x61, 0x70, 0x61, 0x63, 0x69, 0x74, 0x79, 
        0x20, 0x2b, 0x20, 0x31, 0x60, 0x20, 0x61, 0x6e, 0x64, 0x20, 0x65, 0x76, 
        0x65, 0x72, 0x79, 0x20, 0x66, 0x75, 0x6c, 0x6c, 0x6e, 0x65, 0x73, 0x73, 
        0x20, 0x74, 0x65, 0x73, 0x74, 0x20, 0x69, 0x73, 0x20, 0x60, 0x24, 0x75, 
        0x73, 0x65, 0x64, 0x20, 0x3c, 0x3d, 0x20, 0x24, 0x63, 0x61, 0x70, 0x61, 
        0x63, 0x69, 0x74, 0x79, 0x60, 0x2c, 0x20, 0x73, 0x6f, 0x20, 0x74, 0x68, 
        0x65, 0x20, 0x60, 0x2b, 0x20, 0x31, 0x60, 0x20, 0x6c, 0x69, 0x76, 0x65, 
        0x73, 0x20, 0x69, 0x6e, 0x0a, 0x20, 0x2a, 0x20, 0x74, 0x68, 0x72, 0x65, 
        0x65, 0x20, 0x70, 0x6c, 0x61, 0x63, 0x65, 0x73, 0x20, 0x69, 0x6e, 0x73, 
        0x74, 0x65, 0x61, 0x64, 0x20, 0x6f, 0x66, 0x20, 0x61, 0x20, 0x60, 0x2d, 
        0x20, 0x31, 0x60, 0x20, 0x6c, 0x69, 0x76, 0x69, 0x6e, 0x67, 0x20, 0x69, 
        0x6e, 0x20, 0x61, 0x20, 0x64, 0x6f, 0x7a, 0x65, 0x6e, 0x2e, 0x0a, 0x20, 
        0x2a, 0x0a, 0x20, 0x2a, 0x20, 0x54, 0x68, 0x65, 0x20, 0x69, 0x6e, 0x76, 
        0x61, 0x72, 0x69, 0x61, 0x6e, 0x74, 0x20, 0x65, 0x76, 0x65, 0x72, 0x79, 
        0x74, 0x68, 0x69, 0x6e, 0x67, 0x20, 0x64, 0x6f, 0x77, 0x6e, 0x73, 0x74, 
        0x72, 0x65, 0x61, 0x6d, 0x20, 0x6c, 0x65, 0x61, 0x6e, 0x73, 0x20, 0x6f, 
        0x6e, 0x3a, 0x20, 0x2a, 0x2a, 0x60, 0x24, 0x62, 0x79, 0x74, 0x65, 0x73, 
        0x5b, 0x24, 0x75, 0x73, 0x65, 0x64, 0x5d, 0x60, 0x20, 0x69, 0x73, 0x20, 
        0x61, 0x6c, 0x77, 0x61, 0x79, 0x73, 0x20, 0x30, 0x2a, 0x2a, 0x2e, 0x20, 
        0x54, 0x68, 0x61, 0x74, 0x20, 0x69, 0x73, 0x20, 0x77, 0x68, 0x61, 0x74, 
        0x20, 0x6d, 0x61, 0x6b, 0x65, 0x73, 0x0a, 0x20, 0x2a, 0x20, 0x60, 0x2d, 
        0x3e, 0x63, 0x5f, 0x73, 0x74, 0x72, 0x28, 0x29, 0x60, 0x20, 0x73, 0x6f, 
        0x75, 0x6e, 0x64, 0x20, 0x77, 0x69, 0x74, 0x68, 0x20, 0x6e, 0x6f, 0x20, 
        0x63, 0x6f, 0x70, 0x79, 0x2c, 0x20, 0x61, 0x6e, 0x64, 0x20, 0x77, 0x68, 
        0x61, 0x74, 0x20, 0x6c, 0x65, 0x74, 0x73, 0x20, 0x61, 0x20, 0x77, 0x69, 
        0x6e, 0x64, 0x6f, 0x77, 0x20, 0x77, 0x68, 0x69, 0x63, 0x68, 0x20, 0x73, 
        0x74, 0x6f, 0x70, 0x73, 0x20, 0x65, 0x61, 0x72, 0x6c, 0x79, 0x20, 0x62, 
        0x65, 0x20, 0x2a, 0x64, 0x65, 0x74, 0x65, 0x63, 0x74, 0x65, 0x64, 0x2a, 
        0x20, 0x72, 0x61, 0x74, 0x68, 0x65, 0x72, 0x0a, 0x20, 0x2a, 0x20, 0x74, 
        0x68, 0x61, 0x6e, 0x20, 0x73, 0x69, 0x6c, 0x65, 0x6e, 0x74, 0x6c, 0x79, 
        0x20, 0x68, 0x61, 0x6e, 0x64, 0x69, 0x6e, 0x67, 0x20, 0x61, 0x20, 0x63, 
        0x61, 0x6c, 0x6c, 0x65, 0x72, 0x20, 0x62, 0x79, 0x74, 0x65, 0x73, 0x20, 
        0x70, 0x61, 0x73, 0x74, 0x20, 0x69, 0x74, 0x73, 0x20, 0x65, 0x6e, 0x64, 
        0x2e, 0x0a, 0x20, 0x2a, 0x0a, 0x20, 0x2a, 0x20, 0x4e, 0x6f, 0x74, 0x68, 
        0x69, 0x6e, 0x67, 0x20, 0x62, 0x75, 0x74, 0x20, 0x60, 0x73, 0x74, 0x72, 
        0x69, 0x6e, 0x67, 0x60, 0x20, 0x73, 0x68, 0x6f, 0x75, 0x6c, 0x64, 0x20, 
        0x63, 0x6f, 0x6e, 0x73, 0x74, 0x72, 0x75, 0x63, 0x74, 0x20, 0x6f, 0x6e, 
        0x65, 0x2e, 0x20, 0x54, 0x68, 0x65, 0x72, 0x65, 0x20, 0x61, 0x72, 0x65, 
        0x20, 0x6e, 0x6f, 0x20, 0x76, 0x69, 0x73, 0x69, 0x62, 0x69, 0x6c, 0x69, 
        0x74, 0x79, 0x20, 0x6d, 0x6f, 0x64, 0x69, 0x66, 0x69, 0x65, 0x72, 0x73, 
        0x20, 0x79, 0x65, 0x74, 0x2c, 0x20, 0x73, 0x6f, 0x20, 0x74, 0x68, 0x61, 
        0x74, 0x20, 0x69, 0x73, 0x20, 0x61, 0x0a, 0x20, 0x2a, 0x20, 0x63, 0x6f, 
        0x6e, 0x76, 0x65, 0x6e, 0x74, 0x69, 0x6f, 0x6e, 0x20, 0x72, 0x61, 0x74, 
        0x68, 0x65, 0x72, 0x20, 0x74, 0x68, 0x61, 0x6e, 0x20, 0x61, 0x20, 0x72, 
        0x75, 0x6c, 0x65, 0x2e, 0x0a, 0x20, 0x2a, 0x2f, 0x0a, 0x63, 0x6c, 0x61, 
        0x73, 0x73, 0x20, 0x62, 0x75, 0x66, 0x0a, 0x7b, 0x0a, 0x20, 0x20, 0x20, 
        0x20, 0x75, 0x73, 0x69, 0x7a, 0x65, 0x20, 0x24, 0x63, 0x61, 0x70, 0x61, 
        0x63, 0x69, 0x74, 0x79, 0x3b, 0x0a, 0x20, 0x20, 0x20, 0x20, 0x75, 0x73, 
        0x69, 0x7a, 0x65, 0x20, 0x24, 0x75, 0x73, 0x65, 0x64, 0x3b, 0x0a, 0x20, 
        0x20, 0x20, 0x20, 0x70, 0x74, 0x72, 0x3c, 0x75, 0x69, 0x6e, 0x74, 0x38, 
        0x3e, 0x20, 0x24, 0x62, 0x79, 0x74, 0x65, 0x73, 0x3b, 0x0a, 0x0a, 0x20, 
        0x20, 0x20, 0x20, 0x2f, 0x2a, 0x2a, 0x0a, 0x20, 0x20, 0x20, 0x20, 0x20, 
        0x2a, 0x20, 0x47, 0x72, 0x6f, 0x77, 0x73, 0x20, 0x73, 0x6f, 0x20, 0x74, 
        0x68, 0x61, 0x74, 0x20, 0x61, 0x74, 0x20, 0x6c, 0x65, 0x61, 0x73, 0x74, 
        0x20, 0x60, 0x24, 0x63, 0x61, 0x70, 0x61, 0x63, 0x69, 0x74, 0x79, 0x60, 
        0x20, 0x74, 0x65, 0x78, 0x74, 0x20, 0x62, 0x79, 0x74, 0x65, 0x73, 0x20, 
        0x66, 0x69, 0x74, 0x2e, 0x20, 0x44, 0x6f, 0x65, 0x73, 0x20, 0x6e, 0x6f, 
        0x74, 0x68, 0x69, 0x6e, 0x67, 0x20, 0x77, 0x68, 0x65, 0x6e, 0x20, 0x74, 
        0x68, 0x65, 0x79, 0x20, 0x61, 0x6c, 0x72, 0x65, 0x61, 0x64, 0x79, 0x20, 
        0x64, 0x6f, 0x2e, 0x0a, 0x20, 0x20, 0x20, 0x20, 0x20, 0x2a, 0x0a, 0x20, 
        0x20, 0x20, 0x20, 0x20, 0x2a, 0x20, 0x44, 0x6f, 0x75, 0x62, 0x6c, 0x69, 
        0x6e, 0x67, 0x20, 0x72, 0x61, 0x74, 0x68, 0x65, 0x72, 0x20, 0x74, 0x68, 
        0x61, 0x6e, 0x20, 0x66, 0x69, 0x74, 0x74, 0x69, 0x6e, 0x67, 0x20, 0x65, 
        0x78, 0x61, 0x63, 0x74, 0x6c, 0x79, 0x2c, 0x20, 0x73, 0x6f, 0x20, 0x61, 
        0x70, 0x70, 0x65, 0x6e, 0x64, 0x69, 0x6e, 0x67, 0x20, 0x69, 0x6e, 0x20, 
        0x61, 0x20, 0x6c, 0x6f, 0x6f, 0x70, 0x20, 0x69, 0x73, 0x20, 0x61, 0x6d, 
        0x6f, 0x72, 0x74, 0x69, 0x7a, 0x65, 0x64, 0x20, 0x4f, 0x28, 0x31, 0x29, 
        0x20, 0x69, 0x6e, 0x73, 0x74, 0x65, 0x61, 0x64, 0x20, 0x6f, 0x66, 0x0a, 
        0x20, 0x20, 0x20, 0x20, 0x20, 0x2a, 0x20, 0x4f, 0x28, 0x6e, 0xc2, 0xb2, 
        0x29, 0x2e, 0x20, 0x54, 0x68, 0x65, 0x20, 0x60, 0x2b, 0x20, 0x31, 0x60, 
        0x20, 0x69, 0x73, 0x20, 0x74, 0x68, 0x65, 0x20, 0x4e, 0x55, 0x4c, 0x20, 
        0x73, 0x6c, 0x6f, 0x74, 0x20, 0x60, 0x24, 0x63, 0x61, 0x70, 0x61, 0x63, 
        0x69, 0x74, 0x79, 0x60, 0x20, 0x64, 0x6f, 0x65, 0x73, 0x20, 0x6e, 0x6f, 
        0x74, 0x20, 0x63, 0x6f, 0x75, 0x6e, 0x74, 0x2e, 0x0a, 0x20, 0x20, 0x20, 
        0x20, 0x20, 0x2a, 0x0a, 0x20, 0x20, 0x20, 0x20, 0x20, 0x2a, 0x20, 0x2a, 
        0x2a, 0x54, 0x68, 0x69, 0x73, 0x20, 0x6d, 0x61, 0x79, 0x20, 0x6d, 0x6f, 
        0x76, 0x65, 0x20, 0x74, 0x68, 0x65, 0x20, 0x62, 0x6c, 0x6f, 0x63, 0x6b, 
        0x2a, 0x2a, 0x2c, 0x20, 0x73, 0x6f, 0x20, 0x65, 0x76, 0x65, 0x72, 0x79, 
        0x20, 0x77, 0x69, 0x6e, 0x64, 0x6f, 0x77, 0x20, 0x69, 0x6e, 0x74, 0x6f, 
        0x20, 0x69, 0x74, 0x20, 0x69, 0x73, 0x20, 0x73, 0x74, 0x61, 0x6c, 0x65, 
        0x20, 0x61, 0x66, 0x74, 0x65, 0x72, 0x77, 0x61, 0x72, 0x64, 0x73, 0x2e, 
        0x20, 0x54, 0x68, 0x61, 0x74, 0x20, 0x69, 0x73, 0x20, 0x73, 0x61, 0x66, 
        0x65, 0x20, 0x6f, 0x6e, 0x6c, 0x79, 0x0a, 0x20, 0x20, 0x20, 0x20, 0x20, 
        0x2a, 0x20, 0x62, 0x65, 0x63, 0x61, 0x75, 0x73, 0x65, 0x20, 0x74, 0x68, 
        0x65, 0x20, 0x63, 0x61, 0x6c, 0x6c, 0x65, 0x72, 0x20, 0x69, 0x73, 0x20, 
        0x61, 0x6c, 0x77, 0x61, 0x79, 0x73, 0x20, 0x6f, 0x6e, 0x65, 0x20, 0x6f, 
        0x66, 0x20, 0x60, 0x73, 0x74, 0x72, 0x69, 0x6e, 0x67, 0x60, 0x27, 0x73, 
        0x20, 0x6d, 0x75, 0x74, 0x61, 0x74, 0x6f, 0x72, 0x73, 0x2c, 0x20, 0x61, 
        0x6e, 0x64, 0x20, 0x65, 0x61, 0x63, 0x68, 0x20, 0x6f, 0x66, 0x20, 0x74, 
        0x68, 0x6f, 0x73, 0x65, 0x20, 0x68, 0x61, 0x73, 0x20, 0x61, 0x6c, 0x72, 
        0x65, 0x61, 0x64, 0x79, 0x20, 0x72, 0x75, 0x6e, 0x0a, 0x20, 0x20, 0x20, 
        0x20, 0x20, 0x2a, 0x20, 0x74, 0x68, 0x65, 0x20, 0x67, 0x61, 0x74, 0x65, 
        0x20, 0x65, 0x73, 0x74, 0x61, 0x62, 0x6c, 0x69, 0x73, 0x68, 0x69, 0x6e, 
        0x67, 0x20, 0x74, 0x68, 0x61, 0x74, 0x20, 0x6e, 0x6f, 0x20, 0x6f, 0x74, 
        0x68, 0x65, 0x72, 0x20, 0x60, 0x73, 0x74, 0x72, 0x69, 0x6e, 0x67, 0x60, 
        0x20, 0x6e, 0x61, 0x6d, 0x65, 0x73, 0x20, 0x74, 0x68, 0x69, 0x73, 0x20, 
        0x62, 0x75, 0x66, 0x66, 0x65, 0x72, 0x2e, 0x20, 0x41, 0x20, 0x62, 0x61, 
        0x72, 0x65, 0x20, 0x60, 0x73, 0x74, 0x72, 0x69, 0x6e, 0x67, 0x3a, 0x3a, 
        0x76, 0x69, 0x65, 0x77, 0x60, 0x20, 0x68, 0x61, 0x6e, 0x64, 0x65, 0x64, 
        0x0a, 0x20, 0x20, 0x20, 0x20, 0x20, 0x2a, 0x20, 0x6f, 0x75, 0x74, 0x20, 
        0x65, 0x61, 0x72, 0x6c, 0x69, 0x65, 0x72, 0x20, 0x69, 0x73, 0x20, 0x2a, 
        0x6e, 0x6f, 0x74, 0x2a, 0x20, 0x63, 0x6f, 0x76, 0x65, 0x72, 0x65, 0x64, 
        0x20, 0x2d, 0x20, 0x61, 0x20, 0x76, 0x69, 0x65, 0x77, 0x20, 0x68, 0x6f, 
        0x6c, 0x64, 0x73, 0x20, 0x6e, 0x6f, 0x20, 0x72, 0x65, 0x66, 0x65, 0x72, 
        0x65, 0x6e, 0x63, 0x65, 0x20, 0x63, 0x6f, 0x75, 0x6e, 0x74, 0x20, 0x62, 
        0x79, 0x20, 0x64, 0x65, 0x73, 0x69, 0x67, 0x6e, 0x2c, 0x20, 0x61, 0x6e, 
        0x64, 0x20, 0x74, 0x68, 0x65, 0x20, 0x6c, 0x61, 0x6e, 0x67, 0x75, 0x61, 
        0x67, 0x65, 0x0a, 0x20, 0x20, 0x20, 0x20, 0x20, 0x2a, 0x20, 0x68, 0x61, 
        0x73, 0x20, 0x6e, 0x6f, 0x20, 0x62, 0x6f, 0x72, 0x72, 0x6f, 0x77, 0x20, 
        0x63, 0x68, 0x65, 0x63, 0x6b, 0x65, 0x72, 0x2e, 0x20, 0x54, 0x68, 0x69, 
        0x73, 0x20, 0x69, 0x73, 0x20, 0x74, 0x68, 0x65, 0x20, 0x6f, 0x6e, 0x65, 
        0x20, 0x70, 0x6c, 0x61, 0x63, 0x65, 0x20, 0x74, 0x68, 0x61, 0x74, 0x20, 
        0x73, 0x68, 0x6f, 0x77, 0x73, 0x2e, 0x0a, 0x20, 0x20, 0x20, 0x20, 0x20, 
        0x2a, 0x2f, 0x0a, 0x20, 0x20, 0x20, 0x20, 0x66, 0x75, 0x6e, 0x63, 0x74, 
        0x69, 0x6f, 0x6e, 0x20, 0x72, 0x65, 0x73, 0x65, 0x72, 0x76, 0x65, 0x28, 
        0x75, 0x73, 0x69, 0x7a, 0x65, 0x20, 0x24, 0x63, 0x61, 0x70, 0x61, 0x63, 
        0x69, 0x74, 0x79, 0x29, 0x20, 0x3a, 0x20, 0x76, 0x6f, 0x69, 0x64, 0x0a, 
        0x20, 0x20, 0x20, 0x20, 0x7b, 0x0a, 0x20, 0x20, 0x20, 0x20, 0x20, 0x20, 
        0x20, 0x20, 0x69, 0x66, 0x20, 0x28, 0x24, 0x74, 0x68, 0x69, 0x73, 0x2d, 
        0x3e, 0x63, 0x61, 0x70, 0x61, 0x63, 0x69, 0x74, 0x79, 0x20, 0x3e, 0x3d, 
        0x20, 0x24, 0x63, 0x61, 0x70, 0x61, 0x63, 0x69, 0x74, 0x79, 0x29, 0x20, 
        0x7b, 0x0a, 0x20, 0x20, 0x20, 0x20, 0x20, 0x20, 0x20, 0x20, 0x20, 0x20, 
        0x20, 0x20, 0x72, 0x65, 0x74, 0x75, 0x72, 0x6e, 0x3b, 0x0a, 0x20, 0x20, 
        0x20, 0x20, 0x20, 0x20, 0x20, 0x20, 0x7d, 0x0a, 0x0a, 0x20, 0x20, 0x20, 
        0x20, 0x20, 0x20, 0x20, 0x20, 0x75, 0x73, 0x69, 0x7a, 0x65, 0x20, 0x24, 
        0x67, 0x72, 0x6f, 0x77, 0x6e, 0x20, 0x3d, 0x20, 0x24, 0x74, 0x68, 0x69, 
        0x73, 0x2d, 0x3e, 0x63, 0x61, 0x70, 0x61, 0x63, 0x69, 0x74, 0x79, 0x20, 
        0x2a, 0x20, 0x32, 0x3b, 0x0a, 0x0a, 0x20, 0x20, 0x20, 0x20, 0x20, 0x20, 
        0x20, 0x20, 0x69, 0x66, 0x20, 0x28, 0x24, 0x67, 0x72, 0x6f, 0x77, 0x6e, 
        0x20, 0x3c, 0x20, 0x24, 0x63, 0x61, 0x70, 0x61, 0x63, 0x69, 0x74, 0x79, 
        0x29, 0x20, 0x7b, 0x0a, 0x20, 0x20, 0x20, 0x20, 0x20, 0x20, 0x20, 0x20, 
        0x20, 0x20, 0x20, 0x20, 0x24, 0x67, 0x72, 0x6f, 0x77, 0x6e, 0x20, 0x3d, 
        0x20, 0x24, 0x63, 0x61, 0x70, 0x61, 0x63, 0x69, 0x74, 0x79, 0x3b, 0x0a, 
        0x20, 0x20, 0x20, 0x20, 0x20, 0x20, 0x20, 0x20, 0x7d, 0x0a, 0x0a, 0x20, 
        0x20, 0x20, 0x20, 0x20, 0x20, 0x20, 0x20, 0x2f, 0x2f, 0x20, 0x72, 0x65, 
        0x2d, 0x73, 0x65, 0x61, 0x74, 0x65, 0x64, 0x20, 0x74, 0x68, 0x72, 0x6f, 
        0x75, 0x67, 0x68, 0x20, 0x60, 0x3a, 0x24, 0x60, 0x2c, 0x20, 0x62, 0x65, 
        0x63, 0x61, 0x75, 0x73, 0x65, 0x20, 0x72, 0x65, 0x61, 0x6c, 0x6c, 0x6f, 
        0x63, 0x20, 0x68, 0x61, 0x6e, 0x64, 0x73, 0x20, 0x62, 0x61, 0x63, 0x6b, 
        0x20, 0x61, 0x6e, 0x20, 0x61, 0x64, 0x64, 0x72, 0x65, 0x73, 0x73, 0x20, 
        0x72, 0x61, 0x74, 0x68, 0x65, 0x72, 0x20, 0x74, 0x68, 0x61, 0x6e, 0x20, 
        0x77, 0x72, 0x69, 0x74, 0x69, 0x6e, 0x67, 0x20, 0x74, 0x68, 0x72, 0x6f, 
        0x75, 0x67, 0x68, 0x0a, 0x20, 0x20, 0x20, 0x20, 0x20, 0x20, 0x20, 0x20, 
        0x2f, 0x2f, 0x20, 0x74, 0x68, 0x65, 0x20, 0x6f, 0x6c, 0x64, 0x20, 0x6f, 
        0x6e, 0x65, 0x0a, 0x20, 0x20, 0x20, 0x20, 0x20, 0x20, 0x20, 0x20, 0x24, 
        0x74, 0x68, 0x69, 0x73, 0x2d, 0x3e, 0x62, 0x79, 0x74, 0x65, 0x73, 0x3a, 
        0x24, 0x20, 0x3d, 0x20, 0x6d, 0x65, 0x6d, 0x3a, 0x3a, 0x72, 0x65, 0x61, 
        0x6c, 0x6c, 0x6f, 0x63, 0x3c, 0x75, 0x69, 0x6e, 0x74, 0x38, 0x3e, 0x28, 
        0x24, 0x74, 0x68, 0x69, 0x73, 0x2d, 0x3e, 0x62, 0x79, 0x74, 0x65, 0x73, 
        0x2c, 0x20, 0x24, 0x67, 0x72, 0x6f, 0x77, 0x6e, 0x20, 0x2b, 0x20, 0x31, 
        0x29, 0x3b, 0x0a, 0x20, 0x20, 0x20, 0x20, 0x20, 0x20, 0x20, 0x20, 0x24, 
        0x74, 0x68, 0x69, 0x73, 0x2d, 0x3e, 0x63, 0x61, 0x70, 0x61, 0x63, 0x69, 
        0x74, 0x79, 0x20, 0x3d, 0x20, 0x24, 0x67, 0x72, 0x6f, 0x77, 0x6e, 0x3b, 
        0x0a, 0x20, 0x20, 0x20, 0x20, 0x7d, 0x0a, 0x0a, 0x20, 0x20, 0x20, 0x20, 
        0x2f, 0x2a, 0x2a, 0x0a, 0x20, 0x20, 0x20, 0x20, 0x20, 0x2a, 0x20, 0x43, 
        0x6f, 0x70, 0x69, 0x65, 0x73, 0x20, 0x60, 0x24, 0x63, 0x6f, 0x75, 0x6e, 
        0x74, 0x60, 0x20, 0x62, 0x79, 0x74, 0x65, 0x73, 0x20, 0x6f, 0x6e, 0x74, 
        0x6f, 0x20, 0x74, 0x68, 0x65, 0x20, 0x65, 0x6e, 0x64, 0x20, 0x61, 0x6e, 
        0x64, 0x20, 0x72, 0x65, 0x2d, 0x74, 0x65, 0x72, 0x6d, 0x69, 0x6e, 0x61, 
        0x74, 0x65, 0x73, 0x2e, 0x0a, 0x20, 0x20, 0x20, 0x20, 0x20, 0x2a, 0x2f, 
        0x0a, 0x20, 0x20, 0x20, 0x20, 0x66, 0x75, 0x6e, 0x63, 0x74, 0x69, 0x6f, 
        0x6e, 0x20, 0x61, 0x70, 0x70, 0x65, 0x6e, 0x64, 0x5f, 0x62, 0x79, 0x74, 
        0x65, 0x73, 0x28, 0x70, 0x74, 0x72, 0x3c, 0x63, 0x6f, 0x6e, 0x73, 0x74, 
        0x20, 0x75, 0x69, 0x6e, 0x74, 0x38, 0x3e, 0x20, 0x24, 0x73, 0x72, 0x63, 
        0x2c, 0x20, 0x75, 0x73, 0x69, 0x7a, 0x65, 0x20, 0x24, 0x63, 0x6f, 0x75, 
        0x6e, 0x74, 0x29, 0x20, 0x3a, 0x20, 0x76, 0x6f, 0x69, 0x64, 0x0a, 0x20, 
        0x20, 0x20, 0x20, 0x7b, 0x0a, 0x20, 0x20, 0x20, 0x20, 0x20, 0x20, 0x20, 
        0x20, 0x24, 0x74, 0x68, 0x69, 0x73, 0x2d, 0x3e, 0x72, 0x65, 0x73, 0x65, 
        0x72, 0x76, 0x65, 0x28, 0x24, 0x74, 0x68, 0x69, 0x73, 0x2d, 0x3e, 0x75, 
        0x73, 0x65, 0x64, 0x20, 0x2b, 0x20, 0x24, 0x63, 0x6f, 0x75, 0x6e, 0x74, 
        0x29, 0x3b, 0x0a, 0x0a, 0x20, 0x20, 0x20, 0x20, 0x20, 0x20, 0x20, 0x20, 
        0x2f, 0x2f, 0x20, 0x74, 0x68, 0x65, 0x20, 0x6f, 0x6e, 0x65, 0x20, 0x70, 
        0x6c, 0x61, 0x63, 0x65, 0x20, 0x63, 0x6f, 0x6e, 0x73, 0x74, 0x20, 0x69, 
        0x73, 0x20, 0x64, 0x72, 0x6f, 0x70, 0x70, 0x65, 0x64, 0x20, 0x69, 0x6e, 
        0x20, 0x74, 0x68, 0x69, 0x73, 0x20, 0x66, 0x69, 0x6c, 0x65, 0x2e, 0x20, 
        0x60, 0x6d, 0x65, 0x6d, 0x3a, 0x3a, 0x63, 0x6f, 0x70, 0x79, 0x60, 0x20, 
        0x6e, 0x61, 0x6d, 0x65, 0x73, 0x20, 0x6f, 0x6e, 0x65, 0x20, 0x60, 0x54, 
        0x60, 0x20, 0x66, 0x6f, 0x72, 0x20, 0x62, 0x6f, 0x74, 0x68, 0x20, 0x73, 
        0x69, 0x64, 0x65, 0x73, 0x2c, 0x0a, 0x20, 0x20, 0x20, 0x20, 0x20, 0x20, 
        0x20, 0x20, 0x2f, 0x2f, 0x20, 0x61, 0x6e, 0x64, 0x20, 0x74, 0x68, 0x65, 
        0x20, 0x64, 0x65, 0x73, 0x74, 0x69, 0x6e, 0x61, 0x74, 0x69, 0x6f, 0x6e, 
        0x20, 0x67, 0x65, 0x6e, 0x75, 0x69, 0x6e, 0x65, 0x6c, 0x79, 0x20, 0x69, 
        0x73, 0x20, 0x77, 0x72, 0x69, 0x74, 0x61, 0x62, 0x6c, 0x65, 0x20, 0x2d, 
        0x20, 0x69, 0x74, 0x20, 0x69, 0x73, 0x20, 0x74, 0x68, 0x69, 0x73, 0x20, 
        0x62, 0x75, 0x66, 0x66, 0x65, 0x72, 0x27, 0x73, 0x20, 0x6f, 0x77, 0x6e, 
        0x20, 0x62, 0x61, 0x73, 0x65, 0x0a, 0x20, 0x20, 0x20, 0x20, 0x20, 0x20, 
        0x20, 0x20, 0x6d, 0x65, 0x6d, 0x3a, 0x3a, 0x63, 0x6f, 0x70, 0x79, 0x3c, 
        0x75, 0x69, 0x6e, 0x74, 0x38, 0x3e, 0x28, 0x24, 0x74, 0x68, 0x69, 0x73, 
        0x2d, 0x3e, 0x62, 0x79, 0x74, 0x65, 0x73, 0x3a, 0x24, 0x20, 0x2b, 0x20, 
        0x24, 0x74, 0x68, 0x69, 0x73, 0x2d, 0x3e, 0x75, 0x73, 0x65, 0x64, 0x2c, 
        0x20, 0x70, 0x74, 0x72, 0x3c, 0x75, 0x69, 0x6e, 0x74, 0x38, 0x3e, 0x28, 
        0x24, 0x73, 0x72, 0x63, 0x3a, 0x24, 0x29, 0x2c, 0x20, 0x24, 0x63, 0x6f, 
        0x75, 0x6e, 0x74, 0x29, 0x3b, 0x0a, 0x0a, 0x20, 0x20, 0x20, 0x20, 0x20, 
        0x20, 0x20, 0x20, 0x24, 0x74, 0x68, 0x69, 0x73, 0x2d, 0x3e, 0x75, 0x73, 
        0x65, 0x64, 0x20, 0x3d, 0x20, 0x24, 0x74, 0x68, 0x69, 0x73, 0x2d, 0x3e, 
        0x75, 0x73, 0x65, 0x64, 0x20, 0x2b, 0x20, 0x24, 0x63, 0x6f, 0x75, 0x6e, 
        0x74, 0x3b, 0x0a, 0x20, 0x20, 0x20, 0x20, 0x20, 0x20, 0x20, 0x20, 0x24, 
        0x74, 0x68, 0x69, 0x73, 0x2d, 0x3e, 0x62, 0x79, 0x74, 0x65, 0x73, 0x3a, 
        0x24, 0x5b, 0x24, 0x74, 0x68, 0x69, 0x73, 0x2d, 0x3e, 0x75, 0x73, 0x65, 
        0x64, 0x5d, 0x20, 0x3d, 0x20, 0x30, 0x3b, 0x0a, 0x20, 0x20, 0x20, 0x20, 
        0x7d, 0x0a, 0x0a, 0x20, 0x20, 0x20, 0x20, 0x2f, 0x2a, 0x2a, 0x0a, 0x20, 
        0x20, 0x20, 0x20, 0x20, 0x2a, 0x20, 0x41, 0x70, 0x70, 0x65, 0x6e, 0x64, 
        0x73, 0x20, 0x6f, 0x6e, 0x65, 0x20, 0x62, 0x79, 0x74, 0x65, 0x20, 0x61, 
        0x6e, 0x64, 0x20, 0x72, 0x65, 0x2d, 0x74, 0x65, 0x72, 0x6d, 0x69, 0x6e, 
        0x61, 0x74, 0x65, 0x73, 0x2e, 0x0a, 0x20, 0x20, 0x20, 0x20, 0x20, 0x2a, 
        0x2f, 0x0a, 0x20, 0x20, 0x20, 0x20, 0x66, 0x75, 0x6e, 0x63, 0x74, 0x69, 
        0x6f, 0x6e, 0x20, 0x70, 0x75, 0x73, 0x68, 0x28, 0x75, 0x69, 0x6e, 0x74, 
        0x38, 0x20, 0x24, 0x62, 0x79, 0x74, 0x65, 0x29, 0x20, 0x3a, 0x20, 0x76, 
        0x6f, 0x69, 0x64, 0x0a, 0x20, 0x20, 0x20, 0x20, 0x7b, 0x0a, 0x20, 0x20, 
        0x20, 0x20, 0x20, 0x20, 0x20, 0x20, 0x24, 0x74, 0x68, 0x69, 0x73, 0x2d, 
        0x3e, 0x72, 0x65, 0x73, 0x65, 0x72, 0x76, 0x65, 0x28, 0x24, 0x74, 0x68, 
        0x69, 0x73, 0x2d, 0x3e, 0x75, 0x73, 0x65, 0x64, 0x20, 0x2b, 0x20, 0x31, 
        0x29, 0x3b, 0x0a, 0x0a, 0x20, 0x20, 0x20, 0x20, 0x20, 0x20, 0x20, 0x20, 
        0x24, 0x74, 0x68, 0x69, 0x73, 0x2d, 0x3e, 0x62, 0x79, 0x74, 0x65, 0x73, 
        0x3a, 0x24, 0x5b, 0x24, 0x74, 0x68, 0x69, 0x73, 0x2d, 0x3e, 0x75, 0x73, 
        0x65, 0x64, 0x5d, 0x20, 0x3d, 0x20, 0x24, 0x62, 0x79, 0x74, 0x65, 0x3b, 
        0x0a, 0x20, 0x20, 0x20, 0x20, 0x20, 0x20, 0x20, 0x20, 0x24, 0x74, 0x68, 
        0x69, 0x73, 0x2d, 0x3e, 0x75, 0x73, 0x65, 0x64, 0x20, 0x3d, 0x20, 0x24, 
        0x74, 0x68, 0x69, 0x73, 0x2d, 0x3e, 0x75, 0x73, 0x65, 0x64, 0x20, 0x2b, 
        0x20, 0x31, 0x3b, 0x0a, 0x20, 0x20, 0x20, 0x20, 0x20, 0x20, 0x20, 0x20, 
        0x24, 0x74, 0x68, 0x69, 0x73, 0x2d, 0x3e, 0x62, 0x79, 0x74, 0x65, 0x73, 
        0x3a, 0x24, 0x5b, 0x24, 0x74, 0x68, 0x69, 0x73, 0x2d, 0x3e, 0x75, 0x73, 
        0x65, 0x64, 0x5d, 0x20, 0x3d, 0x20, 0x30, 0x3b, 0x0a, 0x20, 0x20, 0x20, 
        0x20, 0x7d, 0x0a, 0x0a, 0x20, 0x20, 0x20, 0x20, 0x2f, 0x2a, 0x2a, 0x0a, 
        0x20, 0x20, 0x20, 0x20, 0x20, 0x2a, 0x20, 0x44, 0x72, 0x6f, 0x70, 0x73, 
        0x20, 0x74, 0x68, 0x65, 0x20, 0x63, 0x6f, 0x6e, 0x74, 0x65, 0x6e, 0x74, 
        0x73, 0x20, 0x61, 0x6e, 0x64, 0x20, 0x6b, 0x65, 0x65, 0x70, 0x73, 0x20, 
        0x74, 0x68, 0x65, 0x20, 0x61, 0x6c, 0x6c, 0x6f, 0x63, 0x61, 0x74, 0x69, 
        0x6f, 0x6e, 0x2e, 0x0a, 0x20, 0x20, 0x20, 0x20, 0x20, 0x2a, 0x2f, 0x0a, 
        0x20, 0x20, 0x20, 0x20, 0x66, 0x75, 0x6e, 0x63, 0x74, 0x69, 0x6f, 0x6e, 
        0x20, 0x65, 0x6d, 0x70, 0x74, 0x79, 0x28, 0x29, 0x20, 0x3a, 0x20, 0x76, 
        0x6f, 0x69, 0x64, 0x0a, 0x20, 0x20, 0x20, 0x20, 0x7b, 0x0a, 0x20, 0x20, 
        0x20, 0x20, 0x20, 0x20, 0x20, 0x20, 0x24, 0x74, 0x68, 0x69, 0x73, 0x2d, 
        0x3e, 0x75, 0x73, 0x65, 0x64, 0x20, 0x3d, 0x20, 0x30, 0x3b, 0x0a, 0x20, 
        0x20, 0x20, 0x20, 0x20, 0x20, 0x20, 0x20, 0x24, 0x74, 0x68, 0x69, 0x73, 
        0x2d, 0x3e, 0x62, 0x79, 0x74, 0x65, 0x73, 0x3a, 0x24, 0x5b, 0x30, 0x5d, 
        0x20, 0x3d, 0x20, 0x30, 0x3b, 0x0a, 0x20, 0x20, 0x20, 0x20, 0x7d, 0x0a, 
        0x0a, 0x20, 0x20, 0x20, 0x20, 0x2f, 0x2a, 0x2a, 0x0a, 0x20, 0x20, 0x20, 
        0x20, 0x20, 0x2a, 0x20, 0x52, 0x75, 0x6e, 0x73, 0x20, 0x77, 0x68, 0x65, 
        0x6e, 0x20, 0x74, 0x68, 0x65, 0x20, 0x2a, 0x6c, 0x61, 0x73, 0x74, 0x2a, 
        0x20, 0x60, 0x73, 0x74, 0x72, 0x69, 0x6e, 0x67, 0x60, 0x20, 0x6e, 0x61, 
        0x6d, 0x69, 0x6e, 0x67, 0x20, 0x74, 0x68, 0x69, 0x73, 0x20, 0x62, 0x75, 
        0x66, 0x66, 0x65, 0x72, 0x20, 0x69, 0x73, 0x20, 0x67, 0x6f, 0x6e, 0x65, 
        0x20, 0x2d, 0x20, 0x6e, 0x6f, 0x74, 0x20, 0x77, 0x68, 0x65, 0x6e, 0x20, 
        0x74, 0x68, 0x65, 0x20, 0x66, 0x69, 0x72, 0x73, 0x74, 0x20, 0x6f, 0x6e, 
        0x65, 0x20, 0x69, 0x73, 0x2e, 0x0a, 0x20, 0x20, 0x20, 0x20, 0x20, 0x2a, 
        0x2f, 0x0a, 0x20, 0x20, 0x20, 0x20, 0x64, 0x65, 0x73, 0x74, 0x72, 0x75, 
        0x63, 0x74, 0x6f, 0x72, 0x28, 0x29, 0x0a, 0x20, 0x20, 0x20, 0x20, 0x7b, 
        0x0a, 0x20, 0x20, 0x20, 0x20, 0x20, 0x20, 0x20, 0x20, 0x6d, 0x65, 0x6d, 
        0x3a, 0x3a, 0x66, 0x72, 0x65, 0x65, 0x28, 0x24, 0x74, 0x68, 0x69, 0x73, 
        0x2d, 0x3e, 0x62, 0x79, 0x74, 0x65, 0x73, 0x29, 0x3b, 0x0a, 0x20, 0x20, 
        0x20, 0x20, 0x7d, 0x0a, 0x7d, 0x0a, 0x0a, 0x65, 0x78, 0x74, 0x65, 0x72, 
        0x6e, 0x20, 0x7b, 0x0a, 0x20, 0x20, 0x20, 0x20, 0x66, 0x75, 0x6e, 0x63, 
        0x74, 0x69, 0x6f, 0x6e, 0x20, 0x73, 0x74, 0x72, 0x6c, 0x65, 0x6e, 0x20, 
        0x61, 0x73, 0x20, 0x63, 0x5f, 0x73, 0x74, 0x72, 0x6c, 0x65, 0x6e, 0x28, 
        0x70, 0x74, 0x72, 0x3c, 0x63, 0x6f, 0x6e, 0x73, 0x74, 0x20, 0x75, 0x69, 
        0x6e, 0x74, 0x38, 0x3e, 0x20, 0x24, 0x73, 0x29, 0x20, 0x3a, 0x20, 0x75, 
        0x73, 0x69, 0x7a, 0x65, 0x3b, 0x0a, 0x7d, 0x0a, 0x0a, 0x2f, 0x2a, 0x2a, 
        0x0a, 0x20, 0x2a, 0x20, 0x41, 0x20, 0x77, 0x69, 0x6e, 0x64, 0x6f, 0x77, 
        0x20, 0x6f, 0x76, 0x65, 0x72, 0x20, 0x61, 0x20, 0x4e, 0x55, 0x4c, 0x2d, 
        0x74, 0x65, 0x72, 0x6d, 0x69, 0x6e, 0x61, 0x74, 0x65, 0x64, 0x20, 0x43, 
        0x20, 0x73, 0x74, 0x72, 0x69, 0x6e, 0x67, 0x2c, 0x20, 0x77, 0x69, 0x74, 
        0x68, 0x6f, 0x75, 0x74, 0x20, 0x63, 0x6f, 0x70, 0x79, 0x69, 0x6e, 0x67, 
        0x20, 0x69, 0x74, 0x2e, 0x0a, 0x20, 0x2a, 0x0a, 0x20, 0x2a, 0x20, 0x54, 
        0x68, 0x65, 0x20, 0x63, 0x6f, 0x75, 0x6e, 0x74, 0x65, 0x72, 0x70, 0x61, 
        0x72, 0x74, 0x20, 0x74, 0x6f, 0x20, 0x60, 0x73, 0x74, 0x72, 0x69, 0x6e, 
        0x67, 0x3a, 0x3a, 0x76, 0x69, 0x65, 0x77, 0x3a, 0x3a, 0x63, 0x5f, 0x73, 
        0x74, 0x72, 0x28, 0x29, 0x60, 0x2c, 0x20, 0x77, 0x68, 0x69, 0x63, 0x68, 
        0x20, 0x67, 0x6f, 0x65, 0x73, 0x20, 0x74, 0x68, 0x65, 0x20, 0x6f, 0x74, 
        0x68, 0x65, 0x72, 0x20, 0x77, 0x61, 0x79, 0x2e, 0x20, 0x45, 0x76, 0x65, 
        0x72, 0x79, 0x74, 0x68, 0x69, 0x6e, 0x67, 0x20, 0x43, 0x20, 0x68, 0x61, 
        0x6e, 0x64, 0x73, 0x20, 0x62, 0x61, 0x63, 0x6b, 0x20, 0x69, 0x73, 0x0a, 
        0x20, 0x2a, 0x20, 0x73, 0x68, 0x61, 0x70, 0x65, 0x64, 0x20, 0x6c, 0x69, 
        0x6b, 0x65, 0x20, 0x74, 0x68, 0x69, 0x73, 0x20, 0x2d, 0x20, 0x61, 0x20, 
        0x62, 0x61, 0x72, 0x65, 0x20, 0x70, 0x6f, 0x69, 0x6e, 0x74, 0x65, 0x72, 
        0x20, 0x77, 0x69, 0x74, 0x68, 0x20, 0x74, 0x68, 0x65, 0x20, 0x6c, 0x65, 
        0x6e, 0x67, 0x74, 0x68, 0x20, 0x6c, 0x65, 0x66, 0x74, 0x20, 0x69, 0x6d, 
        0x70, 0x6c, 0x69, 0x63, 0x69, 0x74, 0x20, 0x69, 0x6e, 0x20, 0x61, 0x20, 
        0x74, 0x65, 0x72, 0x6d, 0x69, 0x6e, 0x61, 0x74, 0x6f, 0x72, 0x20, 0x2d, 
        0x20, 0x73, 0x6f, 0x20, 0x74, 0x68, 0x69, 0x73, 0x20, 0x69, 0x73, 0x20, 
        0x74, 0x68, 0x65, 0x0a, 0x20, 0x2a, 0x20, 0x73, 0x65, 0x61, 0x6d, 0x20, 
        0x65, 0x76, 0x65, 0x72, 0x79, 0x20, 0x62, 0x69, 0x6e, 0x64, 0x69, 0x6e, 
        0x67, 0x20, 0x63, 0x72, 0x6f, 0x73, 0x73, 0x65, 0x73, 0x20, 0x6f, 0x6e, 
        0x20, 0x74, 0x68, 0x65, 0x20, 0x77, 0x61, 0x79, 0x20, 0x69, 0x6e, 0x2c, 
        0x20, 0x74, 0x68, 0x65, 0x20, 0x77, 0x61, 0x79, 0x20, 0x60, 0x63, 0x5f, 
        0x73, 0x74, 0x72, 0x28, 0x29, 0x60, 0x20, 0x69, 0x73, 0x20, 0x74, 0x68, 
        0x65, 0x20, 0x6f, 0x6e, 0x65, 0x20, 0x74, 0x68, 0x65, 0x79, 0x20, 0x63, 
        0x72, 0x6f, 0x73, 0x73, 0x20, 0x67, 0x6f, 0x69, 0x6e, 0x67, 0x20, 0x6f, 
        0x75, 0x74, 0x2e, 0x0a, 0x20, 0x2a, 0x0a, 0x20, 0x2a, 0x20, 0x2a, 0x2a, 
        0x49, 0x74, 0x20, 0x62, 0x6f, 0x72, 0x72, 0x6f, 0x77, 0x73, 0x2e, 0x2a, 
        0x2a, 0x20, 0x54, 0x68, 0x65, 0x20, 0x62, 0x79, 0x74, 0x65, 0x73, 0x20, 
        0x62, 0x65, 0x6c, 0x6f, 0x6e, 0x67, 0x20, 0x74, 0x6f, 0x20, 0x77, 0x68, 
        0x6f, 0x65, 0x76, 0x65, 0x72, 0x20, 0x61, 0x6c, 0x6c, 0x6f, 0x63, 0x61, 
        0x74, 0x65, 0x64, 0x20, 0x74, 0x68, 0x65, 0x6d, 0x2c, 0x20, 0x61, 0x6e, 
        0x64, 0x20, 0x74, 0x68, 0x65, 0x20, 0x77, 0x69, 0x6e, 0x64, 0x6f, 0x77, 
        0x20, 0x69, 0x73, 0x20, 0x76, 0x61, 0x6c, 0x69, 0x64, 0x20, 0x6f, 0x6e, 
        0x6c, 0x79, 0x20, 0x77, 0x68, 0x69, 0x6c, 0x65, 0x0a, 0x20, 0x2a, 0x20, 
        0x74, 0x68, 0x65, 0x79, 0x20, 0x61, 0x72, 0x65, 0x2e, 0x20, 0x54, 0x68, 
        0x61, 0x74, 0x20, 0x69, 0x73, 0x20, 0x74, 0x68, 0x65, 0x20, 0x72, 0x69, 
        0x67, 0x68, 0x74, 0x20, 0x64, 0x65, 0x66, 0x61, 0x75, 0x6c, 0x74, 0x20, 
        0x66, 0x6f, 0x72, 0x20, 0x74, 0x68, 0x65, 0x20, 0x74, 0x77, 0x6f, 0x20, 
        0x63, 0x61, 0x6c, 0x6c, 0x65, 0x72, 0x73, 0x20, 0x74, 0x68, 0x61, 0x74, 
        0x20, 0x6d, 0x61, 0x74, 0x74, 0x65, 0x72, 0x3a, 0x20, 0x61, 0x6e, 0x20, 
        0x60, 0x61, 0x72, 0x67, 0x76, 0x60, 0x20, 0x65, 0x6e, 0x74, 0x72, 0x79, 
        0x20, 0x61, 0x6e, 0x64, 0x20, 0x61, 0x6e, 0x0a, 0x20, 0x2a, 0x20, 0x65, 
        0x6e, 0x76, 0x69, 0x72, 0x6f, 0x6e, 0x6d, 0x65, 0x6e, 0x74, 0x20, 0x76, 
        0x61, 0x72, 0x69, 0x61, 0x62, 0x6c, 0x65, 0x20, 0x62, 0x6f, 0x74, 0x68, 
        0x20, 0x6c, 0x69, 0x76, 0x65, 0x20, 0x61, 0x73, 0x20, 0x6c, 0x6f, 0x6e, 
        0x67, 0x20, 0x61, 0x73, 0x20, 0x74, 0x68, 0x65, 0x20, 0x70, 0x72, 0x6f, 
        0x63, 0x65, 0x73, 0x73, 0x20, 0x64, 0x6f, 0x65, 0x73, 0x2c, 0x20, 0x73, 
        0x6f, 0x20, 0x63, 0x6f, 0x70, 0x79, 0x69, 0x6e, 0x67, 0x20, 0x74, 0x68, 
        0x65, 0x6d, 0x20, 0x77, 0x6f, 0x75, 0x6c, 0x64, 0x20, 0x62, 0x65, 0x20, 
        0x61, 0x6e, 0x0a, 0x20, 0x2a, 0x20, 0x61, 0x6c, 0x6c, 0x6f, 0x63, 0x61, 
        0x74, 0x69, 0x6f, 0x6e, 0x20, 0x62, 0x6f, 0x75, 0x67, 0x68, 0x74, 0x20, 
        0x66, 0x6f, 0x72, 0x20, 0x6e, 0x6f, 0x74, 0x68, 0x69, 0x6e, 0x67, 0x2e, 
        0x20, 0x52, 0x65, 0x61, 0x63, 0x68, 0x20, 0x66, 0x6f, 0x72, 0x20, 0x60, 
        0x66, 0x72, 0x6f, 0x6d, 0x5f, 0x63, 0x5f, 0x73, 0x74, 0x72, 0x60, 0x20, 
        0x77, 0x68, 0x65, 0x6e, 0x20, 0x74, 0x68, 0x65, 0x20, 0x62, 0x79, 0x74, 
        0x65, 0x73, 0x20, 0x61, 0x72, 0x65, 0x20, 0x2a, 0x6e, 0x6f, 0x74, 0x2a, 
        0x20, 0x79, 0x6f, 0x75, 0x72, 0x73, 0x20, 0x74, 0x6f, 0x20, 0x72, 0x65, 
        0x6c, 0x79, 0x20, 0x6f, 0x6e, 0x20, 0x2d, 0x0a, 0x20, 0x2a, 0x20, 0x61, 
        0x20, 0x62, 0x75, 0x66, 0x66, 0x65, 0x72, 0x20, 0x79, 0x6f, 0x75, 0x20, 
        0x61, 0x72, 0x65, 0x20, 0x61, 0x62, 0x6f, 0x75, 0x74, 0x20, 0x74, 0x6f, 
        0x20, 0x66, 0x72, 0x65, 0x65, 0x2c, 0x20, 0x6f, 0x72, 0x20, 0x61, 0x6e, 
        0x79, 0x74, 0x68, 0x69, 0x6e, 0x67, 0x20, 0x62, 0x65, 0x68, 0x69, 0x6e, 
        0x64, 0x20, 0x61, 0x20, 0x60, 0x73, 0x65, 0x74, 0x65, 0x6e, 0x76, 0x60, 
        0x2e, 0x0a, 0x20, 0x2a, 0x2f, 0x0a, 0x66, 0x75, 0x6e, 0x63, 0x74, 0x69, 
        0x6f, 0x6e, 0x20, 0x76, 0x69, 0x65, 0x77, 0x5f, 0x6f, 0x66, 0x5f, 0x63, 
        0x5f, 0x73, 0x74, 0x72, 0x28, 0x70, 0x74, 0x72, 0x3c, 0x63, 0x6f, 0x6e, 
        0x73, 0x74, 0x20, 0x75, 0x69, 0x6e, 0x74, 0x38, 0x3e, 0x20, 0x24, 0x73, 
        0x29, 0x20, 0x3a, 0x20, 0x73, 0x74, 0x72, 0x69, 0x6e, 0x67, 0x3a, 0x3a, 
        0x76, 0x69, 0x65, 0x77, 0x0a, 0x7b, 0x0a, 0x20, 0x20, 0x20, 0x20, 0x72, 
        0x65, 0x74, 0x75, 0x72, 0x6e, 0x20, 0x73, 0x74, 0x72, 0x69, 0x6e, 0x67, 
        0x3a, 0x3a, 0x76, 0x69, 0x65, 0x77, 0x28, 0x24, 0x73, 0x2c, 0x20, 0x63, 
        0x5f, 0x73, 0x74, 0x72, 0x6c, 0x65, 0x6e, 0x28, 0x24, 0x73, 0x29, 0x29, 
        0x3b, 0x0a, 0x7d, 0x0a, 0x0a, 0x2f, 0x2a, 0x2a, 0x0a, 0x20, 0x2a, 0x20, 
        0x41, 0x6e, 0x20, 0x6f, 0x77, 0x6e, 0x69, 0x6e, 0x67, 0x20, 0x63, 0x6f, 
        0x70, 0x79, 0x20, 0x6f, 0x66, 0x20, 0x61, 0x20, 0x4e, 0x55, 0x4c, 0x2d, 
        0x74, 0x65, 0x72, 0x6d, 0x69, 0x6e, 0x61, 0x74, 0x65, 0x64, 0x20, 0x43, 
        0x20, 0x73, 0x74, 0x72, 0x69, 0x6e, 0x67, 0x2e, 0x0a, 0x20, 0x2a, 0x0a, 
        0x20, 0x2a, 0x20, 0x60, 0x76, 0x69, 0x65, 0x77, 0x5f, 0x6f, 0x66, 0x5f, 
        0x63, 0x5f, 0x73, 0x74, 0x72, 0x60, 0x20, 0x77, 0x69, 0x74, 0x68, 0x20, 
        0x74, 0x68, 0x65, 0x20, 0x62, 0x79, 0x74, 0x65, 0x73, 0x20, 0x74, 0x61, 
        0x6b, 0x65, 0x6e, 0x20, 0x61, 0x6c, 0x6f, 0x6e, 0x67, 0x2c, 0x20, 0x66, 
        0x6f, 0x72, 0x20, 0x77, 0x68, 0x65, 0x6e, 0x20, 0x74, 0x68, 0x65, 0x20, 
        0x73, 0x6f, 0x75, 0x72, 0x63, 0x65, 0x20, 0x77, 0x69, 0x6c, 0x6c, 0x20, 
        0x6e, 0x6f, 0x74, 0x20, 0x6f, 0x75, 0x74, 0x6c, 0x69, 0x76, 0x65, 0x20, 
        0x74, 0x68, 0x65, 0x20, 0x72, 0x65, 0x73, 0x75, 0x6c, 0x74, 0x2e, 0x20, 
        0x54, 0x68, 0x65, 0x0a, 0x20, 0x2a, 0x20, 0x63, 0x6f, 0x70, 0x79, 0x20, 
        0x67, 0x6f, 0x65, 0x73, 0x20, 0x74, 0x68, 0x72, 0x6f, 0x75, 0x67, 0x68, 
        0x20, 0x60, 0x62, 0x75, 0x66, 0x3a, 0x3a, 0x61, 0x70, 0x70, 0x65, 0x6e, 
        0x64, 0x5f, 0x62, 0x79, 0x74, 0x65, 0x73, 0x60, 0x20, 0x72, 0x61, 0x74, 
        0x68, 0x65, 0x72, 0x20, 0x74, 0x68, 0x61, 0x6e, 0x20, 0x62, 0x79, 0x20, 
        0x68, 0x61, 0x6e, 0x64, 0x20, 0x73, 0x6f, 0x20, 0x74, 0x68, 0x69, 0x73, 
        0x20, 0x66, 0x69, 0x6c, 0x65, 0x27, 0x73, 0x20, 0x74, 0x77, 0x6f, 0x20, 
        0x69, 0x6e, 0x76, 0x61, 0x72, 0x69, 0x61, 0x6e, 0x74, 0x73, 0x20, 0x61, 
        0x72, 0x65, 0x0a, 0x20, 0x2a, 0x20, 0x6d, 0x61, 0x69, 0x6e, 0x74, 0x61, 
        0x69, 0x6e, 0x65, 0x64, 0x20, 0x77, 0x68, 0x65, 0x72, 0x65, 0x20, 0x74, 
        0x68, 0x65, 0x79, 0x20, 0x61, 0x72, 0x65, 0x20, 0x64, 0x65, 0x63, 0x6c, 
        0x61, 0x72, 0x65, 0x64, 0x2c, 0x20, 0x61, 0x6e, 0x64, 0x20, 0x74, 0x68, 
        0x65, 0x20, 0x62, 0x6c, 0x6f, 0x63, 0x6b, 0x20, 0x69, 0x73, 0x20, 0x73, 
        0x69, 0x7a, 0x65, 0x64, 0x20, 0x75, 0x70, 0x20, 0x66, 0x72, 0x6f, 0x6e, 
        0x74, 0x20, 0x73, 0x6f, 0x20, 0x74, 0x68, 0x61, 0x74, 0x20, 0x61, 0x70, 
        0x70, 0x65, 0x6e, 0x64, 0x20, 0x64, 0x6f, 0x65, 0x73, 0x20, 0x6e, 0x6f, 
        0x74, 0x20, 0x67, 0x72, 0x6f, 0x77, 0x0a, 0x20, 0x2a, 0x20, 0x69, 0x74, 
        0x20, 0x2d, 0x20, 0x74, 0x68, 0x65, 0x20, 0x73, 0x61, 0x6d, 0x65, 0x20, 
        0x62, 0x61, 0x72, 0x67, 0x61, 0x69, 0x6e, 0x20, 0x60, 0x73, 0x74, 0x72, 
        0x69, 0x6e, 0x67, 0x3a, 0x3a, 0x63, 0x6c, 0x6f, 0x6e, 0x65, 0x5f, 0x72, 
        0x65, 0x73, 0x65, 0x72, 0x76, 0x69, 0x6e, 0x67, 0x60, 0x20, 0x6d, 0x61, 
        0x6b, 0x65, 0x73, 0x2e, 0x0a, 0x20, 0x2a, 0x2f, 0x0a, 0x66, 0x75, 0x6e, 
        0x63, 0x74, 0x69, 0x6f, 0x6e, 0x20, 0x66, 0x72, 0x6f, 0x6d, 0x5f, 0x63, 
        0x5f, 0x73, 0x74, 0x72, 0x28, 0x70, 0x74, 0x72, 0x3c, 0x63, 0x6f, 0x6e, 
        0x73, 0x74, 0x20, 0x75, 0x69, 0x6e, 0x74, 0x38, 0x3e, 0x20, 0x24, 0x73, 
        0x29, 0x20, 0x3a, 0x20, 0x73, 0x74, 0x72, 0x69, 0x6e, 0x67, 0x0a, 0x7b, 
        0x0a, 0x20, 0x20, 0x20, 0x20, 0x75, 0x73, 0x69, 0x7a, 0x65, 0x20, 0x24, 
        0x6e, 0x20, 0x3d, 0x20, 0x63, 0x5f, 0x73, 0x74, 0x72, 0x6c, 0x65, 0x6e, 
        0x28, 0x24, 0x73, 0x29, 0x3b, 0x0a, 0x0a, 0x20, 0x20, 0x20, 0x20, 0x2f, 
        0x2f, 0x20, 0x60, 0x2b, 0x20, 0x31, 0x60, 0x20, 0x69, 0x73, 0x20, 0x74, 
        0x68, 0x65, 0x20, 0x4e, 0x55, 0x4c, 0x20, 0x73, 0x6c, 0x6f, 0x74, 0x20, 
        0x60, 0x24, 0x63, 0x61, 0x70, 0x61, 0x63, 0x69, 0x74, 0x79, 0x60, 0x20, 
        0x64, 0x6f, 0x65, 0x73, 0x20, 0x6e, 0x6f, 0x74, 0x20, 0x63, 0x6f, 0x75, 
        0x6e, 0x74, 0x0a, 0x20, 0x20, 0x20, 0x20, 0x62, 0x75, 0x66, 0x20, 0x24, 
        0x6f, 0x77, 0x6e, 0x65, 0x72, 0x20, 0x3d, 0x20, 0x62, 0x75, 0x66, 0x28, 
        0x24, 0x6e, 0x2c, 0x20, 0x30, 0x2c, 0x20, 0x6d, 0x65, 0x6d, 0x3a, 0x3a, 
        0x61, 0x6c, 0x6c, 0x6f, 0x63, 0x3c, 0x75, 0x69, 0x6e, 0x74, 0x38, 0x3e, 
        0x28, 0x24, 0x6e, 0x20, 0x2b, 0x20, 0x31, 0x29, 0x29, 0x3b, 0x0a, 0x20, 
        0x20, 0x20, 0x20, 0x24, 0x6f, 0x77, 0x6e, 0x65, 0x72, 0x2d, 0x3e, 0x61, 
        0x70, 0x70, 0x65, 0x6e, 0x64, 0x5f, 0x62, 0x79, 0x74, 0x65, 0x73, 0x28, 
        0x24, 0x73, 0x2c, 0x20, 0x24, 0x6e, 0x29, 0x3b, 0x0a, 0x0a, 0x20, 0x20, 
        0x20, 0x20, 0x72, 0x65, 0x74, 0x75, 0x72, 0x6e, 0x20, 0x73, 0x74, 0x72, 
        0x69, 0x6e, 0x67, 0x28, 0x73, 0x74, 0x72, 0x69, 0x6e, 0x67, 0x3a, 0x3a, 
        0x76, 0x69, 0x65, 0x77, 0x28, 0x24, 0x6f, 0x77, 0x6e, 0x65, 0x72, 0x2d, 
        0x3e, 0x62, 0x79, 0x74, 0x65, 0x73, 0x2c, 0x20, 0x24, 0x6e, 0x29, 0x2c, 
        0x20, 0x24, 0x6f, 0x77, 0x6e, 0x65, 0x72, 0x29, 0x3b, 0x0a, 0x7d, 0x0a, 
    };
    file_8.set_content(reinterpret_cast<const char*>(file_8_data), sizeof(file_8_data));
    auto &file_9 = module.add_file("stdlib:/core/string.eco");
    static const unsigned char file_9_data[] = {
        0x2f, 0x2a, 0x2a, 0x0a, 0x20, 0x2a, 0x20, 0x54, 0x65, 0x78, 0x74, 0x2e, 
        0x0a, 0x20, 0x2a, 0x0a, 0x20, 0x2a, 0x20, 0x54, 0x68, 0x72, 0x65, 0x65, 
        0x20, 0x74, 0x79, 0x70, 0x65, 0x73, 0x2c, 0x20, 0x61, 0x6e, 0x64, 0x20, 
        0x74, 0x68, 0x65, 0x20, 0x73, 0x70, 0x6c, 0x69, 0x74, 0x20, 0x62, 0x65, 
        0x74, 0x77, 0x65, 0x65, 0x6e, 0x20, 0x74, 0x68, 0x65, 0x6d, 0x20, 0x69, 
        0x73, 0x20, 0x74, 0x68, 0x65, 0x20, 0x77, 0x68, 0x6f, 0x6c, 0x65, 0x20, 
        0x64, 0x65, 0x73, 0x69, 0x67, 0x6e, 0x3a, 0x0a, 0x20, 0x2a, 0x0a, 0x20, 
        0x2a, 0x20, 0x20, 0x2d, 0x20, 0x60, 0x73, 0x74, 0x72, 0x69, 0x6e, 0x67, 
        0x3a, 0x3a, 0x76, 0x69, 0x65, 0x77, 0x60, 0x20, 0x2a, 0x2a, 0x62, 0x6f, 
        0x72, 0x72, 0x6f, 0x77, 0x73, 0x2a, 0x2a, 0x2e, 0x20, 0x54, 0x77, 0x6f, 
        0x20, 0x77, 0x6f, 0x72, 0x64, 0x73, 0x20, 0x2d, 0x20, 0x61, 0x6e, 0x20, 
        0x61, 0x64, 0x64, 0x72, 0x65, 0x73, 0x73, 0x20, 0x61, 0x6e, 0x64, 0x20, 
        0x61, 0x20, 0x62, 0x79, 0x74, 0x65, 0x20, 0x63, 0x6f, 0x75, 0x6e, 0x74, 
        0x20, 0x2d, 0x20, 0x6f, 0x77, 0x6e, 0x69, 0x6e, 0x67, 0x20, 0x6e, 0x6f, 
        0x74, 0x68, 0x69, 0x6e, 0x67, 0x2c, 0x20, 0x63, 0x6f, 0x70, 0x79, 0x69, 
        0x6e, 0x67, 0x0a, 0x20, 0x2a, 0x20, 0x20, 0x20, 0x20, 0x66, 0x6f, 0x72, 
        0x20, 0x66, 0x72, 0x65, 0x65, 0x2c, 0x20, 0x6b, 0x65, 0x65, 0x70, 0x69, 
        0x6e, 0x67, 0x20, 0x6e, 0x6f, 0x74, 0x68, 0x69, 0x6e, 0x67, 0x20, 0x61, 
        0x6c, 0x69, 0x76, 0x65, 0x2e, 0x20, 0x45, 0x76, 0x65, 0x72, 0x79, 0x20, 
        0x6f, 0x70, 0x65, 0x72, 0x61, 0x74, 0x69, 0x6f, 0x6e, 0x20, 0x74, 0x68, 
        0x61, 0x74, 0x20, 0x6f, 0x6e, 0x6c, 0x79, 0x20, 0x2a, 0x72, 0x65, 0x61, 
        0x64, 0x73, 0x2a, 0x20, 0x74, 0x65, 0x78, 0x74, 0x20, 0x6c, 0x69, 0x76, 
        0x65, 0x73, 0x20, 0x68, 0x65, 0x72, 0x65, 0x2e, 0x0a, 0x20, 0x2a, 0x20, 
        0x20, 0x2d, 0x20, 0x60, 0x73, 0x74, 0x72, 0x69, 0x6e, 0x67, 0x60, 0x20, 
        0x2a, 0x2a, 0x6f, 0x77, 0x6e, 0x73, 0x2a, 0x2a, 0x2e, 0x20, 0x41, 0x20, 
        0x77, 0x69, 0x6e, 0x64, 0x6f, 0x77, 0x20, 0x70, 0x6c, 0x75, 0x73, 0x20, 
        0x61, 0x20, 0x72, 0x65, 0x66, 0x65, 0x72, 0x65, 0x6e, 0x63, 0x65, 0x2d, 
        0x63, 0x6f, 0x75, 0x6e, 0x74, 0x65, 0x64, 0x20, 0x62, 0x75, 0x66, 0x66, 
        0x65, 0x72, 0x2c, 0x20, 0x73, 0x6f, 0x20, 0x63, 0x6f, 0x70, 0x79, 0x69, 
        0x6e, 0x67, 0x20, 0x6f, 0x6e, 0x65, 0x20, 0x69, 0x73, 0x20, 0x61, 0x20, 
        0x72, 0x65, 0x74, 0x61, 0x69, 0x6e, 0x20, 0x72, 0x61, 0x74, 0x68, 0x65, 
        0x72, 0x0a, 0x20, 0x2a, 0x20, 0x20, 0x20, 0x20, 0x74, 0x68, 0x61, 0x6e, 
        0x20, 0x61, 0x20, 0x6d, 0x65, 0x6d, 0x63, 0x70, 0x79, 0x2c, 0x20, 0x61, 
        0x6e, 0x64, 0x20, 0x61, 0x20, 0x73, 0x75, 0x62, 0x73, 0x74, 0x72, 0x69, 
        0x6e, 0x67, 0x20, 0x73, 0x68, 0x61, 0x72, 0x65, 0x73, 0x20, 0x69, 0x74, 
        0x73, 0x20, 0x70, 0x61, 0x72, 0x65, 0x6e, 0x74, 0x27, 0x73, 0x20, 0x62, 
        0x79, 0x74, 0x65, 0x73, 0x20, 0x69, 0x6e, 0x73, 0x74, 0x65, 0x61, 0x64, 
        0x20, 0x6f, 0x66, 0x20, 0x64, 0x75, 0x70, 0x6c, 0x69, 0x63, 0x61, 0x74, 
        0x69, 0x6e, 0x67, 0x20, 0x74, 0x68, 0x65, 0x6d, 0x2e, 0x0a, 0x20, 0x2a, 
        0x20, 0x20, 0x2d, 0x20, 0x60, 0x73, 0x74, 0x72, 0x3a, 0x3a, 0x62, 0x75, 
        0x66, 0x60, 0x20, 0x69, 0x73, 0x20, 0x74, 0x68, 0x61, 0x74, 0x20, 0x62, 
        0x75, 0x66, 0x66, 0x65, 0x72, 0x2c, 0x20, 0x61, 0x6e, 0x64, 0x20, 0x74, 
        0x68, 0x65, 0x20, 0x6f, 0x6e, 0x6c, 0x79, 0x20, 0x6f, 0x6e, 0x65, 0x20, 
        0x6f, 0x66, 0x20, 0x74, 0x68, 0x65, 0x20, 0x74, 0x68, 0x72, 0x65, 0x65, 
        0x20, 0x74, 0x68, 0x61, 0x74, 0x20, 0x74, 0x6f, 0x75, 0x63, 0x68, 0x65, 
        0x73, 0x20, 0x72, 0x61, 0x77, 0x20, 0x6d, 0x65, 0x6d, 0x6f, 0x72, 0x79, 
        0x2e, 0x20, 0x49, 0x74, 0x20, 0x6c, 0x69, 0x76, 0x65, 0x73, 0x20, 0x69, 
        0x6e, 0x0a, 0x20, 0x2a, 0x20, 0x20, 0x20, 0x20, 0x73, 0x74, 0x72, 0x2e, 
        0x65, 0x63, 0x6f, 0x2c, 0x20, 0x62, 0x65, 0x63, 0x61, 0x75, 0x73, 0x65, 
        0x20, 0x61, 0x20, 0x6e, 0x61, 0x6d, 0x65, 0x73, 0x70, 0x61, 0x63, 0x65, 
        0x20, 0x69, 0x73, 0x20, 0x61, 0x20, 0x70, 0x72, 0x6f, 0x70, 0x65, 0x72, 
        0x74, 0x79, 0x20, 0x6f, 0x66, 0x20, 0x74, 0x68, 0x65, 0x20, 0x66, 0x69, 
        0x6c, 0x65, 0x3a, 0x20, 0x74, 0x68, 0x65, 0x20, 0x74, 0x77, 0x6f, 0x20, 
        0x74, 0x79, 0x70, 0x65, 0x73, 0x20, 0x68, 0x65, 0x72, 0x65, 0x20, 0x61, 
        0x72, 0x65, 0x20, 0x72, 0x6f, 0x6f, 0x74, 0x20, 0x76, 0x6f, 0x63, 0x61, 
        0x62, 0x75, 0x6c, 0x61, 0x72, 0x79, 0x0a, 0x20, 0x2a, 0x20, 0x20, 0x20, 
        0x20, 0x61, 0x6e, 0x64, 0x20, 0x74, 0x68, 0x65, 0x20, 0x62, 0x75, 0x66, 
        0x66, 0x65, 0x72, 0x20, 0x62, 0x65, 0x68, 0x69, 0x6e, 0x64, 0x20, 0x74, 
        0x68, 0x65, 0x6d, 0x20, 0x69, 0x73, 0x20, 0x6e, 0x6f, 0x74, 0x2e, 0x0a, 
        0x20, 0x2a, 0x0a, 0x20, 0x2a, 0x20, 0x41, 0x20, 0x2a, 0x2a, 0x73, 0x74, 
        0x72, 0x69, 0x6e, 0x67, 0x20, 0x6c, 0x69, 0x74, 0x65, 0x72, 0x61, 0x6c, 
        0x20, 0x69, 0x73, 0x20, 0x61, 0x20, 0x60, 0x73, 0x74, 0x72, 0x69, 0x6e, 
        0x67, 0x60, 0x2a, 0x2a, 0x2e, 0x20, 0x54, 0x68, 0x65, 0x20, 0x63, 0x6f, 
        0x6d, 0x70, 0x69, 0x6c, 0x65, 0x72, 0x20, 0x6c, 0x6f, 0x77, 0x65, 0x72, 
        0x73, 0x20, 0x60, 0x27, 0x68, 0x65, 0x79, 0x27, 0x60, 0x20, 0x74, 0x6f, 
        0x20, 0x61, 0x20, 0x63, 0x6f, 0x6e, 0x73, 0x74, 0x61, 0x6e, 0x74, 0x20, 
        0x2d, 0x20, 0x73, 0x74, 0x61, 0x74, 0x69, 0x63, 0x20, 0x62, 0x79, 0x74, 
        0x65, 0x73, 0x20, 0x69, 0x6e, 0x0a, 0x20, 0x2a, 0x20, 0x74, 0x68, 0x65, 
        0x20, 0x62, 0x69, 0x6e, 0x61, 0x72, 0x79, 0x2c, 0x20, 0x74, 0x68, 0x65, 
        0x20, 0x64, 0x65, 0x63, 0x6f, 0x64, 0x65, 0x64, 0x20, 0x62, 0x79, 0x74, 
        0x65, 0x20, 0x63, 0x6f, 0x75, 0x6e, 0x74, 0x2c, 0x20, 0x61, 0x6e, 0x64, 
        0x20, 0x61, 0x20, 0x2a, 0x6e, 0x75, 0x6c, 0x6c, 0x20, 0x6f, 0x77, 0x6e, 
        0x65, 0x72, 0x2a, 0x2e, 0x20, 0x4e, 0x6f, 0x74, 0x68, 0x69, 0x6e, 0x67, 
        0x20, 0x69, 0x73, 0x20, 0x61, 0x6c, 0x6c, 0x6f, 0x63, 0x61, 0x74, 0x65, 
        0x64, 0x20, 0x61, 0x6e, 0x64, 0x20, 0x6e, 0x6f, 0x20, 0x63, 0x6f, 0x75, 
        0x6e, 0x74, 0x20, 0x69, 0x73, 0x0a, 0x20, 0x2a, 0x20, 0x74, 0x6f, 0x75, 
        0x63, 0x68, 0x65, 0x64, 0x2c, 0x20, 0x77, 0x68, 0x69, 0x63, 0x68, 0x20, 
        0x69, 0x73, 0x20, 0x77, 0x68, 0x61, 0x74, 0x20, 0x6d, 0x61, 0x6b, 0x65, 
        0x73, 0x20, 0x60, 0x24, 0x6e, 0x61, 0x6d, 0x65, 0x20, 0x3d, 0x20, 0x27, 
        0x72, 0x61, 0x79, 0x27, 0x3b, 0x60, 0x20, 0x66, 0x72, 0x65, 0x65, 0x2e, 
        0x20, 0x49, 0x74, 0x20, 0x69, 0x73, 0x20, 0x61, 0x6c, 0x73, 0x6f, 0x20, 
        0x77, 0x68, 0x79, 0x20, 0x65, 0x76, 0x65, 0x72, 0x79, 0x20, 0x6d, 0x75, 
        0x74, 0x61, 0x74, 0x69, 0x6f, 0x6e, 0x20, 0x62, 0x65, 0x6c, 0x6f, 0x77, 
        0x20, 0x6f, 0x70, 0x65, 0x6e, 0x73, 0x0a, 0x20, 0x2a, 0x20, 0x77, 0x69, 
        0x74, 0x68, 0x20, 0x74, 0x68, 0x65, 0x20, 0x73, 0x61, 0x6d, 0x65, 0x20, 
        0x67, 0x61, 0x74, 0x65, 0x3a, 0x20, 0x61, 0x20, 0x6e, 0x75, 0x6c, 0x6c, 
        0x20, 0x6f, 0x77, 0x6e, 0x65, 0x72, 0x20, 0x6f, 0x77, 0x6e, 0x73, 0x20, 
        0x6e, 0x6f, 0x74, 0x68, 0x69, 0x6e, 0x67, 0x2c, 0x20, 0x73, 0x6f, 0x20, 
        0x69, 0x74, 0x20, 0x69, 0x73, 0x20, 0x6e, 0x6f, 0x74, 0x20, 0x75, 0x6e, 
        0x69, 0x71, 0x75, 0x65, 0x6c, 0x79, 0x20, 0x6f, 0x77, 0x6e, 0x65, 0x64, 
        0x2c, 0x20, 0x61, 0x6e, 0x64, 0x20, 0x77, 0x72, 0x69, 0x74, 0x69, 0x6e, 
        0x67, 0x20, 0x74, 0x68, 0x72, 0x6f, 0x75, 0x67, 0x68, 0x0a, 0x20, 0x2a, 
        0x20, 0x69, 0x74, 0x20, 0x77, 0x6f, 0x75, 0x6c, 0x64, 0x20, 0x73, 0x63, 
        0x72, 0x69, 0x62, 0x62, 0x6c, 0x65, 0x20, 0x6f, 0x6e, 0x20, 0x74, 0x68, 
        0x65, 0x20, 0x70, 0x72, 0x6f, 0x67, 0x72, 0x61, 0x6d, 0x27, 0x73, 0x20, 
        0x6f, 0x77, 0x6e, 0x20, 0x69, 0x6d, 0x61, 0x67, 0x65, 0x2e, 0x0a, 0x20, 
        0x2a, 0x0a, 0x20, 0x2a, 0x20, 0x53, 0x69, 0x7a, 0x65, 0x73, 0x20, 0x61, 
        0x72, 0x65, 0x20, 0x2a, 0x2a, 0x62, 0x79, 0x74, 0x65, 0x73, 0x2a, 0x2a, 
        0x2c, 0x20, 0x6e, 0x65, 0x76, 0x65, 0x72, 0x20, 0x63, 0x68, 0x61, 0x72, 
        0x61, 0x63, 0x74, 0x65, 0x72, 0x73, 0x2e, 0x20, 0x60, 0x2d, 0x3e, 0x73, 
        0x69, 0x7a, 0x65, 0x28, 0x29, 0x60, 0x20, 0x69, 0x73, 0x20, 0x4f, 0x28, 
        0x31, 0x29, 0x20, 0x61, 0x6e, 0x64, 0x20, 0x60, 0x2d, 0x3e, 0x63, 0x68, 
        0x61, 0x72, 0x5f, 0x63, 0x6f, 0x75, 0x6e, 0x74, 0x28, 0x29, 0x60, 0x20, 
        0x69, 0x73, 0x20, 0x61, 0x20, 0x77, 0x61, 0x6c, 0x6b, 0x3b, 0x20, 0x74, 
        0x68, 0x61, 0x74, 0x0a, 0x20, 0x2a, 0x20, 0x74, 0x68, 0x65, 0x20, 0x74, 
        0x77, 0x6f, 0x20, 0x64, 0x69, 0x73, 0x61, 0x67, 0x72, 0x65, 0x65, 0x20, 
        0x69, 0x73, 0x20, 0x74, 0x68, 0x65, 0x20, 0x70, 0x6f, 0x69, 0x6e, 0x74, 
        0x20, 0x72, 0x61, 0x74, 0x68, 0x65, 0x72, 0x20, 0x74, 0x68, 0x61, 0x6e, 
        0x20, 0x61, 0x6e, 0x20, 0x6f, 0x76, 0x65, 0x72, 0x73, 0x69, 0x67, 0x68, 
        0x74, 0x20, 0x2d, 0x20, 0x60, 0x27, 0x68, 0xc3, 0xa9, 0x6c, 0x6c, 0x6f, 
        0x27, 0x60, 0x20, 0x69, 0x73, 0x20, 0x66, 0x69, 0x76, 0x65, 0x20, 0x63, 
        0x68, 0x61, 0x72, 0x61, 0x63, 0x74, 0x65, 0x72, 0x73, 0x20, 0x69, 0x6e, 
        0x20, 0x73, 0x69, 0x78, 0x0a, 0x20, 0x2a, 0x20, 0x62, 0x79, 0x74, 0x65, 
        0x73, 0x2e, 0x20, 0x4e, 0x6f, 0x74, 0x68, 0x69, 0x6e, 0x67, 0x20, 0x68, 
        0x65, 0x72, 0x65, 0x20, 0x76, 0x61, 0x6c, 0x69, 0x64, 0x61, 0x74, 0x65, 
        0x73, 0x20, 0x55, 0x54, 0x46, 0x2d, 0x38, 0x2c, 0x20, 0x61, 0x6e, 0x64, 
        0x20, 0x6e, 0x6f, 0x74, 0x68, 0x69, 0x6e, 0x67, 0x20, 0x68, 0x65, 0x72, 
        0x65, 0x20, 0x6e, 0x6f, 0x72, 0x6d, 0x61, 0x6c, 0x69, 0x7a, 0x65, 0x73, 
        0x20, 0x6f, 0x72, 0x20, 0x63, 0x61, 0x73, 0x65, 0x2d, 0x66, 0x6f, 0x6c, 
        0x64, 0x73, 0x2e, 0x0a, 0x20, 0x2a, 0x0a, 0x20, 0x2a, 0x20, 0x60, 0x23, 
        0x5b, 0x63, 0x6f, 0x72, 0x65, 0x3a, 0x20, 0x22, 0x73, 0x74, 0x72, 0x69, 
        0x6e, 0x67, 0x22, 0x5d, 0x60, 0x20, 0x61, 0x6e, 0x64, 0x20, 0x60, 0x23, 
        0x5b, 0x63, 0x6f, 0x72, 0x65, 0x3a, 0x20, 0x22, 0x73, 0x74, 0x72, 0x69, 
        0x6e, 0x67, 0x5f, 0x76, 0x69, 0x65, 0x77, 0x22, 0x5d, 0x60, 0x20, 0x61, 
        0x72, 0x65, 0x20, 0x68, 0x6f, 0x77, 0x20, 0x74, 0x68, 0x65, 0x20, 0x63, 
        0x6f, 0x6d, 0x70, 0x69, 0x6c, 0x65, 0x72, 0x20, 0x66, 0x69, 0x6e, 0x64, 
        0x73, 0x20, 0x74, 0x68, 0x65, 0x73, 0x65, 0x20, 0x74, 0x77, 0x6f, 0x20, 
        0x77, 0x69, 0x74, 0x68, 0x6f, 0x75, 0x74, 0x0a, 0x20, 0x2a, 0x20, 0x68, 
        0x61, 0x72, 0x64, 0x63, 0x6f, 0x64, 0x69, 0x6e, 0x67, 0x20, 0x61, 0x20, 
        0x6e, 0x61, 0x6d, 0x65, 0x20, 0x2d, 0x20, 0x61, 0x20, 0x6c, 0x69, 0x74, 
        0x65, 0x72, 0x61, 0x6c, 0x27, 0x73, 0x20, 0x74, 0x79, 0x70, 0x65, 0x2c, 
        0x20, 0x60, 0x65, 0x63, 0x68, 0x6f, 0x60, 0x27, 0x73, 0x20, 0x6f, 0x6e, 
        0x65, 0x20, 0x6e, 0x6f, 0x6e, 0x2d, 0x70, 0x72, 0x69, 0x6d, 0x69, 0x74, 
        0x69, 0x76, 0x65, 0x20, 0x63, 0x61, 0x73, 0x65, 0x2e, 0x20, 0x49, 0x74, 
        0x20, 0x72, 0x65, 0x73, 0x6f, 0x6c, 0x76, 0x65, 0x73, 0x20, 0x74, 0x68, 
        0x65, 0x20, 0x73, 0x68, 0x61, 0x70, 0x65, 0x0a, 0x20, 0x2a, 0x20, 0x2a, 
        0x2a, 0x62, 0x79, 0x20, 0x70, 0x72, 0x6f, 0x70, 0x65, 0x72, 0x74, 0x79, 
        0x20, 0x6e, 0x61, 0x6d, 0x65, 0x2a, 0x2a, 0x20, 0x28, 0x60, 0x41, 0x53, 
        0x54, 0x3a, 0x3a, 0x72, 0x65, 0x73, 0x6f, 0x6c, 0x76, 0x65, 0x5f, 0x63, 
        0x6f, 0x72, 0x65, 0x5f, 0x73, 0x74, 0x72, 0x69, 0x6e, 0x67, 0x5f, 0x6c, 
        0x61, 0x79, 0x6f, 0x75, 0x74, 0x60, 0x29, 0x3a, 0x20, 0x60, 0x24, 0x77, 
        0x69, 0x6e, 0x64, 0x6f, 0x77, 0x60, 0x20, 0x61, 0x6e, 0x64, 0x20, 0x60, 
        0x24, 0x6f, 0x77, 0x6e, 0x65, 0x72, 0x60, 0x20, 0x68, 0x65, 0x72, 0x65, 
        0x2c, 0x20, 0x60, 0x24, 0x62, 0x79, 0x74, 0x65, 0x73, 0x60, 0x0a, 0x20, 
        0x2a, 0x20, 0x61, 0x6e, 0x64, 0x20, 0x60, 0x24, 0x73, 0x69, 0x7a, 0x65, 
        0x60, 0x20, 0x6f, 0x6e, 0x20, 0x74, 0x68, 0x65, 0x20, 0x76, 0x69, 0x65, 
        0x77, 0x2e, 0x20, 0x53, 0x6f, 0x20, 0x74, 0x68, 0x65, 0x20, 0x66, 0x69, 
        0x65, 0x6c, 0x64, 0x73, 0x20, 0x6d, 0x61, 0x79, 0x20, 0x62, 0x65, 0x20, 
        0x72, 0x65, 0x6f, 0x72, 0x64, 0x65, 0x72, 0x65, 0x64, 0x20, 0x62, 0x75, 
        0x74, 0x20, 0x6e, 0x6f, 0x74, 0x20, 0x72, 0x65, 0x6e, 0x61, 0x6d, 0x65, 
        0x64, 0x2c, 0x20, 0x60, 0x24, 0x77, 0x69, 0x6e, 0x64, 0x6f, 0x77, 0x60, 
        0x20, 0x68, 0x61, 0x73, 0x20, 0x74, 0x6f, 0x20, 0x2a, 0x62, 0x65, 0x2a, 
        0x0a, 0x20, 0x2a, 0x20, 0x74, 0x68, 0x65, 0x20, 0x76, 0x69, 0x65, 0x77, 
        0x20, 0x74, 0x79, 0x70, 0x65, 0x2c, 0x20, 0x61, 0x6e, 0x64, 0x20, 0x60, 
        0x24, 0x6f, 0x77, 0x6e, 0x65, 0x72, 0x60, 0x20, 0x68, 0x61, 0x73, 0x20, 
        0x74, 0x6f, 0x20, 0x73, 0x74, 0x61, 0x79, 0x20, 0x61, 0x20, 0x63, 0x6c, 
        0x61, 0x73, 0x73, 0x20, 0x2d, 0x20, 0x61, 0x20, 0x63, 0x6c, 0x61, 0x73, 
        0x73, 0x20, 0x69, 0x73, 0x20, 0x77, 0x68, 0x61, 0x74, 0x20, 0x63, 0x61, 
        0x72, 0x72, 0x69, 0x65, 0x73, 0x20, 0x61, 0x20, 0x72, 0x65, 0x66, 0x65, 
        0x72, 0x65, 0x6e, 0x63, 0x65, 0x20, 0x63, 0x6f, 0x75, 0x6e, 0x74, 0x2e, 
        0x0a, 0x20, 0x2a, 0x0a, 0x20, 0x2a, 0x20, 0x54, 0x77, 0x6f, 0x20, 0x73, 
        0x68, 0x61, 0x70, 0x65, 0x73, 0x20, 0x72, 0x65, 0x63, 0x75, 0x72, 0x20, 
        0x62, 0x65, 0x6c, 0x6f, 0x77, 0x20, 0x61, 0x6e, 0x64, 0x20, 0x61, 0x72, 
        0x65, 0x20, 0x64, 0x65, 0x6c, 0x69, 0x62, 0x65, 0x72, 0x61, 0x74, 0x65, 
        0x20, 0x72, 0x61, 0x74, 0x68, 0x65, 0x72, 0x20, 0x74, 0x68, 0x61, 0x6e, 
        0x20, 0x63, 0x6c, 0x75, 0x6d, 0x73, 0x79, 0x3a, 0x0a, 0x20, 0x2a, 0x0a, 
        0x20, 0x2a, 0x20, 0x20, 0x2d, 0x20, 0x61, 0x20, 0x60, 0x62, 0x6f, 0x6f, 
        0x6c, 0x60, 0x20, 0x69, 0x73, 0x20, 0x61, 0x20, 0x62, 0x72, 0x61, 0x6e, 
        0x63, 0x68, 0x20, 0x61, 0x6e, 0x64, 0x20, 0x74, 0x77, 0x6f, 0x20, 0x60, 
        0x72, 0x65, 0x74, 0x75, 0x72, 0x6e, 0x60, 0x73, 0x2c, 0x20, 0x6e, 0x65, 
        0x76, 0x65, 0x72, 0x20, 0x60, 0x72, 0x65, 0x74, 0x75, 0x72, 0x6e, 0x20, 
        0x24, 0x61, 0x20, 0x3d, 0x3d, 0x20, 0x24, 0x62, 0x3b, 0x60, 0x2e, 0x20, 
        0x41, 0x20, 0x60, 0x72, 0x65, 0x74, 0x75, 0x72, 0x6e, 0x60, 0x20, 0x74, 
        0x79, 0x70, 0x65, 0x73, 0x20, 0x69, 0x74, 0x73, 0x0a, 0x20, 0x2a, 0x20, 
        0x20, 0x20, 0x20, 0x6c, 0x69, 0x74, 0x65, 0x72, 0x61, 0x6c, 0x73, 0x20, 
        0x61, 0x67, 0x61, 0x69, 0x6e, 0x73, 0x74, 0x20, 0x74, 0x68, 0x65, 0x20, 
        0x64, 0x65, 0x63, 0x6c, 0x61, 0x72, 0x65, 0x64, 0x20, 0x72, 0x65, 0x74, 
        0x75, 0x72, 0x6e, 0x20, 0x74, 0x79, 0x70, 0x65, 0x2c, 0x20, 0x61, 0x6e, 
        0x64, 0x20, 0x74, 0x68, 0x65, 0x72, 0x65, 0x20, 0x69, 0x73, 0x20, 0x6e, 
        0x6f, 0x20, 0x72, 0x65, 0x61, 0x73, 0x6f, 0x6e, 0x20, 0x74, 0x6f, 0x20, 
        0x66, 0x69, 0x6e, 0x64, 0x20, 0x6f, 0x75, 0x74, 0x20, 0x74, 0x68, 0x65, 
        0x20, 0x68, 0x61, 0x72, 0x64, 0x20, 0x77, 0x61, 0x79, 0x0a, 0x20, 0x2a, 
        0x20, 0x20, 0x20, 0x20, 0x77, 0x68, 0x69, 0x63, 0x68, 0x20, 0x73, 0x69, 
        0x64, 0x65, 0x20, 0x6f, 0x66, 0x20, 0x74, 0x68, 0x61, 0x74, 0x20, 0x61, 
        0x20, 0x63, 0x6f, 0x6d, 0x70, 0x61, 0x72, 0x69, 0x73, 0x6f, 0x6e, 0x20, 
        0x6c, 0x61, 0x6e, 0x64, 0x73, 0x20, 0x6f, 0x6e, 0x2e, 0x0a, 0x20, 0x2a, 
        0x20, 0x20, 0x2d, 0x20, 0x6e, 0x6f, 0x20, 0x63, 0x6f, 0x6d, 0x70, 0x61, 
        0x72, 0x69, 0x73, 0x6f, 0x6e, 0x20, 0x62, 0x65, 0x74, 0x77, 0x65, 0x65, 
        0x6e, 0x20, 0x74, 0x77, 0x6f, 0x20, 0x60, 0x75, 0x69, 0x6e, 0x74, 0x38, 
        0x60, 0x73, 0x20, 0x69, 0x73, 0x20, 0x65, 0x76, 0x65, 0x72, 0x20, 0x60, 
        0x3c, 0x60, 0x20, 0x6f, 0x72, 0x20, 0x60, 0x3e, 0x60, 0x2e, 0x20, 0x49, 
        0x6e, 0x74, 0x65, 0x67, 0x65, 0x72, 0x20, 0x63, 0x6f, 0x6d, 0x70, 0x61, 
        0x72, 0x69, 0x73, 0x6f, 0x6e, 0x20, 0x6c, 0x6f, 0x77, 0x65, 0x72, 0x73, 
        0x20, 0x2a, 0x73, 0x69, 0x67, 0x6e, 0x65, 0x64, 0x2a, 0x2c, 0x20, 0x73, 
        0x6f, 0x0a, 0x20, 0x2a, 0x20, 0x20, 0x20, 0x20, 0x60, 0x30, 0x78, 0x66, 
        0x66, 0x60, 0x20, 0x77, 0x6f, 0x75, 0x6c, 0x64, 0x20, 0x72, 0x65, 0x61, 
        0x64, 0x20, 0x61, 0x73, 0x20, 0x2d, 0x31, 0x3b, 0x20, 0x6f, 0x6e, 0x6c, 
        0x79, 0x20, 0x60, 0x3d, 0x3d, 0x60, 0x20, 0x61, 0x6e, 0x64, 0x20, 0x60, 
        0x21, 0x3d, 0x60, 0x2c, 0x20, 0x77, 0x68, 0x69, 0x63, 0x68, 0x20, 0x64, 
        0x6f, 0x20, 0x6e, 0x6f, 0x74, 0x20, 0x63, 0x6f, 0x6e, 0x73, 0x75, 0x6c, 
        0x74, 0x20, 0x73, 0x69, 0x67, 0x6e, 0x65, 0x64, 0x6e, 0x65, 0x73, 0x73, 
        0x2c, 0x20, 0x61, 0x72, 0x65, 0x20, 0x73, 0x61, 0x66, 0x65, 0x20, 0x6f, 
        0x6e, 0x20, 0x61, 0x0a, 0x20, 0x2a, 0x20, 0x20, 0x20, 0x20, 0x62, 0x79, 
        0x74, 0x65, 0x2e, 0x20, 0x43, 0x6f, 0x6d, 0x70, 0x61, 0x72, 0x69, 0x6e, 
        0x67, 0x20, 0x61, 0x20, 0x62, 0x79, 0x74, 0x65, 0x20, 0x61, 0x67, 0x61, 
        0x69, 0x6e, 0x73, 0x74, 0x20, 0x61, 0x6e, 0x20, 0x69, 0x6e, 0x74, 0x65, 
        0x67, 0x65, 0x72, 0x20, 0x2a, 0x6c, 0x69, 0x74, 0x65, 0x72, 0x61, 0x6c, 
        0x2a, 0x20, 0x69, 0x73, 0x20, 0x66, 0x69, 0x6e, 0x65, 0x20, 0x2d, 0x20, 
        0x69, 0x74, 0x20, 0x77, 0x69, 0x64, 0x65, 0x6e, 0x73, 0x20, 0x74, 0x6f, 
        0x20, 0x69, 0x6e, 0x74, 0x33, 0x32, 0x20, 0x66, 0x69, 0x72, 0x73, 0x74, 
        0x2c, 0x20, 0x61, 0x6e, 0x64, 0x0a, 0x20, 0x2a, 0x20, 0x20, 0x20, 0x20, 
        0x74, 0x68, 0x65, 0x20, 0x77, 0x69, 0x64, 0x65, 0x6e, 0x69, 0x6e, 0x67, 
        0x20, 0x66, 0x6f, 0x6c, 0x6c, 0x6f, 0x77, 0x73, 0x20, 0x74, 0x68, 0x65, 
        0x20, 0x73, 0x6f, 0x75, 0x72, 0x63, 0x65, 0x27, 0x73, 0x20, 0x73, 0x69, 
        0x67, 0x6e, 0x65, 0x64, 0x6e, 0x65, 0x73, 0x73, 0x2c, 0x20, 0x73, 0x6f, 
        0x20, 0x61, 0x20, 0x60, 0x75, 0x69, 0x6e, 0x74, 0x38, 0x60, 0x20, 0x7a, 
        0x65, 0x72, 0x6f, 0x2d, 0x65, 0x78, 0x74, 0x65, 0x6e, 0x64, 0x73, 0x2e, 
        0x0a, 0x20, 0x2a, 0x2f, 0x0a, 0x0a, 0x2f, 0x2a, 0x2a, 0x0a, 0x20, 0x2a, 
        0x20, 0x41, 0x6e, 0x20, 0x6f, 0x77, 0x6e, 0x69, 0x6e, 0x67, 0x2c, 0x20, 
        0x72, 0x65, 0x66, 0x65, 0x72, 0x65, 0x6e, 0x63, 0x65, 0x2d, 0x63, 0x6f, 
        0x75, 0x6e, 0x74, 0x65, 0x64, 0x2c, 0x20, 0x63, 0x6f, 0x70, 0x79, 0x2d, 
        0x6f, 0x6e, 0x2d, 0x77, 0x72, 0x69, 0x74, 0x65, 0x20, 0x73, 0x74, 0x72, 
        0x69, 0x6e, 0x67, 0x2e, 0x0a, 0x20, 0x2a, 0x0a, 0x20, 0x2a, 0x20, 0x2a, 
        0x2a, 0x54, 0x68, 0x69, 0x73, 0x20, 0x74, 0x79, 0x70, 0x65, 0x20, 0x64, 
        0x65, 0x63, 0x6c, 0x61, 0x72, 0x65, 0x73, 0x20, 0x6e, 0x6f, 0x20, 0x64, 
        0x65, 0x73, 0x74, 0x72, 0x75, 0x63, 0x74, 0x6f, 0x72, 0x2c, 0x20, 0x61, 
        0x6e, 0x64, 0x20, 0x6d, 0x75, 0x73, 0x74, 0x20, 0x6e, 0x6f, 0x74, 0x2e, 
        0x2a, 0x2a, 0x20, 0x41, 0x20, 0x64, 0x65, 0x63, 0x6c, 0x61, 0x72, 0x65, 
        0x64, 0x20, 0x64, 0x65, 0x73, 0x74, 0x72, 0x75, 0x63, 0x74, 0x6f, 0x72, 
        0x20, 0x64, 0x69, 0x73, 0x71, 0x75, 0x61, 0x6c, 0x69, 0x66, 0x69, 0x65, 
        0x73, 0x20, 0x74, 0x68, 0x65, 0x0a, 0x20, 0x2a, 0x20, 0x73, 0x79, 0x6e, 
        0x74, 0x68, 0x65, 0x73, 0x69, 0x7a, 0x65, 0x64, 0x20, 0x63, 0x6f, 0x70, 
        0x79, 0x20, 0x28, 0x60, 0x41, 0x53, 0x54, 0x3a, 0x3a, 0x63, 0x6f, 0x70, 
        0x79, 0x5f, 0x69, 0x73, 0x5f, 0x73, 0x79, 0x6e, 0x74, 0x68, 0x65, 0x73, 
        0x69, 0x7a, 0x61, 0x62, 0x6c, 0x65, 0x60, 0x29, 0x2c, 0x20, 0x61, 0x6e, 
        0x64, 0x20, 0x74, 0x68, 0x65, 0x20, 0x73, 0x79, 0x6e, 0x74, 0x68, 0x65, 
        0x73, 0x69, 0x7a, 0x65, 0x64, 0x20, 0x63, 0x6f, 0x70, 0x79, 0x20, 0x2d, 
        0x20, 0x61, 0x20, 0x73, 0x74, 0x72, 0x75, 0x63, 0x74, 0x20, 0x77, 0x68, 
        0x6f, 0x73, 0x65, 0x20, 0x6f, 0x6e, 0x6c, 0x79, 0x0a, 0x20, 0x2a, 0x20, 
        0x6f, 0x77, 0x6e, 0x69, 0x6e, 0x67, 0x20, 0x70, 0x72, 0x6f, 0x70, 0x65, 
        0x72, 0x74, 0x79, 0x20, 0x69, 0x73, 0x20, 0x61, 0x20, 0x63, 0x6c, 0x61, 
        0x73, 0x73, 0x20, 0x2d, 0x20, 0x69, 0x73, 0x20, 0x65, 0x78, 0x61, 0x63, 
        0x74, 0x6c, 0x79, 0x20, 0x77, 0x68, 0x61, 0x74, 0x20, 0x6d, 0x61, 0x6b, 
        0x65, 0x73, 0x20, 0x60, 0x24, 0x62, 0x20, 0x3d, 0x20, 0x24, 0x61, 0x3b, 
        0x60, 0x20, 0x6f, 0x6e, 0x65, 0x20, 0x72, 0x65, 0x74, 0x61, 0x69, 0x6e, 
        0x20, 0x6f, 0x66, 0x20, 0x74, 0x68, 0x65, 0x20, 0x62, 0x75, 0x66, 0x66, 
        0x65, 0x72, 0x20, 0x72, 0x61, 0x74, 0x68, 0x65, 0x72, 0x0a, 0x20, 0x2a, 
        0x20, 0x74, 0x68, 0x61, 0x6e, 0x20, 0x61, 0x20, 0x64, 0x75, 0x70, 0x6c, 
        0x69, 0x63, 0x61, 0x74, 0x65, 0x64, 0x20, 0x61, 0x6c, 0x6c, 0x6f, 0x63, 
        0x61, 0x74, 0x69, 0x6f, 0x6e, 0x2e, 0x20, 0x54, 0x68, 0x65, 0x20, 0x60, 
        0x73, 0x74, 0x72, 0x3a, 0x3a, 0x62, 0x75, 0x66, 0x60, 0x20, 0x68, 0x61, 
        0x6e, 0x64, 0x6c, 0x65, 0x20, 0x69, 0x73, 0x20, 0x72, 0x65, 0x6c, 0x65, 
        0x61, 0x73, 0x65, 0x64, 0x20, 0x61, 0x74, 0x20, 0x73, 0x63, 0x6f, 0x70, 
        0x65, 0x20, 0x65, 0x78, 0x69, 0x74, 0x20, 0x65, 0x69, 0x74, 0x68, 0x65, 
        0x72, 0x20, 0x77, 0x61, 0x79, 0x2e, 0x0a, 0x20, 0x2a, 0x2f, 0x0a, 0x23, 
        0x5b, 0x63, 0x6f, 0x72, 0x65, 0x3a, 0x20, 0x22, 0x73, 0x74, 0x72, 0x69, 
        0x6e, 0x67, 0x22, 0x5d, 0x0a, 0x73, 0x74, 0x72, 0x75, 0x63, 0x74, 0x20, 
        0x73, 0x74, 0x72, 0x69, 0x6e, 0x67, 0x0a, 0x7b, 0x0a, 0x20, 0x20, 0x20, 
        0x20, 0x2f, 0x2a, 0x2a, 0x0a, 0x20, 0x20, 0x20, 0x20, 0x20, 0x2a, 0x20, 
        0x41, 0x20, 0x77, 0x69, 0x6e, 0x64, 0x6f, 0x77, 0x20, 0x6f, 0x76, 0x65, 
        0x72, 0x20, 0x62, 0x79, 0x74, 0x65, 0x73, 0x20, 0x73, 0x6f, 0x6d, 0x65, 
        0x6f, 0x6e, 0x65, 0x20, 0x65, 0x6c, 0x73, 0x65, 0x20, 0x6f, 0x77, 0x6e, 
        0x73, 0x2e, 0x0a, 0x20, 0x20, 0x20, 0x20, 0x20, 0x2a, 0x0a, 0x20, 0x20, 
        0x20, 0x20, 0x20, 0x2a, 0x20, 0x54, 0x77, 0x6f, 0x20, 0x77, 0x6f, 0x72, 
        0x64, 0x73, 0x2c, 0x20, 0x6f, 0x77, 0x6e, 0x69, 0x6e, 0x67, 0x20, 0x6e, 
        0x6f, 0x74, 0x68, 0x69, 0x6e, 0x67, 0x3a, 0x20, 0x63, 0x6f, 0x70, 0x79, 
        0x69, 0x6e, 0x67, 0x20, 0x6f, 0x6e, 0x65, 0x20, 0x69, 0x73, 0x20, 0x66, 
        0x72, 0x65, 0x65, 0x2c, 0x20, 0x70, 0x61, 0x73, 0x73, 0x69, 0x6e, 0x67, 
        0x20, 0x6f, 0x6e, 0x65, 0x20, 0x63, 0x6f, 0x73, 0x74, 0x73, 0x20, 0x6e, 
        0x6f, 0x20, 0x72, 0x65, 0x66, 0x65, 0x72, 0x65, 0x6e, 0x63, 0x65, 0x20, 
        0x63, 0x6f, 0x75, 0x6e, 0x74, 0x2c, 0x20, 0x61, 0x6e, 0x64, 0x0a, 0x20, 
        0x20, 0x20, 0x20, 0x20, 0x2a, 0x20, 0x64, 0x72, 0x6f, 0x70, 0x70, 0x69, 
        0x6e, 0x67, 0x20, 0x6f, 0x6e, 0x65, 0x20, 0x64, 0x6f, 0x65, 0x73, 0x20, 
        0x6e, 0x6f, 0x74, 0x68, 0x69, 0x6e, 0x67, 0x20, 0x61, 0x74, 0x20, 0x61, 
        0x6c, 0x6c, 0x2e, 0x20, 0x54, 0x68, 0x61, 0x74, 0x20, 0x69, 0x73, 0x20, 
        0x74, 0x68, 0x65, 0x20, 0x63, 0x6f, 0x73, 0x74, 0x20, 0x6d, 0x6f, 0x64, 
        0x65, 0x6c, 0x20, 0x74, 0x68, 0x65, 0x20, 0x74, 0x79, 0x70, 0x65, 0x20, 
        0x65, 0x78, 0x69, 0x73, 0x74, 0x73, 0x20, 0x66, 0x6f, 0x72, 0x2e, 0x0a, 
        0x20, 0x20, 0x20, 0x20, 0x20, 0x2a, 0x0a, 0x20, 0x20, 0x20, 0x20, 0x20, 
        0x2a, 0x20, 0x54, 0x68, 0x65, 0x20, 0x6f, 0x74, 0x68, 0x65, 0x72, 0x20, 
        0x68, 0x61, 0x6c, 0x66, 0x20, 0x6f, 0x66, 0x20, 0x69, 0x74, 0x20, 0x69, 
        0x73, 0x20, 0x74, 0x68, 0x61, 0x74, 0x20, 0x61, 0x20, 0x76, 0x69, 0x65, 
        0x77, 0x20, 0x6b, 0x65, 0x65, 0x70, 0x73, 0x20, 0x2a, 0x6e, 0x6f, 0x74, 
        0x68, 0x69, 0x6e, 0x67, 0x2a, 0x20, 0x61, 0x6c, 0x69, 0x76, 0x65, 0x2e, 
        0x20, 0x49, 0x74, 0x20, 0x69, 0x73, 0x20, 0x76, 0x61, 0x6c, 0x69, 0x64, 
        0x20, 0x6f, 0x6e, 0x6c, 0x79, 0x20, 0x77, 0x68, 0x69, 0x6c, 0x65, 0x20, 
        0x77, 0x68, 0x61, 0x74, 0x65, 0x76, 0x65, 0x72, 0x0a, 0x20, 0x20, 0x20, 
        0x20, 0x20, 0x2a, 0x20, 0x6f, 0x77, 0x6e, 0x73, 0x20, 0x74, 0x68, 0x65, 
        0x20, 0x62, 0x79, 0x74, 0x65, 0x73, 0x20, 0x69, 0x73, 0x20, 0x2d, 0x20, 
        0x61, 0x20, 0x60, 0x73, 0x74, 0x72, 0x69, 0x6e, 0x67, 0x60, 0x20, 0x74, 
        0x68, 0x61, 0x74, 0x20, 0x68, 0x61, 0x73, 0x20, 0x6e, 0x6f, 0x74, 0x20, 
        0x62, 0x65, 0x65, 0x6e, 0x20, 0x64, 0x72, 0x6f, 0x70, 0x70, 0x65, 0x64, 
        0x2c, 0x20, 0x6f, 0x72, 0x2c, 0x20, 0x66, 0x6f, 0x72, 0x20, 0x61, 0x20, 
        0x6c, 0x69, 0x74, 0x65, 0x72, 0x61, 0x6c, 0x2c, 0x20, 0x74, 0x68, 0x65, 
        0x20, 0x62, 0x69, 0x6e, 0x61, 0x72, 0x79, 0x0a, 0x20, 0x20, 0x20, 0x20, 
        0x20, 0x2a, 0x20, 0x69, 0x74, 0x73, 0x65, 0x6c, 0x66, 0x2e, 0x20, 0x47, 
        0x72, 0x6f, 0x77, 0x69, 0x6e, 0x67, 0x20, 0x74, 0x68, 0x65, 0x20, 0x62, 
        0x75, 0x66, 0x66, 0x65, 0x72, 0x20, 0x62, 0x65, 0x68, 0x69, 0x6e, 0x64, 
        0x20, 0x69, 0x74, 0x20, 0x69, 0x6e, 0x76, 0x61, 0x6c, 0x69, 0x64, 0x61, 
        0x74, 0x65, 0x73, 0x20, 0x69, 0x74, 0x20, 0x74, 0x6f, 0x6f, 0x2e, 0x0a, 
        0x20, 0x20, 0x20, 0x20, 0x20, 0x2a, 0x0a, 0x20, 0x20, 0x20, 0x20, 0x20, 
        0x2a, 0x20, 0x54, 0x68, 0x65, 0x72, 0x65, 0x20, 0x69, 0x73, 0x20, 0x6e, 
        0x6f, 0x20, 0x60, 0x73, 0x69, 0x7a, 0x65, 0x28, 0x29, 0x60, 0x20, 0x6d, 
        0x65, 0x74, 0x68, 0x6f, 0x64, 0x20, 0x68, 0x65, 0x72, 0x65, 0x20, 0x6f, 
        0x6e, 0x20, 0x70, 0x75, 0x72, 0x70, 0x6f, 0x73, 0x65, 0x2c, 0x20, 0x6f, 
        0x6e, 0x6c, 0x79, 0x20, 0x74, 0x68, 0x65, 0x20, 0x60, 0x24, 0x73, 0x69, 
        0x7a, 0x65, 0x60, 0x20, 0x70, 0x72, 0x6f, 0x70, 0x65, 0x72, 0x74, 0x79, 
        0x3a, 0x20, 0x61, 0x20, 0x76, 0x69, 0x65, 0x77, 0x20, 0x69, 0x73, 0x20, 
        0x74, 0x77, 0x6f, 0x20, 0x70, 0x75, 0x62, 0x6c, 0x69, 0x63, 0x0a, 0x20, 
        0x20, 0x20, 0x20, 0x20, 0x2a, 0x20, 0x77, 0x6f, 0x72, 0x64, 0x73, 0x20, 
        0x61, 0x6e, 0x64, 0x20, 0x68, 0x69, 0x64, 0x65, 0x73, 0x20, 0x6e, 0x6f, 
        0x74, 0x68, 0x69, 0x6e, 0x67, 0x2c, 0x20, 0x73, 0x6f, 0x20, 0x61, 0x20, 
        0x72, 0x65, 0x61, 0x64, 0x65, 0x72, 0x20, 0x77, 0x61, 0x6e, 0x74, 0x69, 
        0x6e, 0x67, 0x20, 0x74, 0x68, 0x65, 0x20, 0x63, 0x6f, 0x75, 0x6e, 0x74, 
        0x20, 0x77, 0x72, 0x69, 0x74, 0x65, 0x73, 0x20, 0x60, 0x24, 0x76, 0x2d, 
        0x3e, 0x73, 0x69, 0x7a, 0x65, 0x60, 0x2e, 0x20, 0x60, 0x73, 0x74, 0x72, 
        0x69, 0x6e, 0x67, 0x60, 0x20, 0x68, 0x61, 0x73, 0x20, 0x74, 0x68, 0x65, 
        0x0a, 0x20, 0x20, 0x20, 0x20, 0x20, 0x2a, 0x20, 0x6d, 0x65, 0x74, 0x68, 
        0x6f, 0x64, 0x20, 0x62, 0x65, 0x63, 0x61, 0x75, 0x73, 0x65, 0x20, 0x69, 
        0x74, 0x73, 0x20, 0x63, 0x6f, 0x75, 0x6e, 0x74, 0x20, 0x6c, 0x69, 0x76, 
        0x65, 0x73, 0x20, 0x6f, 0x6e, 0x65, 0x20, 0x6c, 0x65, 0x76, 0x65, 0x6c, 
        0x20, 0x64, 0x6f, 0x77, 0x6e, 0x2c, 0x20, 0x69, 0x6e, 0x20, 0x74, 0x68, 
        0x65, 0x20, 0x77, 0x69, 0x6e, 0x64, 0x6f, 0x77, 0x2e, 0x0a, 0x20, 0x20, 
        0x20, 0x20, 0x20, 0x2a, 0x2f, 0x0a, 0x20, 0x20, 0x20, 0x20, 0x23, 0x5b, 
        0x63, 0x6f, 0x72, 0x65, 0x3a, 0x20, 0x22, 0x73, 0x74, 0x72, 0x69, 0x6e, 
        0x67, 0x5f, 0x76, 0x69, 0x65, 0x77, 0x22, 0x5d, 0x0a, 0x20, 0x20, 0x20, 
        0x20, 0x73, 0x74, 0x72, 0x75, 0x63, 0x74, 0x20, 0x76, 0x69, 0x65, 0x77, 
        0x0a, 0x20, 0x20, 0x20, 0x20, 0x7b, 0x0a, 0x20, 0x20, 0x20, 0x20, 0x20, 
        0x20, 0x20, 0x20, 0x70, 0x74, 0x72, 0x3c, 0x63, 0x6f, 0x6e, 0x73, 0x74, 
        0x20, 0x75, 0x69, 0x6e, 0x74, 0x38, 0x3e, 0x20, 0x24, 0x62, 0x79, 0x74, 
        0x65, 0x73, 0x3b, 0x0a, 0x20, 0x20, 0x20, 0x20, 0x20, 0x20, 0x20, 0x20, 
        0x75, 0x73, 0x69, 0x7a, 0x65, 0x20, 0x24, 0x73, 0x69, 0x7a, 0x65, 0x3b, 
        0x0a, 0x0a, 0x20, 0x20, 0x20, 0x20, 0x20, 0x20, 0x20, 0x20, 0x2f, 0x2a, 
        0x2a, 0x0a, 0x20, 0x20, 0x20, 0x20, 0x20, 0x20, 0x20, 0x20, 0x20, 0x2a, 
        0x20, 0x54, 0x72, 0x75, 0x65, 0x20, 0x77, 0x68, 0x65, 0x6e, 0x20, 0x74, 
        0x68, 0x65, 0x20, 0x77, 0x69, 0x6e, 0x64, 0x6f, 0x77, 0x20, 0x63, 0x6f, 
        0x76, 0x65, 0x72, 0x73, 0x20, 0x6e, 0x6f, 0x20, 0x62, 0x79, 0x74, 0x65, 
        0x73, 0x2e, 0x0a, 0x20, 0x20, 0x20, 0x20, 0x20, 0x20, 0x20, 0x20, 0x20, 
        0x2a, 0x2f, 0x0a, 0x20, 0x20, 0x20, 0x20, 0x20, 0x20, 0x20, 0x20, 0x63, 
        0x6f, 0x6e, 0x73, 0x74, 0x20, 0x66, 0x75, 0x6e, 0x63, 0x74, 0x69, 0x6f, 
        0x6e, 0x20, 0x69, 0x73, 0x5f, 0x65, 0x6d, 0x70, 0x74, 0x79, 0x28, 0x29, 
        0x20, 0x3a, 0x20, 0x62, 0x6f, 0x6f, 0x6c, 0x0a, 0x20, 0x20, 0x20, 0x20, 
        0x20, 0x20, 0x20, 0x20, 0x7b, 0x0a, 0x20, 0x20, 0x20, 0x20, 0x20, 0x20, 
        0x20, 0x20, 0x20, 0x20, 0x20, 0x20, 0x69, 0x66, 0x20, 0x28, 0x24, 0x74, 
        0x68, 0x69, 0x73, 0x2d, 0x3e, 0x73, 0x69, 0x7a, 0x65, 0x20, 0x3e, 0x20, 
        0x30, 0x29, 0x20, 0x7b, 0x0a, 0x20, 0x20, 0x20, 0x20, 0x20, 0x20, 0x20, 
        0x20, 0x20, 0x20, 0x20, 0x20, 0x20, 0x20, 0x20, 0x20, 0x72, 0x65, 0x74, 
        0x75, 0x72, 0x6e, 0x20, 0x66, 0x61, 0x6c, 0x73, 0x65, 0x3b, 0x0a, 0x20, 
        0x20, 0x20, 0x20, 0x20, 0x20, 0x20, 0x20, 0x20, 0x20, 0x20, 0x20, 0x7d, 
        0x0a, 0x0a, 0x20, 0x20, 0x20, 0x20, 0x20, 0x20, 0x20, 0x20, 0x20, 0x20, 
        0x20, 0x20, 0x72, 0x65, 0x74, 0x75, 0x72, 0x6e, 0x20, 0x74, 0x72, 0x75, 
        0x65, 0x3b, 0x0a, 0x20, 0x20, 0x20, 0x20, 0x20, 0x20, 0x20, 0x20, 0x7d, 
        0x0a, 0x0a, 0x20, 0x20, 0x20, 0x20, 0x20, 0x20, 0x20, 0x20, 0x2f, 0x2a, 
        0x2a, 0x0a, 0x20, 0x20, 0x20, 0x20, 0x20, 0x20, 0x20, 0x20, 0x20, 0x2a, 
        0x20, 0x54, 0x68, 0x65, 0x20, 0x62, 0x79, 0x74, 0x65, 0x20, 0x61, 0x74, 
        0x20, 0x60, 0x24, 0x69, 0x6e, 0x64, 0x65, 0x78, 0x60, 0x2e, 0x0a, 0x20, 
        0x20, 0x20, 0x20, 0x20, 0x20, 0x20, 0x20, 0x20, 0x2a, 0x0a, 0x20, 0x20, 
        0x20, 0x20, 0x20, 0x20, 0x20, 0x20, 0x20, 0x2a, 0x20, 0x43, 0x68, 0x65, 
        0x63, 0x6b, 0x65, 0x64, 0x20, 0x77, 0x69, 0x74, 0x68, 0x20, 0x60, 0x61, 
        0x73, 0x73, 0x65, 0x72, 0x74, 0x60, 0x2c, 0x20, 0x73, 0x6f, 0x20, 0x60, 
        0x65, 0x63, 0x68, 0x6f, 0x63, 0x20, 0x62, 0x75, 0x69, 0x6c, 0x64, 0x60, 
        0x20, 0x64, 0x72, 0x6f, 0x70, 0x73, 0x20, 0x74, 0x68, 0x65, 0x20, 0x63, 
        0x68, 0x65, 0x63, 0x6b, 0x20, 0x2d, 0x20, 0x74, 0x68, 0x65, 0x20, 0x62, 
        0x61, 0x72, 0x67, 0x61, 0x69, 0x6e, 0x20, 0x43, 0x27, 0x73, 0x20, 0x60, 
        0x61, 0x73, 0x73, 0x65, 0x72, 0x74, 0x60, 0x20, 0x6d, 0x61, 0x6b, 0x65, 
        0x73, 0x2e, 0x0a, 0x20, 0x20, 0x20, 0x20, 0x20, 0x20, 0x20, 0x20, 0x20, 
        0x2a, 0x20, 0x52, 0x65, 0x61, 0x64, 0x69, 0x6e, 0x67, 0x20, 0x70, 0x61, 
        0x73, 0x74, 0x20, 0x74, 0x68, 0x65, 0x20, 0x65, 0x6e, 0x64, 0x20, 0x69, 
        0x73, 0x20, 0x61, 0x20, 0x6d, 0x69, 0x73, 0x74, 0x61, 0x6b, 0x65, 0x20, 
        0x69, 0x6e, 0x20, 0x74, 0x68, 0x65, 0x20, 0x63, 0x61, 0x6c, 0x6c, 0x65, 
        0x72, 0x2c, 0x20, 0x6e, 0x6f, 0x74, 0x20, 0x61, 0x20, 0x63, 0x6f, 0x6e, 
        0x64, 0x69, 0x74, 0x69, 0x6f, 0x6e, 0x20, 0x74, 0x6f, 0x20, 0x72, 0x65, 
        0x63, 0x6f, 0x76, 0x65, 0x72, 0x20, 0x66, 0x72, 0x6f, 0x6d, 0x2e, 0x0a, 
        0x20, 0x20, 0x20, 0x20, 0x20, 0x20, 0x20, 0x20, 0x20, 0x2a, 0x2f, 0x0a, 
        0x20, 0x20, 0x20, 0x20, 0x20, 0x20, 0x20, 0x20, 0x63, 0x6f, 0x6e, 0x73, 
        0x74, 0x20, 0x66, 0x75, 0x6e, 0x63, 0x74, 0x69, 0x6f, 0x6e, 0x20, 0x62, 
        0x79, 0x74, 0x65, 0x5f, 0x61, 0x74, 0x28, 0x75, 0x73, 0x69, 0x7a, 0x65, 
        0x20, 0x24, 0x69, 0x6e, 0x64, 0x65, 0x78, 0x29, 0x20, 0x3a, 0x20, 0x75, 
        0x69, 0x6e, 0x74, 0x38, 0x0a, 0x20, 0x20, 0x20, 0x20, 0x20, 0x20, 0x20, 
        0x20, 0x7b, 0x0a, 0x20, 0x20, 0x20, 0x20, 0x20, 0x20, 0x20, 0x20, 0x20, 
        0x20, 0x20, 0x20, 0x61, 0x73, 0x73, 0x65, 0x72, 0x74, 0x28, 0x24, 0x69, 
        0x6e, 0x64, 0x65, 0x78, 0x20, 0x3c, 0x20, 0x24, 0x74, 0x68, 0x69, 0x73, 
        0x2d, 0x3e, 0x73, 0x69, 0x7a, 0x65, 0x2c, 0x20, 0x27, 0x73, 0x74, 0x72, 
        0x69, 0x6e, 0x67, 0x20, 0x69, 0x6e, 0x64, 0x65, 0x78, 0x20, 0x6f, 0x75, 
        0x74, 0x20, 0x6f, 0x66, 0x20, 0x62, 0x6f, 0x75, 0x6e, 0x64, 0x73, 0x27, 
        0x29, 0x3b, 0x0a, 0x0a, 0x20, 0x20, 0x20, 0x20, 0x20, 0x20, 0x20, 0x20, 
        0x20, 0x20, 0x20, 0x20, 0x72, 0x65, 0x74, 0x75, 0x72, 0x6e, 0x20, 0x24, 
        0x74, 0x68, 0x69, 0x73, 0x2d, 0x3e, 0x62, 0x79, 0x74, 0x65, 0x73, 0x3a, 
        0x24, 0x5b, 0x24, 0x69, 0x6e, 0x64, 0x65, 0x78, 0x5d, 0x3b, 0x0a, 0x20, 
        0x20, 0x20, 0x20, 0x20, 0x20, 0x20, 0x20, 0x7d, 0x0a, 0x0a, 0x20, 0x20, 
        0x20, 0x20, 0x20, 0x20, 0x20, 0x20, 0x2f, 0x2a, 0x2a, 0x0a, 0x20, 0x20, 
        0x20, 0x20, 0x20, 0x20, 0x20, 0x20, 0x20, 0x2a, 0x20, 0x54, 0x68, 0x65, 
        0x20, 0x77, 0x69, 0x6e, 0x64, 0x6f, 0x77, 0x20, 0x60, 0x24, 0x6c, 0x65, 
        0x6e, 0x60, 0x20, 0x62, 0x79, 0x74, 0x65, 0x73, 0x20, 0x77, 0x69, 0x64, 
        0x65, 0x20, 0x62, 0x65, 0x67, 0x69, 0x6e, 0x6e, 0x69, 0x6e, 0x67, 0x20, 
        0x60, 0x24, 0x66, 0x72, 0x6f, 0x6d, 0x60, 0x20, 0x62, 0x79, 0x74, 0x65, 
        0x73, 0x20, 0x69, 0x6e, 0x2e, 0x20, 0x43, 0x6f, 0x73, 0x74, 0x73, 0x20, 
        0x6e, 0x6f, 0x74, 0x68, 0x69, 0x6e, 0x67, 0x2e, 0x0a, 0x20, 0x20, 0x20, 
        0x20, 0x20, 0x20, 0x20, 0x20, 0x20, 0x2a, 0x0a, 0x20, 0x20, 0x20, 0x20, 
        0x20, 0x20, 0x20, 0x20, 0x20, 0x2a, 0x20, 0x54, 0x68, 0x65, 0x20, 0x74, 
        0x77, 0x6f, 0x20, 0x62, 0x6f, 0x75, 0x6e, 0x64, 0x73, 0x20, 0x61, 0x72, 
        0x65, 0x20, 0x63, 0x68, 0x65, 0x63, 0x6b, 0x65, 0x64, 0x20, 0x73, 0x65, 
        0x70, 0x61, 0x72, 0x61, 0x74, 0x65, 0x6c, 0x79, 0x20, 0x72, 0x61, 0x74, 
        0x68, 0x65, 0x72, 0x20, 0x74, 0x68, 0x61, 0x6e, 0x20, 0x61, 0x73, 0x20, 
        0x60, 0x24, 0x66, 0x72, 0x6f, 0x6d, 0x20, 0x2b, 0x20, 0x24, 0x6c, 0x65, 
        0x6e, 0x20, 0x3e, 0x20, 0x24, 0x74, 0x68, 0x69, 0x73, 0x2d, 0x3e, 0x73, 
        0x69, 0x7a, 0x65, 0x60, 0x3a, 0x20, 0x74, 0x68, 0x61, 0x74, 0x0a, 0x20, 
        0x20, 0x20, 0x20, 0x20, 0x20, 0x20, 0x20, 0x20, 0x2a, 0x20, 0x73, 0x75, 
        0x6d, 0x20, 0x77, 0x72, 0x61, 0x70, 0x73, 0x2c, 0x20, 0x61, 0x6e, 0x64, 
        0x20, 0x61, 0x20, 0x77, 0x72, 0x61, 0x70, 0x70, 0x65, 0x64, 0x20, 0x73, 
        0x75, 0x6d, 0x20, 0x6c, 0x65, 0x74, 0x73, 0x20, 0x61, 0x6e, 0x20, 0x65, 
        0x6e, 0x6f, 0x72, 0x6d, 0x6f, 0x75, 0x73, 0x20, 0x60, 0x24, 0x6c, 0x65, 
        0x6e, 0x60, 0x20, 0x74, 0x68, 0x72, 0x6f, 0x75, 0x67, 0x68, 0x20, 0x74, 
        0x68, 0x65, 0x20, 0x76, 0x65, 0x72, 0x79, 0x20, 0x63, 0x68, 0x65, 0x63, 
        0x6b, 0x20, 0x6d, 0x65, 0x61, 0x6e, 0x74, 0x20, 0x74, 0x6f, 0x0a, 0x20, 
        0x20, 0x20, 0x20, 0x20, 0x20, 0x20, 0x20, 0x20, 0x2a, 0x20, 0x63, 0x61, 
        0x74, 0x63, 0x68, 0x20, 0x69, 0x74, 0x2e, 0x0a, 0x20, 0x20, 0x20, 0x20, 
        0x20, 0x20, 0x20, 0x20, 0x20, 0x2a, 0x2f, 0x0a, 0x20, 0x20, 0x20, 0x20, 
        0x20, 0x20, 0x20, 0x20, 0x63, 0x6f, 0x6e, 0x73, 0x74, 0x20, 0x66, 0x75, 
        0x6e, 0x63, 0x74, 0x69, 0x6f, 0x6e, 0x20, 0x73, 0x75, 0x62, 0x28, 0x75, 
        0x73, 0x69, 0x7a, 0x65, 0x20, 0x24, 0x66, 0x72, 0x6f, 0x6d, 0x2c, 0x20, 
        0x75, 0x73, 0x69, 0x7a, 0x65, 0x20, 0x24, 0x6c, 0x65, 0x6e, 0x29, 0x20, 
        0x3a, 0x20, 0x73, 0x74, 0x72, 0x69, 0x6e, 0x67, 0x3a, 0x3a, 0x76, 0x69, 
        0x65, 0x77, 0x0a, 0x20, 0x20, 0x20, 0x20, 0x20, 0x20, 0x20, 0x20, 0x7b, 
        0x0a, 0x20, 0x20, 0x20, 0x20, 0x20, 0x20, 0x20, 0x20, 0x20, 0x20, 0x20, 
        0x20, 0x61, 0x73, 0x73, 0x65, 0x72, 0x74, 0x28, 0x24, 0x66, 0x72, 0x6f, 
        0x6d, 0x20, 0x3c, 0x3d, 0x20, 0x24, 0x74, 0x68, 0x69, 0x73, 0x2d, 0x3e, 
        0x73, 0x69, 0x7a, 0x65, 0x2c, 0x20, 0x27, 0x73, 0x75, 0x62, 0x73, 0x74, 
        0x72, 0x69, 0x6e, 0x67, 0x20, 0x73, 0x74, 0x61, 0x72, 0x74, 0x73, 0x20, 
        0x70, 0x61, 0x73, 0x74, 0x20, 0x74, 0x68, 0x65, 0x20, 0x65, 0x6e, 0x64, 
        0x20, 0x6f, 0x66, 0x20, 0x74, 0x68, 0x65, 0x20, 0x73, 0x74, 0x72, 0x69, 
        0x6e, 0x67, 0x27, 0x29, 0x3b, 0x0a, 0x20, 0x20, 0x20, 0x20, 0x20, 0x20, 
        0x20, 0x20, 0x20, 0x20, 0x20, 0x20, 0x61, 0x73, 0x73, 0x65, 0x72, 0x74, 
        0x28, 0x24, 0x6c, 0x65, 0x6e, 0x20, 0x3c, 0x3d, 0x20, 0x24, 0x74, 0x68, 
        0x69, 0x73, 0x2d, 0x3e, 0x73, 0x69, 0x7a, 0x65, 0x20, 0x2d, 0x20, 0x24, 
        0x66, 0x72, 0x6f, 0x6d, 0x2c, 0x20, 0x27, 0x73, 0x75, 0x62, 0x73, 0x74, 
        0x72, 0x69, 0x6e, 0x67, 0x20, 0x72, 0x75, 0x6e, 0x73, 0x20, 0x70, 0x61, 
        0x73, 0x74, 0x20, 0x74, 0x68, 0x65, 0x20, 0x65, 0x6e, 0x64, 0x20, 0x6f, 
        0x66, 0x20, 0x74, 0x68, 0x65, 0x20, 0x73, 0x74, 0x72, 0x69, 0x6e, 0x67, 
        0x27, 0x29, 0x3b, 0x0a, 0x0a, 0x20, 0x20, 0x20, 0x20, 0x20, 0x20, 0x20, 
        0x20, 0x20, 0x20, 0x20, 0x20, 0x72, 0x65, 0x74, 0x75, 0x72, 0x6e, 0x20, 
        0x73, 0x74, 0x72, 0x69, 0x6e, 0x67, 0x3a, 0x3a, 0x76, 0x69, 0x65, 0x77, 
        0x28, 0x24, 0x74, 0x68, 0x69, 0x73, 0x2d, 0x3e, 0x62, 0x79, 0x74, 0x65, 
        0x73, 0x3a, 0x24, 0x20, 0x2b, 0x20, 0x24, 0x66, 0x72, 0x6f, 0x6d, 0x2c, 
        0x20, 0x24, 0x6c, 0x65, 0x6e, 0x29, 0x3b, 0x0a, 0x20, 0x20, 0x20, 0x20, 
        0x20, 0x20, 0x20, 0x20, 0x7d, 0x0a, 0x0a, 0x20, 0x20, 0x20, 0x20, 0x20, 
        0x20, 0x20, 0x20, 0x2f, 0x2a, 0x2a, 0x0a, 0x20, 0x20, 0x20, 0x20, 0x20, 
        0x20, 0x20, 0x20, 0x20, 0x2a, 0x20, 0x42, 0x79, 0x74, 0x65, 0x2d, 0x66, 
        0x6f, 0x72, 0x2d, 0x62, 0x79, 0x74, 0x65, 0x20, 0x65, 0x71, 0x75, 0x61, 
        0x6c, 0x69, 0x74, 0x79, 0x2e, 0x20, 0x4e, 0x6f, 0x20, 0x6e, 0x6f, 0x72, 
        0x6d, 0x61, 0x6c, 0x69, 0x7a, 0x61, 0x74, 0x69, 0x6f, 0x6e, 0x2c, 0x20, 
        0x6e, 0x6f, 0x20, 0x63, 0x61, 0x73, 0x65, 0x20, 0x66, 0x6f, 0x6c, 0x64, 
        0x69, 0x6e, 0x67, 0x2c, 0x20, 0x6e, 0x6f, 0x20, 0x65, 0x6e, 0x63, 0x6f, 
        0x64, 0x69, 0x6e, 0x67, 0x20, 0x63, 0x68, 0x65, 0x63, 0x6b, 0x2e, 0x0a, 
        0x20, 0x20, 0x20, 0x20, 0x20, 0x20, 0x20, 0x20, 0x20, 0x2a, 0x2f, 0x0a, 
        0x20, 0x20, 0x20, 0x20, 0x20, 0x20, 0x20, 0x20, 0x63, 0x6f, 0x6e, 0x73, 
        0x74, 0x20, 0x66, 0x75, 0x6e, 0x63, 0x74, 0x69, 0x6f, 0x6e, 0x20, 0x65, 
        0x71, 0x75, 0x61, 0x6c, 0x73, 0x28, 0x73, 0x74, 0x72, 0x69, 0x6e, 0x67, 
        0x3a, 0x3a, 0x76, 0x69, 0x65, 0x77, 0x20, 0x24, 0x6f, 0x74, 0x68, 0x65, 
        0x72, 0x29, 0x20, 0x3a, 0x20, 0x62, 0x6f, 0x6f, 0x6c, 0x0a, 0x20, 0x20, 
        0x20, 0x20, 0x20, 0x20, 0x20, 0x20, 0x7b, 0x0a, 0x20, 0x20, 0x20, 0x20, 
        0x20, 0x20, 0x20, 0x20, 0x20, 0x20, 0x20, 0x20, 0x69, 0x66, 0x20, 0x28, 
        0x24, 0x74, 0x68, 0x69, 0x73, 0x2d, 0x3e, 0x73, 0x69, 0x7a, 0x65, 0x20, 
        0x21, 0x3d, 0x20, 0x24, 0x6f, 0x74, 0x68, 0x65, 0x72, 0x2d, 0x3e, 0x73, 
        0x69, 0x7a, 0x65, 0x29, 0x20, 0x7b, 0x0a, 0x20, 0x20, 0x20, 0x20, 0x20, 
        0x20, 0x20, 0x20, 0x20, 0x20, 0x20, 0x20, 0x20, 0x20, 0x20, 0x20, 0x72, 
        0x65, 0x74, 0x75, 0x72, 0x6e, 0x20, 0x66, 0x61, 0x6c, 0x73, 0x65, 0x3b, 
        0x0a, 0x20, 0x20, 0x20, 0x20, 0x20, 0x20, 0x20, 0x20, 0x20, 0x20, 0x20, 
        0x20, 0x7d, 0x0a, 0x0a, 0x20, 0x20, 0x20, 0x20, 0x20, 0x20, 0x20, 0x20, 
        0x20, 0x20, 0x20, 0x20, 0x62, 0x6f, 0x6f, 0x6c, 0x20, 0x24, 0x73, 0x61, 
        0x6d, 0x65, 0x20, 0x3d, 0x20, 0x74, 0x72, 0x75, 0x65, 0x3b, 0x0a, 0x20, 
        0x20, 0x20, 0x20, 0x20, 0x20, 0x20, 0x20, 0x20, 0x20, 0x20, 0x20, 0x75, 
        0x73, 0x69, 0x7a, 0x65, 0x20, 0x24, 0x69, 0x20, 0x3d, 0x20, 0x30, 0x3b, 
        0x0a, 0x0a, 0x20, 0x20, 0x20, 0x20, 0x20, 0x20, 0x20, 0x20, 0x20, 0x20, 
        0x20, 0x20, 0x77, 0x68, 0x69, 0x6c, 0x65, 0x20, 0x28, 0x24, 0x69, 0x20, 
        0x3c, 0x20, 0x24, 0x74, 0x68, 0x69, 0x73, 0x2d, 0x3e, 0x73, 0x69, 0x7a, 
        0x65, 0x29, 0x20, 0x7b, 0x0a, 0x20, 0x20, 0x20, 0x20, 0x20, 0x20, 0x20, 
        0x20, 0x20, 0x20, 0x20, 0x20, 0x20, 0x20, 0x20, 0x20, 0x69, 0x66, 0x20, 
        0x28, 0x24, 0x74, 0x68, 0x69, 0x73, 0x2d, 0x3e, 0x62, 0x79, 0x74, 0x65, 
        0x73, 0x3a, 0x24, 0x5b, 0x24, 0x69, 0x5d, 0x20, 0x21, 0x3d, 0x20, 0x24, 
        0x6f, 0x74, 0x68, 0x65, 0x72, 0x2d, 0x3e, 0x62, 0x79, 0x74, 0x65, 0x73, 
        0x3a, 0x24, 0x5b, 0x24, 0x69, 0x5d, 0x29, 0x20, 0x7b, 0x0a, 0x20, 0x20, 
        0x20, 0x20, 0x20, 0x20, 0x20, 0x20, 0x20, 0x20, 0x20, 0x20, 0x20, 0x20, 
        0x20, 0x20, 0x20, 0x20, 0x20, 0x20, 0x24, 0x73, 0x61, 0x6d, 0x65, 0x20, 
        0x3d, 0x20, 0x66, 0x61, 0x6c, 0x73, 0x65, 0x3b, 0x0a, 0x20, 0x20, 0x20, 
        0x20, 0x20, 0x20, 0x20, 0x20, 0x20, 0x20, 0x20, 0x20, 0x20, 0x20, 0x20, 
        0x20, 0x20, 0x20, 0x20, 0x20, 0x62, 0x72, 0x65, 0x61, 0x6b, 0x3b, 0x0a, 
        0x20, 0x20, 0x20, 0x20, 0x20, 0x20, 0x20, 0x20, 0x20, 0x20, 0x20, 0x20, 
        0x20, 0x20, 0x20, 0x20, 0x7d, 0x0a, 0x0a, 0x20, 0x20, 0x20, 0x20, 0x20, 
        0x20, 0x20, 0x20, 0x20, 0x20, 0x20, 0x20, 0x20, 0x20, 0x20, 0x20, 0x24, 
        0x69, 0x20, 0x3d, 0x20, 0x24, 0x69, 0x20, 0x2b, 0x20, 0x31, 0x3b, 0x0a, 
        0x20, 0x20, 0x20, 0x20, 0x20, 0x20, 0x20, 0x20, 0x20, 0x20, 0x20, 0x20, 
        0x7d, 0x0a, 0x0a, 0x20, 0x20, 0x20, 0x20, 0x20, 0x20, 0x20, 0x20, 0x20, 
        0x20, 0x20, 0x20, 0x72, 0x65, 0x74, 0x75, 0x72, 0x6e, 0x20, 0x24, 0x73, 
        0x61, 0x6d, 0x65, 0x3b, 0x0a, 0x20, 0x20, 0x20, 0x20, 0x20, 0x20, 0x20, 
        0x20, 0x7d, 0x0a, 0x0a, 0x20, 0x20, 0x20, 0x20, 0x20, 0x20, 0x20, 0x20, 
        0x2f, 0x2a, 0x2a, 0x0a, 0x20, 0x20, 0x20, 0x20, 0x20, 0x20, 0x20, 0x20, 
        0x20, 0x2a, 0x20, 0x54, 0x72, 0x75, 0x65, 0x20, 0x77, 0x68, 0x65, 0x6e, 
        0x20, 0x74, 0x68, 0x65, 0x20, 0x77, 0x69, 0x6e, 0x64, 0x6f, 0x77, 0x20, 
        0x62, 0x65, 0x67, 0x69, 0x6e, 0x73, 0x20, 0x77, 0x69, 0x74, 0x68, 0x20, 
        0x60, 0x24, 0x70, 0x72, 0x65, 0x66, 0x69, 0x78, 0x60, 0x2e, 0x20, 0x41, 
        0x6e, 0x20, 0x65, 0x6d, 0x70, 0x74, 0x79, 0x20, 0x70, 0x72, 0x65, 0x66, 
        0x69, 0x78, 0x20, 0x61, 0x6c, 0x77, 0x61, 0x79, 0x73, 0x20, 0x6d, 0x61, 
        0x74, 0x63, 0x68, 0x65, 0x73, 0x2e, 0x0a, 0x20, 0x20, 0x20, 0x20, 0x20, 
        0x20, 0x20, 0x20, 0x20, 0x2a, 0x2f, 0x0a, 0x20, 0x20, 0x20, 0x20, 0x20, 
        0x20, 0x20, 0x20, 0x63, 0x6f, 0x6e, 0x73, 0x74, 0x20, 0x66, 0x75, 0x6e, 
        0x63, 0x74, 0x69, 0x6f, 0x6e, 0x20, 0x73, 0x74, 0x61, 0x72, 0x74, 0x73, 
        0x5f, 0x77, 0x69, 0x74, 0x68, 0x28, 0x73, 0x74, 0x72, 0x69, 0x6e, 0x67, 
        0x3a, 0x3a, 0x76, 0x69, 0x65, 0x77, 0x20, 0x24, 0x70, 0x72, 0x65, 0x66, 
        0x69, 0x78, 0x29, 0x20, 0x3a, 0x20, 0x62, 0x6f, 0x6f, 0x6c, 0x0a, 0x20, 
        0x20, 0x20, 0x20, 0x20, 0x20, 0x20, 0x20, 0x7b, 0x0a, 0x20, 0x20, 0x20, 
        0x20, 0x20, 0x20, 0x20, 0x20, 0x20, 0x20, 0x20, 0x20, 0x69, 0x66, 0x20, 
        0x28, 0x24, 0x70, 0x72, 0x65, 0x66, 0x69, 0x78, 0x2d, 0x3e, 0x73, 0x69, 
        0x7a, 0x65, 0x20, 0x3e, 0x20, 0x24, 0x74, 0x68, 0x69, 0x73, 0x2d, 0x3e, 
        0x73, 0x69, 0x7a, 0x65, 0x29, 0x20, 0x7b, 0x0a, 0x20, 0x20, 0x20, 0x20, 
        0x20, 0x20, 0x20, 0x20, 0x20, 0x20, 0x20, 0x20, 0x20, 0x20, 0x20, 0x20, 
        0x72, 0x65, 0x74, 0x75, 0x72, 0x6e, 0x20, 0x66, 0x61, 0x6c, 0x73, 0x65, 
        0x3b, 0x0a, 0x20, 0x20, 0x20, 0x20, 0x20, 0x20, 0x20, 0x20, 0x20, 0x20, 
        0x20, 0x20, 0x7d, 0x0a, 0x0a, 0x20, 0x20, 0x20, 0x20, 0x20, 0x20, 0x20, 
        0x20, 0x20, 0x20, 0x20, 0x20, 0x73, 0x74, 0x72, 0x69, 0x6e, 0x67, 0x3a, 
        0x3a, 0x76, 0x69, 0x65, 0x77, 0x20, 0x24, 0x68, 0x65, 0x61, 0x64, 0x20, 
        0x3d, 0x20, 0x24, 0x74, 0x68, 0x69, 0x73, 0x2d, 0x3e, 0x73, 0x75, 0x62, 
        0x28, 0x30, 0x2c, 0x20, 0x24, 0x70, 0x72, 0x65, 0x66, 0x69, 0x78, 0x2d, 
        0x3e, 0x73, 0x69, 0x7a, 0x65, 0x29, 0x3b, 0x0a, 0x0a, 0x20, 0x20, 0x20, 
        0x20, 0x20, 0x20, 0x20, 0x20, 0x20, 0x20, 0x20, 0x20, 0x72, 0x65, 0x74, 
        0x75, 0x72, 0x6e, 0x20, 0x24, 0x68, 0x65, 0x61, 0x64, 0x2d, 0x3e, 0x65, 
        0x71, 0x75, 0x61, 0x6c, 0x73, 0x28, 0x24, 0x70, 0x72, 0x65, 0x66, 0x69, 
        0x78, 0x29, 0x3b, 0x0a, 0x20, 0x20, 0x20, 0x20, 0x20, 0x20, 0x20, 0x20, 
        0x7d, 0x0a, 0x0a, 0x20, 0x20, 0x20, 0x20, 0x20, 0x20, 0x20, 0x20, 0x2f, 
        0x2a, 0x2a, 0x0a, 0x20, 0x20, 0x20, 0x20, 0x20, 0x20, 0x20, 0x20, 0x20, 
        0x2a, 0x20, 0x54, 0x72, 0x75, 0x65, 0x20, 0x77, 0x68, 0x65, 0x6e, 0x20, 
        0x74, 0x68, 0x65, 0x20, 0x77, 0x69, 0x6e, 0x64, 0x6f, 0x77, 0x20, 0x65, 
        0x6e, 0x64, 0x73, 0x20, 0x77, 0x69, 0x74, 0x68, 0x20, 0x60, 0x24, 0x73, 
        0x75, 0x66, 0x66, 0x69, 0x78, 0x60, 0x2e, 0x20, 0x41, 0x6e, 0x20, 0x65, 
        0x6d, 0x70, 0x74, 0x79, 0x20, 0x73, 0x75, 0x66, 0x66, 0x69, 0x78, 0x20, 
        0x61, 0x6c, 0x77, 0x61, 0x79, 0x73, 0x20, 0x6d, 0x61, 0x74, 0x63, 0x68, 
        0x65, 0x73, 0x2e, 0x0a, 0x20, 0x20, 0x20, 0x20, 0x20, 0x20, 0x20, 0x20, 
        0x20, 0x2a, 0x2f, 0x0a, 0x20, 0x20, 0x20, 0x20, 0x20, 0x20, 0x20, 0x20, 
        0x63, 0x6f, 0x6e, 0x73, 0x74, 0x20, 0x66, 0x75, 0x6e, 0x63, 0x74, 0x69, 
        0x6f, 0x6e, 0x20, 0x65, 0x6e, 0x64, 0x73, 0x5f, 0x77, 0x69, 0x74, 0x68, 
        0x28, 0x73, 0x74, 0x72, 0x69, 0x6e, 0x67, 0x3a, 0x3a, 0x76, 0x69, 0x65, 
        0x77, 0x20, 0x24, 0x73, 0x75, 0x66, 0x66, 0x69, 0x78, 0x29, 0x20, 0x3a, 
        0x20, 0x62, 0x6f, 0x6f, 0x6c, 0x0a, 0x20, 0x20, 0x20, 0x20, 0x20, 0x20, 
        0x20, 0x20, 0x7b, 0x0a, 0x20, 0x20, 0x20, 0x20, 0x20, 0x20, 0x20, 0x20, 
        0x20, 0x20, 0x20, 0x20, 0x69, 0x66, 0x20, 0x28, 0x24, 0x73, 0x75, 0x66, 
        0x66, 0x69, 0x78, 0x2d, 0x3e, 0x73, 0x69, 0x7a, 0x65, 0x20, 0x3e, 0x20, 
        0x24, 0x74, 0x68, 0x69, 0x73, 0x2d, 0x3e, 0x73, 0x69, 0x7a, 0x65, 0x29, 
        0x20, 0x7b, 0x0a, 0x20, 0x20, 0x20, 0x20, 0x20, 0x20, 0x20, 0x20, 0x20, 
        0x20, 0x20, 0x20, 0x20, 0x20, 0x20, 0x20, 0x72, 0x65, 0x74, 0x75, 0x72, 
        0x6e, 0x20, 0x66, 0x61, 0x6c, 0x73, 0x65, 0x3b, 0x0a, 0x20, 0x20, 0x20, 
        0x20, 0x20, 0x20, 0x20, 0x20, 0x20, 0x20, 0x20, 0x20, 0x7d, 0x0a, 0x0a, 
        0x20, 0x20, 0x20, 0x20, 0x20, 0x20, 0x20, 0x20, 0x20, 0x20, 0x20, 0x20, 
        0x73, 0x74, 0x72, 0x69, 0x6e, 0x67, 0x3a, 0x3a, 0x76, 0x69, 0x65, 0x77, 
        0x20, 0x24, 0x74, 0x61, 0x69, 0x6c, 0x20, 0x3d, 0x20, 0x24, 0x74, 0x68, 
        0x69, 0x73, 0x2d, 0x3e, 0x73, 0x75, 0x62, 0x28, 0x24, 0x74, 0x68, 0x69, 
        0x73, 0x2d, 0x3e, 0x73, 0x69, 0x7a, 0x65, 0x20, 0x2d, 0x20, 0x24, 0x73, 
        0x75, 0x66, 0x66, 0x69, 0x78, 0x2d, 0x3e, 0x73, 0x69, 0x7a, 0x65, 0x2c, 
        0x20, 0x24, 0x73, 0x75, 0x66, 0x66, 0x69, 0x78, 0x2d, 0x3e, 0x73, 0x69, 
        0x7a, 0x65, 0x29, 0x3b, 0x0a, 0x0a, 0x20, 0x20, 0x20, 0x20, 0x20, 0x20, 
        0x20, 0x20, 0x20, 0x20, 0x20, 0x20, 0x72, 0x65, 0x74, 0x75, 0x72, 0x6e, 
        0x20, 0x24, 0x74, 0x61, 0x69, 0x6c, 0x2d, 0x3e, 0x65, 0x71, 0x75, 0x61, 
        0x6c, 0x73, 0x28, 0x24, 0x73, 0x75, 0x66, 0x66, 0x69, 0x78, 0x29, 0x3b, 
        0x0a, 0x20, 0x20, 0x20, 0x20, 0x20, 0x20, 0x20, 0x20, 0x7d, 0x0a, 0x0a, 
        0x20, 0x20, 0x20, 0x20, 0x20, 0x20, 0x20, 0x20, 0x2f, 0x2a, 0x2a, 0x0a, 
        0x20, 0x20, 0x20, 0x20, 0x20, 0x20, 0x20, 0x20, 0x20, 0x2a, 0x20, 0x54, 
        0x68, 0x65, 0x20, 0x62, 0x79, 0x74, 0x65, 0x20, 0x6f, 0x66, 0x66, 0x73, 
        0x65, 0x74, 0x20, 0x6f, 0x66, 0x20, 0x74, 0x68, 0x65, 0x20, 0x66, 0x69, 
        0x72, 0x73, 0x74, 0x20, 0x6f, 0x63, 0x63, 0x75, 0x72, 0x72, 0x65, 0x6e, 
        0x63, 0x65, 0x20, 0x6f, 0x66, 0x20, 0x60, 0x24, 0x6e, 0x65, 0x65, 0x64, 
        0x6c, 0x65, 0x60, 0x2c, 0x20, 0x6f, 0x72, 0x20, 0x2a, 0x2a, 0x60, 0x24, 
        0x74, 0x68, 0x69, 0x73, 0x2d, 0x3e, 0x73, 0x69, 0x7a, 0x65, 0x60, 0x20, 
        0x77, 0x68, 0x65, 0x6e, 0x20, 0x74, 0x68, 0x65, 0x72, 0x65, 0x20, 0x69, 
        0x73, 0x0a, 0x20, 0x20, 0x20, 0x20, 0x20, 0x20, 0x20, 0x20, 0x20, 0x2a, 
        0x20, 0x6e, 0x6f, 0x6e, 0x65, 0x2a, 0x2a, 0x2e, 0x0a, 0x20, 0x20, 0x20, 
        0x20, 0x20, 0x20, 0x20, 0x20, 0x20, 0x2a, 0x0a, 0x20, 0x20, 0x20, 0x20, 
        0x20, 0x20, 0x20, 0x20, 0x20, 0x2a, 0x20, 0x54, 0x68, 0x65, 0x72, 0x65, 
        0x20, 0x69, 0x73, 0x20, 0x6e, 0x6f, 0x20, 0x60, 0x4f, 0x70, 0x74, 0x69, 
        0x6f, 0x6e, 0x60, 0x20, 0x74, 0x6f, 0x20, 0x68, 0x61, 0x6e, 0x64, 0x20, 
        0x62, 0x61, 0x63, 0x6b, 0x2c, 0x20, 0x73, 0x6f, 0x20, 0x74, 0x68, 0x65, 
        0x20, 0x73, 0x65, 0x6e, 0x74, 0x69, 0x6e, 0x65, 0x6c, 0x20, 0x69, 0x73, 
        0x20, 0x74, 0x68, 0x65, 0x20, 0x6f, 0x6e, 0x65, 0x20, 0x76, 0x61, 0x6c, 
        0x75, 0x65, 0x20, 0x61, 0x6c, 0x77, 0x61, 0x79, 0x73, 0x20, 0x74, 0x6f, 
        0x20, 0x68, 0x61, 0x6e, 0x64, 0x20, 0x61, 0x6e, 0x64, 0x0a, 0x20, 0x20, 
        0x20, 0x20, 0x20, 0x20, 0x20, 0x20, 0x20, 0x2a, 0x20, 0x6e, 0x65, 0x76, 
        0x65, 0x72, 0x20, 0x61, 0x20, 0x76, 0x61, 0x6c, 0x69, 0x64, 0x20, 0x69, 
        0x6e, 0x64, 0x65, 0x78, 0x3a, 0x20, 0x74, 0x68, 0x65, 0x20, 0x73, 0x69, 
        0x7a, 0x65, 0x20, 0x69, 0x74, 0x73, 0x65, 0x6c, 0x66, 0x2e, 0x20, 0x54, 
        0x68, 0x65, 0x20, 0x74, 0x65, 0x73, 0x74, 0x20, 0x72, 0x65, 0x61, 0x64, 
        0x73, 0x20, 0x60, 0x69, 0x66, 0x20, 0x28, 0x24, 0x69, 0x20, 0x3c, 0x20, 
        0x24, 0x76, 0x2d, 0x3e, 0x73, 0x69, 0x7a, 0x65, 0x29, 0x60, 0x20, 0x72, 
        0x61, 0x74, 0x68, 0x65, 0x72, 0x20, 0x74, 0x68, 0x61, 0x6e, 0x20, 0x61, 
        0x0a, 0x20, 0x20, 0x20, 0x20, 0x20, 0x20, 0x20, 0x20, 0x20, 0x2a, 0x20, 
        0x63, 0x6f, 0x6d, 0x70, 0x61, 0x72, 0x69, 0x73, 0x6f, 0x6e, 0x20, 0x61, 
        0x67, 0x61, 0x69, 0x6e, 0x73, 0x74, 0x20, 0x61, 0x6e, 0x20, 0x69, 0x6d, 
        0x70, 0x6f, 0x72, 0x74, 0x65, 0x64, 0x20, 0x63, 0x6f, 0x6e, 0x73, 0x74, 
        0x61, 0x6e, 0x74, 0x2c, 0x20, 0x61, 0x6e, 0x64, 0x20, 0x61, 0x20, 0x66, 
        0x6f, 0x75, 0x6e, 0x64, 0x20, 0x6f, 0x66, 0x66, 0x73, 0x65, 0x74, 0x20, 
        0x66, 0x65, 0x65, 0x64, 0x73, 0x20, 0x73, 0x74, 0x72, 0x61, 0x69, 0x67, 
        0x68, 0x74, 0x20, 0x69, 0x6e, 0x74, 0x6f, 0x20, 0x60, 0x73, 0x75, 0x62, 
        0x60, 0x2e, 0x0a, 0x20, 0x20, 0x20, 0x20, 0x20, 0x20, 0x20, 0x20, 0x20, 
        0x2a, 0x0a, 0x20, 0x20, 0x20, 0x20, 0x20, 0x20, 0x20, 0x20, 0x20, 0x2a, 
        0x20, 0x41, 0x6e, 0x20, 0x65, 0x6d, 0x70, 0x74, 0x79, 0x20, 0x6e, 0x65, 
        0x65, 0x64, 0x6c, 0x65, 0x20, 0x69, 0x73, 0x20, 0x66, 0x6f, 0x75, 0x6e, 
        0x64, 0x20, 0x61, 0x74, 0x20, 0x30, 0x2e, 0x20, 0x49, 0x6e, 0x20, 0x61, 
        0x6e, 0x20, 0x2a, 0x65, 0x6d, 0x70, 0x74, 0x79, 0x2a, 0x20, 0x77, 0x69, 
        0x6e, 0x64, 0x6f, 0x77, 0x20, 0x74, 0x68, 0x61, 0x74, 0x20, 0x61, 0x6e, 
        0x73, 0x77, 0x65, 0x72, 0x20, 0x69, 0x73, 0x20, 0x61, 0x6c, 0x73, 0x6f, 
        0x20, 0x74, 0x68, 0x65, 0x20, 0x73, 0x65, 0x6e, 0x74, 0x69, 0x6e, 0x65, 
        0x6c, 0x2c, 0x20, 0x61, 0x6e, 0x64, 0x0a, 0x20, 0x20, 0x20, 0x20, 0x20, 
        0x20, 0x20, 0x20, 0x20, 0x2a, 0x20, 0x60, 0x63, 0x6f, 0x6e, 0x74, 0x61, 
        0x69, 0x6e, 0x73, 0x60, 0x20, 0x69, 0x6e, 0x68, 0x65, 0x72, 0x69, 0x74, 
        0x73, 0x20, 0x74, 0x68, 0x65, 0x20, 0x63, 0x6f, 0x72, 0x6e, 0x65, 0x72, 
        0x20, 0x61, 0x6e, 0x64, 0x20, 0x73, 0x61, 0x79, 0x73, 0x20, 0x66, 0x61, 
        0x6c, 0x73, 0x65, 0x2e, 0x0a, 0x20, 0x20, 0x20, 0x20, 0x20, 0x20, 0x20, 
        0x20, 0x20, 0x2a, 0x0a, 0x20, 0x20, 0x20, 0x20, 0x20, 0x20, 0x20, 0x20, 
        0x20, 0x2a, 0x20, 0x41, 0x20, 0x70, 0x6c, 0x61, 0x69, 0x6e, 0x20, 0x4f, 
        0x28, 0x6e, 0x2a, 0x6d, 0x29, 0x20, 0x73, 0x63, 0x61, 0x6e, 0x2e, 0x0a, 
        0x20, 0x20, 0x20, 0x20, 0x20, 0x20, 0x20, 0x20, 0x20, 0x2a, 0x2f, 0x0a, 
        0x20, 0x20, 0x20, 0x20, 0x20, 0x20, 0x20, 0x20, 0x63, 0x6f, 0x6e, 0x73, 
        0x74, 0x20, 0x66, 0x75, 0x6e, 0x63, 0x74, 0x69, 0x6f, 0x6e, 0x20, 0x69, 
        0x6e, 0x64, 0x65, 0x78, 0x5f, 0x6f, 0x66, 0x28, 0x73, 0x74, 0x72, 0x69, 
        0x6e, 0x67, 0x3a, 0x3a, 0x76, 0x69, 0x65, 0x77, 0x20, 0x24, 0x6e, 0x65, 
        0x65, 0x64, 0x6c, 0x65, 0x29, 0x20, 0x3a, 0x20, 0x75, 0x73, 0x69, 0x7a, 
        0x65, 0x0a, 0x20, 0x20, 0x20, 0x20, 0x20, 0x20, 0x20, 0x20, 0x7b, 0x0a, 
        0x20, 0x20, 0x20, 0x20, 0x20, 0x20, 0x20, 0x20, 0x20, 0x20, 0x20, 0x20, 
        0x69, 0x66, 0x20, 0x28, 0x24, 0x6e, 0x65, 0x65, 0x64, 0x6c, 0x65, 0x2d, 
        0x3e, 0x73, 0x69, 0x7a, 0x65, 0x20, 0x3e, 0x20, 0x24, 0x74, 0x68, 0x69, 
        0x73, 0x2d, 0x3e, 0x73, 0x69, 0x7a, 0x65, 0x29, 0x20, 0x7b, 0x0a, 0x20, 
        0x20, 0x20, 0x20, 0x20, 0x20, 0x20, 0x20, 0x20, 0x20, 0x20, 0x20, 0x20, 
        0x20, 0x20, 0x20, 0x72, 0x65, 0x74, 0x75, 0x72, 0x6e, 0x20, 0x24, 0x74, 
        0x68, 0x69, 0x73, 0x2d, 0x3e, 0x73, 0x69, 0x7a, 0x65, 0x3b, 0x0a, 0x20, 
        0x20, 0x20, 0x20, 0x20, 0x20, 0x20, 0x20, 0x20, 0x20, 0x20, 0x20, 0x7d, 
        0x0a, 0x0a, 0x20, 0x20, 0x20, 0x20, 0x20, 0x20, 0x20, 0x20, 0x20, 0x20, 
        0x20, 0x20, 0x75, 0x73, 0x69, 0x7a, 0x65, 0x20, 0x24, 0x6c, 0x61, 0x73, 
        0x74, 0x20, 0x3d, 0x20, 0x24, 0x74, 0x68, 0x69, 0x73, 0x2d, 0x3e, 0x73, 
        0x69, 0x7a, 0x65, 0x20, 0x2d, 0x20, 0x24, 0x6e, 0x65, 0x65, 0x64, 0x6c, 
        0x65, 0x2d, 0x3e, 0x73, 0x69, 0x7a, 0x65, 0x3b, 0x0a, 0x20, 0x20, 0x20, 
        0x20, 0x20, 0x20, 0x20, 0x20, 0x20, 0x20, 0x20, 0x20, 0x75, 0x73, 0x69, 
        0x7a, 0x65, 0x20, 0x24, 0x61, 0x74, 0x20, 0x3d, 0x20, 0x30, 0x3b, 0x0a, 
        0x20, 0x20, 0x20, 0x20, 0x20, 0x20, 0x20, 0x20, 0x20, 0x20, 0x20, 0x20, 
        0x75, 0x73, 0x69, 0x7a, 0x65, 0x20, 0x24, 0x66, 0x6f, 0x75, 0x6e, 0x64, 
        0x20, 0x3d, 0x20, 0x24, 0x74, 0x68, 0x69, 0x73, 0x2d, 0x3e, 0x73, 0x69, 
        0x7a, 0x65, 0x3b, 0x0a, 0x0a, 0x20, 0x20, 0x20, 0x20, 0x20, 0x20, 0x20, 
        0x20, 0x20, 0x20, 0x20, 0x20, 0x2f, 0x2f, 0x20, 0x60, 0x3c, 0x3d, 0x60, 
        0x2c, 0x20, 0x62, 0x65, 0x63, 0x61, 0x75, 0x73, 0x65, 0x20, 0x61, 0x20, 
        0x6e, 0x65, 0x65, 0x64, 0x6c, 0x65, 0x20, 0x6d, 0x61, 0x79, 0x20, 0x62, 
        0x65, 0x67, 0x69, 0x6e, 0x20, 0x61, 0x74, 0x20, 0x74, 0x68, 0x65, 0x20, 
        0x6c, 0x61, 0x73, 0x74, 0x20, 0x6f, 0x66, 0x66, 0x73, 0x65, 0x74, 0x20, 
        0x74, 0x68, 0x61, 0x74, 0x20, 0x73, 0x74, 0x69, 0x6c, 0x6c, 0x20, 0x66, 
        0x69, 0x74, 0x73, 0x0a, 0x20, 0x20, 0x20, 0x20, 0x20, 0x20, 0x20, 0x20, 
        0x20, 0x20, 0x20, 0x20, 0x77, 0x68, 0x69, 0x6c, 0x65, 0x20, 0x28, 0x24, 
        0x61, 0x74, 0x20, 0x3c, 0x3d, 0x20, 0x24, 0x6c, 0x61, 0x73, 0x74, 0x29, 
        0x20, 0x7b, 0x0a, 0x20, 0x20, 0x20, 0x20, 0x20, 0x20, 0x20, 0x20, 0x20, 
        0x20, 0x20, 0x20, 0x20, 0x20, 0x20, 0x20, 0x73, 0x74, 0x72, 0x69, 0x6e, 
        0x67, 0x3a, 0x3a, 0x76, 0x69, 0x65, 0x77, 0x20, 0x24, 0x63, 0x61, 0x6e, 
        0x64, 0x69, 0x64, 0x61, 0x74, 0x65, 0x20, 0x3d, 0x20, 0x24, 0x74, 0x68, 
        0x69, 0x73, 0x2d, 0x3e, 0x73, 0x75, 0x62, 0x28, 0x24, 0x61, 0x74, 0x2c, 
        0x20, 0x24, 0x6e, 0x65, 0x65, 0x64, 0x6c, 0x65, 0x2d, 0x3e, 0x73, 0x69, 
        0x7a, 0x65, 0x29, 0x3b, 0x0a, 0x0a, 0x20, 0x20, 0x20, 0x20, 0x20, 0x20, 
        0x20, 0x20, 0x20, 0x20, 0x20, 0x20, 0x20, 0x20, 0x20, 0x20, 0x69, 0x66, 
        0x20, 0x28, 0x24, 0x63, 0x61, 0x6e, 0x64, 0x69, 0x64, 0x61, 0x74, 0x65, 
        0x2d, 0x3e, 0x65, 0x71, 0x75, 0x61, 0x6c, 0x73, 0x28, 0x24, 0x6e, 0x65, 
        0x65, 0x64, 0x6c, 0x65, 0x29, 0x29, 0x20, 0x7b, 0x0a, 0x20, 0x20, 0x20, 
        0x20, 0x20, 0x20, 0x20, 0x20, 0x20, 0x20, 0x20, 0x20, 0x20, 0x20, 0x20, 
        0x20, 0x20, 0x20, 0x20, 0x20, 0x24, 0x66, 0x6f, 0x75, 0x6e, 0x64, 0x20, 
        0x3d, 0x20, 0x24, 0x61, 0x74, 0x3b, 0x0a, 0x20, 0x20, 0x20, 0x20, 0x20, 
        0x20, 0x20, 0x20, 0x20, 0x20, 0x20, 0x20, 0x20, 0x20, 0x20, 0x20, 0x20, 
        0x20, 0x20, 0x20, 0x24, 0x61, 0x74, 0x20, 0x3d, 0x20, 0x24, 0x6c, 0x61, 
        0x73, 0x74, 0x20, 0x2b, 0x20, 0x31, 0x3b, 0x0a, 0x20, 0x20, 0x20, 0x20, 
        0x20, 0x20, 0x20, 0x20, 0x20, 0x20, 0x20, 0x20, 0x20, 0x20, 0x20, 0x20, 
        0x7d, 0x0a, 0x20, 0x20, 0x20, 0x20, 0x20, 0x20, 0x20, 0x20, 0x20, 0x20, 
        0x20, 0x20, 0x20, 0x20, 0x20, 0x20, 0x65, 0x6c, 0x73, 0x65, 0x20, 0x7b, 
        0x0a, 0x20, 0x20, 0x20, 0x20, 0x20, 0x20, 0x20, 0x20, 0x20, 0x20, 0x20, 
        0x20, 0x20, 0x20, 0x20, 0x20, 0x20, 0x20, 0x20, 0x20, 0x24, 0x61, 0x74, 
        0x20, 0x3d, 0x20, 0x24, 0x61, 0x74, 0x20, 0x2b, 0x20, 0x31, 0x3b, 0x0a, 
        0x20, 0x20, 0x20, 0x20, 0x20, 0x20, 0x20, 0x20, 0x20, 0x20, 0x20, 0x20, 
        0x20, 0x20, 0x20, 0x20, 0x7d, 0x0a, 0x20, 0x20, 0x20, 0x20, 0x20, 0x20, 
        0x20, 0x20, 0x20, 0x20, 0x20, 0x20, 0x7d, 0x0a, 0x0a, 0x20, 0x20, 0x20, 
        0x20, 0x20, 0x20, 0x20, 0x20, 0x20, 0x20, 0x20, 0x20, 0x72, 0x65, 0x74, 
        0x75, 0x72, 0x6e, 0x20, 0x24, 0x66, 0x6f, 0x75, 0x6e, 0x64, 0x3b, 0x0a, 
        0x20, 0x20, 0x20, 0x20, 0x20, 0x20, 0x20, 0x20, 0x7d, 0x0a, 0x0a, 0x20, 
        0x20, 0x20, 0x20, 0x20, 0x20, 0x20, 0x20, 0x2f, 0x2a, 0x2a, 0x0a, 0x20, 
        0x20, 0x20, 0x20, 0x20, 0x20, 0x20, 0x20, 0x20, 0x2a, 0x20, 0x54, 0x72, 
        0x75, 0x65, 0x20, 0x77, 0x68, 0x65, 0x6e, 0x20, 0x60, 0x24, 0x6e, 0x65, 
        0x65, 0x64, 0x6c, 0x65, 0x60, 0x20, 0x6f, 0x63, 0x63, 0x75, 0x72, 0x73, 
        0x20, 0x61, 0x6e, 0x79, 0x77, 0x68, 0x65, 0x72, 0x65, 0x20, 0x69, 0x6e, 
        0x20, 0x74, 0x68, 0x65, 0x20, 0x77, 0x69, 0x6e, 0x64, 0x6f, 0x77, 0x2e, 
        0x0a, 0x20, 0x20, 0x20, 0x20, 0x20, 0x20, 0x20, 0x20, 0x20, 0x2a, 0x2f, 
        0x0a, 0x20, 0x20, 0x20, 0x20, 0x20, 0x20, 0x20, 0x20, 0x63, 0x6f, 0x6e, 
        0x73, 0x74, 0x20, 0x66, 0x75, 0x6e, 0x63, 0x74, 0x69, 0x6f, 0x6e, 0x20, 
        0x63, 0x6f, 0x6e, 0x74, 0x61, 0x69, 0x6e, 0x73, 0x28, 0x73, 0x74, 0x72, 
        0x69, 0x6e, 0x67, 0x3a, 0x3a, 0x76, 0x69, 0x65, 0x77, 0x20, 0x24, 0x6e, 
        0x65, 0x65, 0x64, 0x6c, 0x65, 0x29, 0x20, 0x3a, 0x20, 0x62, 0x6f, 0x6f, 
        0x6c, 0x0a, 0x20, 0x20, 0x20, 0x20, 0x20, 0x20, 0x20, 0x20, 0x7b, 0x0a, 
        0x20, 0x20, 0x20, 0x20, 0x20, 0x20, 0x20, 0x20, 0x20, 0x20, 0x20, 0x20, 
        0x75, 0x73, 0x69, 0x7a, 0x65, 0x20, 0x24, 0x61, 0x74, 0x20, 0x3d, 0x20, 
        0x24, 0x74, 0x68, 0x69, 0x73, 0x2d, 0x3e, 0x69, 0x6e, 0x64, 0x65, 0x78, 
        0x5f, 0x6f, 0x66, 0x28, 0x24, 0x6e, 0x65, 0x65, 0x64, 0x6c, 0x65, 0x29, 
        0x3b, 0x0a, 0x0a, 0x20, 0x20, 0x20, 0x20, 0x20, 0x20, 0x20, 0x20, 0x20, 
        0x20, 0x20, 0x20, 0x69, 0x66, 0x20, 0x28, 0x24, 0x61, 0x74, 0x20, 0x3c, 
        0x20, 0x24, 0x74, 0x68, 0x69, 0x73, 0x2d, 0x3e, 0x73, 0x69, 0x7a, 0x65, 
        0x29, 0x20, 0x7b, 0x0a, 0x20, 0x20, 0x20, 0x20, 0x20, 0x20, 0x20, 0x20, 
        0x20, 0x20, 0x20, 0x20, 0x20, 0x20, 0x20, 0x20, 0x72, 0x65, 0x74, 0x75, 
        0x72, 0x6e, 0x20, 0x74, 0x72, 0x75, 0x65, 0x3b, 0x0a, 0x20, 0x20, 0x20, 
        0x20, 0x20, 0x20, 0x20, 0x20, 0x20, 0x20, 0x20, 0x20, 0x7d, 0x0a, 0x0a, 
        0x20, 0x20, 0x20, 0x20, 0x20, 0x20, 0x20, 0x20, 0x20, 0x20, 0x20, 0x20, 
        0x72, 0x65, 0x74, 0x75, 0x72, 0x6e, 0x20, 0x66, 0x61, 0x6c, 0x73, 0x65, 
        0x3b, 0x0a, 0x20, 0x20, 0x20, 0x20, 0x20, 0x20, 0x20, 0x20, 0x7d, 0x0a, 
        0x0a, 0x20, 0x20, 0x20, 0x20, 0x20, 0x20, 0x20, 0x20, 0x2f, 0x2a, 0x2a, 
        0x0a, 0x20, 0x20, 0x20, 0x20, 0x20, 0x20, 0x20, 0x20, 0x20, 0x2a, 0x20, 
        0x54, 0x68, 0x65, 0x20, 0x6e, 0x75, 0x6d, 0x62, 0x65, 0x72, 0x20, 0x6f, 
        0x66, 0x20, 0x55, 0x54, 0x46, 0x2d, 0x38, 0x20, 0x63, 0x6f, 0x64, 0x65, 
        0x70, 0x6f, 0x69, 0x6e, 0x74, 0x73, 0x2c, 0x20, 0x69, 0x6e, 0x20, 0x6f, 
        0x6e, 0x65, 0x20, 0x70, 0x61, 0x73, 0x73, 0x20, 0x61, 0x6e, 0x64, 0x20, 
        0x77, 0x69, 0x74, 0x68, 0x6f, 0x75, 0x74, 0x20, 0x61, 0x20, 0x73, 0x69, 
        0x6e, 0x67, 0x6c, 0x65, 0x20, 0x62, 0x69, 0x74, 0x77, 0x69, 0x73, 0x65, 
        0x20, 0x6f, 0x70, 0x65, 0x72, 0x61, 0x74, 0x6f, 0x72, 0x2e, 0x0a, 0x20, 
        0x20, 0x20, 0x20, 0x20, 0x20, 0x20, 0x20, 0x20, 0x2a, 0x0a, 0x20, 0x20, 
        0x20, 0x20, 0x20, 0x20, 0x20, 0x20, 0x20, 0x2a, 0x20, 0x41, 0x20, 0x63, 
        0x6f, 0x6e, 0x74, 0x69, 0x6e, 0x75, 0x61, 0x74, 0x69, 0x6f, 0x6e, 0x20, 
        0x62, 0x79, 0x74, 0x65, 0x20, 0x69, 0x73, 0x20, 0x60, 0x31, 0x30, 0x78, 
        0x78, 0x78, 0x78, 0x78, 0x78, 0x60, 0x2c, 0x20, 0x77, 0x68, 0x69, 0x63, 
        0x68, 0x20, 0x69, 0x73, 0x20, 0x31, 0x32, 0x38, 0x2e, 0x2e, 0x31, 0x39, 
        0x31, 0x2c, 0x20, 0x77, 0x68, 0x69, 0x63, 0x68, 0x20, 0x69, 0x73, 0x20, 
        0x65, 0x78, 0x61, 0x63, 0x74, 0x6c, 0x79, 0x20, 0x74, 0x68, 0x65, 0x20, 
        0x62, 0x79, 0x74, 0x65, 0x73, 0x20, 0x77, 0x68, 0x6f, 0x73, 0x65, 0x0a, 
        0x20, 0x20, 0x20, 0x20, 0x20, 0x20, 0x20, 0x20, 0x20, 0x2a, 0x20, 0x71, 
        0x75, 0x6f, 0x74, 0x69, 0x65, 0x6e, 0x74, 0x20, 0x62, 0x79, 0x20, 0x36, 
        0x34, 0x20, 0x69, 0x73, 0x20, 0x32, 0x2e, 0x20, 0x45, 0x76, 0x65, 0x72, 
        0x79, 0x20, 0x6f, 0x74, 0x68, 0x65, 0x72, 0x20, 0x62, 0x79, 0x74, 0x65, 
        0x20, 0x62, 0x65, 0x67, 0x69, 0x6e, 0x73, 0x20, 0x61, 0x20, 0x63, 0x68, 
        0x61, 0x72, 0x61, 0x63, 0x74, 0x65, 0x72, 0x2e, 0x20, 0x60, 0x26, 0x20, 
        0x30, 0x78, 0x43, 0x30, 0x60, 0x20, 0x77, 0x6f, 0x75, 0x6c, 0x64, 0x20, 
        0x73, 0x61, 0x79, 0x20, 0x74, 0x68, 0x65, 0x20, 0x73, 0x61, 0x6d, 0x65, 
        0x0a, 0x20, 0x20, 0x20, 0x20, 0x20, 0x20, 0x20, 0x20, 0x20, 0x2a, 0x20, 
        0x74, 0x68, 0x69, 0x6e, 0x67, 0x20, 0x61, 0x6e, 0x64, 0x20, 0x63, 0x61, 
        0x6e, 0x6e, 0x6f, 0x74, 0x20, 0x62, 0x65, 0x20, 0x77, 0x72, 0x69, 0x74, 
        0x74, 0x65, 0x6e, 0x3a, 0x20, 0x60, 0x26, 0x20, 0x7c, 0x20, 0x5e, 0x20, 
        0x3c, 0x3c, 0x20, 0x3e, 0x3e, 0x60, 0x20, 0x68, 0x61, 0x76, 0x65, 0x20, 
        0x70, 0x72, 0x65, 0x63, 0x65, 0x64, 0x65, 0x6e, 0x63, 0x65, 0x20, 0x65, 
        0x6e, 0x74, 0x72, 0x69, 0x65, 0x73, 0x20, 0x62, 0x75, 0x74, 0x20, 0x6e, 
        0x6f, 0x20, 0x63, 0x6f, 0x64, 0x65, 0x67, 0x65, 0x6e, 0x2c, 0x20, 0x61, 
        0x6e, 0x64, 0x20, 0x61, 0x0a, 0x20, 0x20, 0x20, 0x20, 0x20, 0x20, 0x20, 
        0x20, 0x20, 0x2a, 0x20, 0x60, 0x26, 0x60, 0x20, 0x62, 0x65, 0x66, 0x6f, 
        0x72, 0x65, 0x20, 0x61, 0x20, 0x6e, 0x61, 0x6d, 0x65, 0x20, 0x6c, 0x65, 
        0x78, 0x65, 0x73, 0x20, 0x61, 0x73, 0x20, 0x61, 0x64, 0x64, 0x72, 0x65, 
        0x73, 0x73, 0x2d, 0x6f, 0x66, 0x20, 0x61, 0x6e, 0x79, 0x77, 0x61, 0x79, 
        0x2e, 0x0a, 0x20, 0x20, 0x20, 0x20, 0x20, 0x20, 0x20, 0x20, 0x20, 0x2a, 
        0x0a, 0x20, 0x20, 0x20, 0x20, 0x20, 0x20, 0x20, 0x20, 0x20, 0x2a, 0x20, 
        0x44, 0x69, 0x76, 0x69, 0x64, 0x69, 0x6e, 0x67, 0x20, 0x62, 0x79, 0x20, 
        0x61, 0x20, 0x2a, 0x2a, 0x6c, 0x69, 0x74, 0x65, 0x72, 0x61, 0x6c, 0x2a, 
        0x2a, 0x20, 0x69, 0x73, 0x20, 0x6c, 0x6f, 0x61, 0x64, 0x2d, 0x62, 0x65, 
        0x61, 0x72, 0x69, 0x6e, 0x67, 0x2e, 0x20, 0x54, 0x68, 0x65, 0x20, 0x62, 
        0x79, 0x74, 0x65, 0x20, 0x77, 0x69, 0x64, 0x65, 0x6e, 0x73, 0x20, 0x74, 
        0x6f, 0x20, 0x69, 0x6e, 0x74, 0x33, 0x32, 0x20, 0x61, 0x67, 0x61, 0x69, 
        0x6e, 0x73, 0x74, 0x20, 0x69, 0x74, 0x20, 0x61, 0x6e, 0x64, 0x20, 0x74, 
        0x68, 0x65, 0x0a, 0x20, 0x20, 0x20, 0x20, 0x20, 0x20, 0x20, 0x20, 0x20, 
        0x2a, 0x20, 0x77, 0x69, 0x64, 0x65, 0x6e, 0x69, 0x6e, 0x67, 0x20, 0x66, 
        0x6f, 0x6c, 0x6c, 0x6f, 0x77, 0x73, 0x20, 0x74, 0x68, 0x65, 0x20, 0x2a, 
        0x73, 0x6f, 0x75, 0x72, 0x63, 0x65, 0x27, 0x73, 0x2a, 0x20, 0x73, 0x69, 
        0x67, 0x6e, 0x65, 0x64, 0x6e, 0x65, 0x73, 0x73, 0x2c, 0x20, 0x73, 0x6f, 
        0x20, 0x61, 0x20, 0x60, 0x75, 0x69, 0x6e, 0x74, 0x38, 0x60, 0x20, 0x7a, 
        0x65, 0x72, 0x6f, 0x2d, 0x65, 0x78, 0x74, 0x65, 0x6e, 0x64, 0x73, 0x20, 
        0x61, 0x6e, 0x64, 0x20, 0x60, 0x30, 0x78, 0x66, 0x66, 0x60, 0x20, 0x61, 
        0x72, 0x72, 0x69, 0x76, 0x65, 0x73, 0x0a, 0x20, 0x20, 0x20, 0x20, 0x20, 
        0x20, 0x20, 0x20, 0x20, 0x2a, 0x20, 0x61, 0x73, 0x20, 0x32, 0x35, 0x35, 
        0x2e, 0x20, 0x44, 0x69, 0x76, 0x69, 0x64, 0x65, 0x64, 0x20, 0x62, 0x79, 
        0x20, 0x61, 0x6e, 0x6f, 0x74, 0x68, 0x65, 0x72, 0x20, 0x60, 0x75, 0x69, 
        0x6e, 0x74, 0x38, 0x60, 0x20, 0x74, 0x68, 0x69, 0x73, 0x20, 0x77, 0x6f, 
        0x75, 0x6c, 0x64, 0x20, 0x73, 0x74, 0x61, 0x79, 0x20, 0x69, 0x38, 0x20, 
        0x61, 0x6e, 0x64, 0x20, 0x72, 0x65, 0x61, 0x63, 0x68, 0x20, 0x61, 0x20, 
        0x73, 0x69, 0x67, 0x6e, 0x65, 0x64, 0x20, 0x64, 0x69, 0x76, 0x69, 0x64, 
        0x65, 0x2c, 0x20, 0x77, 0x68, 0x69, 0x63, 0x68, 0x20, 0x69, 0x73, 0x0a, 
        0x20, 0x20, 0x20, 0x20, 0x20, 0x20, 0x20, 0x20, 0x20, 0x2a, 0x20, 0x77, 
        0x72, 0x6f, 0x6e, 0x67, 0x20, 0x66, 0x6f, 0x72, 0x20, 0x65, 0x76, 0x65, 
        0x72, 0x79, 0x20, 0x62, 0x79, 0x74, 0x65, 0x20, 0x6f, 0x76, 0x65, 0x72, 
        0x20, 0x31, 0x32, 0x37, 0x2e, 0x0a, 0x20, 0x20, 0x20, 0x20, 0x20, 0x20, 
        0x20, 0x20, 0x20, 0x2a, 0x0a, 0x20, 0x20, 0x20, 0x20, 0x20, 0x20, 0x20, 
        0x20, 0x20, 0x2a, 0x20, 0x49, 0x6e, 0x76, 0x61, 0x6c, 0x69, 0x64, 0x20, 
        0x55, 0x54, 0x46, 0x2d, 0x38, 0x20, 0x69, 0x73, 0x20, 0x63, 0x6f, 0x75, 
        0x6e, 0x74, 0x65, 0x64, 0x2c, 0x20, 0x6e, 0x6f, 0x74, 0x20, 0x72, 0x65, 
        0x6a, 0x65, 0x63, 0x74, 0x65, 0x64, 0x2e, 0x20, 0x54, 0x68, 0x69, 0x73, 
        0x20, 0x69, 0x73, 0x20, 0x61, 0x20, 0x63, 0x6f, 0x75, 0x6e, 0x74, 0x2c, 
        0x20, 0x6e, 0x6f, 0x74, 0x20, 0x61, 0x20, 0x76, 0x61, 0x6c, 0x69, 0x64, 
        0x61, 0x74, 0x6f, 0x72, 0x2e, 0x0a, 0x20, 0x20, 0x20, 0x20, 0x20, 0x20, 
        0x20, 0x20, 0x20, 0x2a, 0x2f, 0x0a, 0x20, 0x20, 0x20, 0x20, 0x20, 0x20, 
        0x20, 0x20, 0x63, 0x6f, 0x6e, 0x73, 0x74, 0x20, 0x66, 0x75, 0x6e, 0x63, 
        0x74, 0x69, 0x6f, 0x6e, 0x20, 0x63, 0x68, 0x61, 0x72, 0x5f, 0x63, 0x6f, 
        0x75, 0x6e, 0x74, 0x28, 0x29, 0x20, 0x3a, 0x20, 0x75, 0x73, 0x69, 0x7a, 
        0x65, 0x0a, 0x20, 0x20, 0x20, 0x20, 0x20, 0x20, 0x20, 0x20, 0x7b, 0x0a, 
        0x20, 0x20, 0x20, 0x20, 0x20, 0x20, 0x20, 0x20, 0x20, 0x20, 0x20, 0x20, 
        0x75, 0x73, 0x69, 0x7a, 0x65, 0x20, 0x24, 0x63, 0x6f, 0x75, 0x6e, 0x74, 
        0x20, 0x3d, 0x20, 0x30, 0x3b, 0x0a, 0x20, 0x20, 0x20, 0x20, 0x20, 0x20, 
        0x20, 0x20, 0x20, 0x20, 0x20, 0x20, 0x75, 0x73, 0x69, 0x7a, 0x65, 0x20, 
        0x24, 0x69, 0x20, 0x3d, 0x20, 0x30, 0x3b, 0x0a, 0x0a, 0x20, 0x20, 0x20, 
        0x20, 0x20, 0x20, 0x20, 0x20, 0x20, 0x20, 0x20, 0x20, 0x77, 0x68, 0x69, 
        0x6c, 0x65, 0x20, 0x28, 0x24, 0x69, 0x20, 0x3c, 0x20, 0x24, 0x74, 0x68, 
        0x69, 0x73, 0x2d, 0x3e, 0x73, 0x69, 0x7a, 0x65, 0x29, 0x20, 0x7b, 0x0a, 
        0x20, 0x20, 0x20, 0x20, 0x20, 0x20, 0x20, 0x20, 0x20, 0x20, 0x20, 0x20, 
        0x20, 0x20, 0x20, 0x20, 0x69, 0x66, 0x20, 0x28, 0x24, 0x74, 0x68, 0x69, 
        0x73, 0x2d, 0x3e, 0x62, 0x79, 0x74, 0x65, 0x73, 0x3a, 0x24, 0x5b, 0x24, 
        0x69, 0x5d, 0x20, 0x2f, 0x20, 0x36, 0x34, 0x20, 0x21, 0x3d, 0x20, 0x32, 
        0x29, 0x20, 0x7b, 0x0a, 0x20, 0x20, 0x20, 0x20, 0x20, 0x20, 0x20, 0x20, 
        0x20, 0x20, 0x20, 0x20, 0x20, 0x20, 0x20, 0x20, 0x20, 0x20, 0x20, 0x20, 
        0x24, 0x63, 0x6f, 0x75, 0x6e, 0x74, 0x20, 0x3d, 0x20, 0x24, 0x63, 0x6f, 
        0x75, 0x6e, 0x74, 0x20, 0x2b, 0x20, 0x31, 0x3b, 0x0a, 0x20, 0x20, 0x20, 
        0x20, 0x20, 0x20, 0x20, 0x20, 0x20, 0x20, 0x20, 0x20, 0x20, 0x20, 0x20, 
        0x20, 0x7d, 0x0a, 0x0a, 0x20, 0x20, 0x20, 0x20, 0x20, 0x20, 0x20, 0x20, 
        0x20, 0x20, 0x20, 0x20, 0x20, 0x20, 0x20, 0x20, 0x24, 0x69, 0x20, 0x3d, 
        0x20, 0x24, 0x69, 0x20, 0x2b, 0x20, 0x31, 0x3b, 0x0a, 0x20, 0x20, 0x20, 
        0x20, 0x20, 0x20, 0x20, 0x20, 0x20, 0x20, 0x20, 0x20, 0x7d, 0x0a, 0x0a, 
        0x20, 0x20, 0x20, 0x20, 0x20, 0x20, 0x20, 0x20, 0x20, 0x20, 0x20, 0x20, 
        0x72, 0x65, 0x74, 0x75, 0x72, 0x6e, 0x20, 0x24, 0x63, 0x6f, 0x75, 0x6e, 
        0x74, 0x3b, 0x0a, 0x20, 0x20, 0x20, 0x20, 0x20, 0x20, 0x20, 0x20, 0x7d, 
        0x0a, 0x0a, 0x20, 0x20, 0x20, 0x20, 0x20, 0x20, 0x20, 0x20, 0x2f, 0x2a, 
        0x2a, 0x0a, 0x20, 0x20, 0x20, 0x20, 0x20, 0x20, 0x20, 0x20, 0x20, 0x2a, 
        0x20, 0x54, 0x72, 0x75, 0x65, 0x20, 0x77, 0x68, 0x65, 0x6e, 0x20, 0x74, 
        0x68, 0x65, 0x20, 0x62, 0x79, 0x74, 0x65, 0x20, 0x6a, 0x75, 0x73, 0x74, 
        0x20, 0x70, 0x61, 0x73, 0x74, 0x20, 0x74, 0x68, 0x65, 0x20, 0x77, 0x69, 
        0x6e, 0x64, 0x6f, 0x77, 0x20, 0x69, 0x73, 0x20, 0x61, 0x20, 0x30, 0x2c, 
        0x20, 0x77, 0x68, 0x69, 0x63, 0x68, 0x20, 0x69, 0x73, 0x20, 0x77, 0x68, 
        0x61, 0x74, 0x20, 0x60, 0x63, 0x5f, 0x73, 0x74, 0x72, 0x60, 0x20, 0x6e, 
        0x65, 0x65, 0x64, 0x73, 0x2e, 0x0a, 0x20, 0x20, 0x20, 0x20, 0x20, 0x20, 
        0x20, 0x20, 0x20, 0x2a, 0x0a, 0x20, 0x20, 0x20, 0x20, 0x20, 0x20, 0x20, 
        0x20, 0x20, 0x2a, 0x20, 0x52, 0x65, 0x61, 0x64, 0x69, 0x6e, 0x67, 0x20, 
        0x74, 0x68, 0x61, 0x74, 0x20, 0x62, 0x79, 0x74, 0x65, 0x20, 0x69, 0x73, 
        0x20, 0x61, 0x6c, 0x77, 0x61, 0x79, 0x73, 0x20, 0x73, 0x61, 0x66, 0x65, 
        0x2c, 0x20, 0x61, 0x6e, 0x64, 0x20, 0x74, 0x68, 0x61, 0x74, 0x20, 0x69, 
        0x73, 0x20, 0x74, 0x68, 0x65, 0x20, 0x77, 0x68, 0x6f, 0x6c, 0x65, 0x20, 
        0x69, 0x6e, 0x76, 0x61, 0x72, 0x69, 0x61, 0x6e, 0x74, 0x20, 0x74, 0x68, 
        0x69, 0x73, 0x20, 0x66, 0x69, 0x6c, 0x65, 0x20, 0x6d, 0x61, 0x69, 0x6e, 
        0x74, 0x61, 0x69, 0x6e, 0x73, 0x3a, 0x0a, 0x20, 0x20, 0x20, 0x20, 0x20, 
        0x20, 0x20, 0x20, 0x20, 0x2a, 0x20, 0x65, 0x76, 0x65, 0x72, 0x79, 0x20, 
        0x62, 0x75, 0x66, 0x66, 0x65, 0x72, 0x20, 0x61, 0x6c, 0x6c, 0x6f, 0x63, 
        0x61, 0x74, 0x65, 0x64, 0x20, 0x68, 0x65, 0x72, 0x65, 0x20, 0x68, 0x61, 
        0x73, 0x20, 0x72, 0x6f, 0x6f, 0x6d, 0x20, 0x66, 0x6f, 0x72, 0x20, 0x6f, 
        0x6e, 0x65, 0x20, 0x62, 0x79, 0x74, 0x65, 0x20, 0x70, 0x61, 0x73, 0x74, 
        0x20, 0x69, 0x74, 0x73, 0x20, 0x74, 0x65, 0x78, 0x74, 0x20, 0x61, 0x6e, 
        0x64, 0x20, 0x68, 0x6f, 0x6c, 0x64, 0x73, 0x20, 0x61, 0x20, 0x30, 0x20, 
        0x74, 0x68, 0x65, 0x72, 0x65, 0x2c, 0x20, 0x61, 0x6e, 0x64, 0x0a, 0x20, 
        0x20, 0x20, 0x20, 0x20, 0x20, 0x20, 0x20, 0x20, 0x2a, 0x20, 0x74, 0x68, 
        0x65, 0x20, 0x63, 0x6f, 0x6d, 0x70, 0x69, 0x6c, 0x65, 0x72, 0x20, 0x65, 
        0x6d, 0x69, 0x74, 0x73, 0x20, 0x65, 0x76, 0x65, 0x72, 0x79, 0x20, 0x73, 
        0x74, 0x72, 0x69, 0x6e, 0x67, 0x20, 0x6c, 0x69, 0x74, 0x65, 0x72, 0x61, 
        0x6c, 0x20, 0x4e, 0x55, 0x4c, 0x2d, 0x74, 0x65, 0x72, 0x6d, 0x69, 0x6e, 
        0x61, 0x74, 0x65, 0x64, 0x20, 0x74, 0x6f, 0x6f, 0x2e, 0x20, 0x53, 0x6f, 
        0x20, 0x69, 0x6e, 0x64, 0x65, 0x78, 0x20, 0x60, 0x24, 0x73, 0x69, 0x7a, 
        0x65, 0x60, 0x20, 0x69, 0x73, 0x20, 0x61, 0x74, 0x20, 0x6d, 0x6f, 0x73, 
        0x74, 0x0a, 0x20, 0x20, 0x20, 0x20, 0x20, 0x20, 0x20, 0x20, 0x20, 0x2a, 
        0x20, 0x69, 0x6e, 0x64, 0x65, 0x78, 0x20, 0x60, 0x24, 0x75, 0x73, 0x65, 
        0x64, 0x60, 0x2c, 0x20, 0x77, 0x68, 0x69, 0x63, 0x68, 0x20, 0x69, 0x73, 
        0x20, 0x69, 0x6e, 0x73, 0x69, 0x64, 0x65, 0x20, 0x74, 0x68, 0x65, 0x20, 
        0x61, 0x6c, 0x6c, 0x6f, 0x63, 0x61, 0x74, 0x69, 0x6f, 0x6e, 0x20, 0x2d, 
        0x20, 0x65, 0x76, 0x65, 0x72, 0x79, 0x20, 0x77, 0x69, 0x6e, 0x64, 0x6f, 
        0x77, 0x20, 0x73, 0x61, 0x74, 0x69, 0x73, 0x66, 0x69, 0x65, 0x73, 0x0a, 
        0x20, 0x20, 0x20, 0x20, 0x20, 0x20, 0x20, 0x20, 0x20, 0x2a, 0x20, 0x60, 
        0x66, 0x72, 0x6f, 0x6d, 0x20, 0x2b, 0x20, 0x73, 0x69, 0x7a, 0x65, 0x20, 
        0x3c, 0x3d, 0x20, 0x75, 0x73, 0x65, 0x64, 0x60, 0x2e, 0x0a, 0x20, 0x20, 
        0x20, 0x20, 0x20, 0x20, 0x20, 0x20, 0x20, 0x2a, 0x0a, 0x20, 0x20, 0x20, 
        0x20, 0x20, 0x20, 0x20, 0x20, 0x20, 0x2a, 0x20, 0x41, 0x6e, 0x64, 0x20, 
        0x69, 0x74, 0x20, 0x69, 0x73, 0x20, 0x30, 0x20, 0x65, 0x78, 0x61, 0x63, 
        0x74, 0x6c, 0x79, 0x20, 0x77, 0x68, 0x65, 0x6e, 0x20, 0x74, 0x68, 0x69, 
        0x73, 0x20, 0x77, 0x69, 0x6e, 0x64, 0x6f, 0x77, 0x20, 0x72, 0x65, 0x61, 
        0x63, 0x68, 0x65, 0x73, 0x20, 0x74, 0x68, 0x65, 0x20, 0x65, 0x6e, 0x64, 
        0x20, 0x6f, 0x66, 0x20, 0x74, 0x68, 0x65, 0x20, 0x62, 0x79, 0x74, 0x65, 
        0x73, 0x20, 0x62, 0x65, 0x68, 0x69, 0x6e, 0x64, 0x20, 0x69, 0x74, 0x2e, 
        0x20, 0x53, 0x6f, 0x20, 0x74, 0x68, 0x69, 0x73, 0x20, 0x69, 0x73, 0x20, 
        0x61, 0x0a, 0x20, 0x20, 0x20, 0x20, 0x20, 0x20, 0x20, 0x20, 0x20, 0x2a, 
        0x20, 0x72, 0x65, 0x61, 0x6c, 0x20, 0x74, 0x65, 0x73, 0x74, 0x20, 0x72, 
        0x61, 0x74, 0x68, 0x65, 0x72, 0x20, 0x74, 0x68, 0x61, 0x6e, 0x20, 0x61, 
        0x20, 0x68, 0x6f, 0x70, 0x65, 0x3a, 0x20, 0x61, 0x20, 0x77, 0x69, 0x6e, 
        0x64, 0x6f, 0x77, 0x20, 0x74, 0x68, 0x61, 0x74, 0x20, 0x73, 0x74, 0x6f, 
        0x70, 0x73, 0x20, 0x65, 0x61, 0x72, 0x6c, 0x79, 0x20, 0x2d, 0x20, 0x61, 
        0x20, 0x73, 0x75, 0x62, 0x73, 0x74, 0x72, 0x69, 0x6e, 0x67, 0x20, 0x2d, 
        0x20, 0x61, 0x6e, 0x73, 0x77, 0x65, 0x72, 0x73, 0x20, 0x66, 0x61, 0x6c, 
        0x73, 0x65, 0x2e, 0x0a, 0x20, 0x20, 0x20, 0x20, 0x20, 0x20, 0x20, 0x20, 
        0x20, 0x2a, 0x0a, 0x20, 0x20, 0x20, 0x20, 0x20, 0x20, 0x20, 0x20, 0x20, 
        0x2a, 0x20, 0x54, 0x68, 0x65, 0x20, 0x6f, 0x6e, 0x65, 0x20, 0x73, 0x68, 
        0x61, 0x70, 0x65, 0x20, 0x69, 0x74, 0x20, 0x63, 0x61, 0x6e, 0x6e, 0x6f, 
        0x74, 0x20, 0x6a, 0x75, 0x64, 0x67, 0x65, 0x20, 0x69, 0x73, 0x20, 0x61, 
        0x20, 0x76, 0x69, 0x65, 0x77, 0x20, 0x62, 0x75, 0x69, 0x6c, 0x74, 0x20, 
        0x62, 0x79, 0x20, 0x68, 0x61, 0x6e, 0x64, 0x20, 0x74, 0x68, 0x72, 0x6f, 
        0x75, 0x67, 0x68, 0x20, 0x74, 0x68, 0x65, 0x20, 0x66, 0x69, 0x65, 0x6c, 
        0x64, 0x2d, 0x77, 0x69, 0x73, 0x65, 0x20, 0x63, 0x6f, 0x6e, 0x73, 0x74, 
        0x72, 0x75, 0x63, 0x74, 0x6f, 0x72, 0x0a, 0x20, 0x20, 0x20, 0x20, 0x20, 
        0x20, 0x20, 0x20, 0x20, 0x2a, 0x20, 0x6f, 0x76, 0x65, 0x72, 0x20, 0x61, 
        0x6e, 0x20, 0x61, 0x72, 0x62, 0x69, 0x74, 0x72, 0x61, 0x72, 0x79, 0x20, 
        0x70, 0x6f, 0x69, 0x6e, 0x74, 0x65, 0x72, 0x2c, 0x20, 0x77, 0x68, 0x69, 
        0x63, 0x68, 0x20, 0x65, 0x73, 0x74, 0x61, 0x62, 0x6c, 0x69, 0x73, 0x68, 
        0x65, 0x73, 0x20, 0x6e, 0x6f, 0x6e, 0x65, 0x20, 0x6f, 0x66, 0x20, 0x74, 
        0x68, 0x65, 0x20, 0x61, 0x62, 0x6f, 0x76, 0x65, 0x2e, 0x0a, 0x20, 0x20, 
        0x20, 0x20, 0x20, 0x20, 0x20, 0x20, 0x20, 0x2a, 0x2f, 0x0a, 0x20, 0x20, 
        0x20, 0x20, 0x20, 0x20, 0x20, 0x20, 0x63, 0x6f, 0x6e, 0x73, 0x74, 0x20, 
        0x66, 0x75, 0x6e, 0x63, 0x74, 0x69, 0x6f, 0x6e, 0x20, 0x69, 0x73, 0x5f, 
        0x74, 0x65, 0x72, 0x6d, 0x69, 0x6e, 0x61, 0x74, 0x65, 0x64, 0x28, 0x29, 
        0x20, 0x3a, 0x20, 0x62, 0x6f, 0x6f, 0x6c, 0x0a, 0x20, 0x20, 0x20, 0x20, 
        0x20, 0x20, 0x20, 0x20, 0x7b, 0x0a, 0x20, 0x20, 0x20, 0x20, 0x20, 0x20, 
        0x20, 0x20, 0x20, 0x20, 0x20, 0x20, 0x69, 0x66, 0x20, 0x28, 0x24, 0x74, 
        0x68, 0x69, 0x73, 0x2d, 0x3e, 0x62, 0x79, 0x74, 0x65, 0x73, 0x3a, 0x24, 
        0x5b, 0x24, 0x74, 0x68, 0x69, 0x73, 0x2d, 0x3e, 0x73, 0x69, 0x7a, 0x65, 
        0x5d, 0x20, 0x3d, 0x3d, 0x20, 0x30, 0x29, 0x20, 0x7b, 0x0a, 0x20, 0x20, 
        0x20, 0x20, 0x20, 0x20, 0x20, 0x20, 0x20, 0x20, 0x20, 0x20, 0x20, 0x20, 
        0x20, 0x20, 0x72, 0x65, 0x74, 0x75, 0x72, 0x6e, 0x20, 0x74, 0x72, 0x75, 
        0x65, 0x3b, 0x0a, 0x20, 0x20, 0x20, 0x20, 0x20, 0x20, 0x20, 0x20, 0x20, 
        0x20, 0x20, 0x20, 0x7d, 0x0a, 0x0a, 0x20, 0x20, 0x20, 0x20, 0x20, 0x20, 
        0x20, 0x20, 0x20, 0x20, 0x20, 0x20, 0x72, 0x65, 0x74, 0x75, 0x72, 0x6e, 
        0x20, 0x66, 0x61, 0x6c, 0x73, 0x65, 0x3b, 0x0a, 0x20, 0x20, 0x20, 0x20, 
        0x20, 0x20, 0x20, 0x20, 0x7d, 0x0a, 0x0a, 0x20, 0x20, 0x20, 0x20, 0x20, 
        0x20, 0x20, 0x20, 0x2f, 0x2a, 0x2a, 0x0a, 0x20, 0x20, 0x20, 0x20, 0x20, 
        0x20, 0x20, 0x20, 0x20, 0x2a, 0x20, 0x54, 0x68, 0x65, 0x20, 0x62, 0x79, 
        0x74, 0x65, 0x73, 0x20, 0x61, 0x73, 0x20, 0x61, 0x20, 0x4e, 0x55, 0x4c, 
        0x2d, 0x74, 0x65, 0x72, 0x6d, 0x69, 0x6e, 0x61, 0x74, 0x65, 0x64, 0x20, 
        0x43, 0x20, 0x73, 0x74, 0x72, 0x69, 0x6e, 0x67, 0x2c, 0x20, 0x77, 0x69, 
        0x74, 0x68, 0x20, 0x6e, 0x6f, 0x20, 0x63, 0x6f, 0x70, 0x79, 0x2e, 0x0a, 
        0x20, 0x20, 0x20, 0x20, 0x20, 0x20, 0x20, 0x20, 0x20, 0x2a, 0x0a, 0x20, 
        0x20, 0x20, 0x20, 0x20, 0x20, 0x20, 0x20, 0x20, 0x2a, 0x20, 0x41, 0x73, 
        0x73, 0x65, 0x72, 0x74, 0x65, 0x64, 0x20, 0x72, 0x61, 0x74, 0x68, 0x65, 
        0x72, 0x20, 0x74, 0x68, 0x61, 0x6e, 0x20, 0x63, 0x68, 0x65, 0x63, 0x6b, 
        0x65, 0x64, 0x2c, 0x20, 0x62, 0x65, 0x63, 0x61, 0x75, 0x73, 0x65, 0x20, 
        0x68, 0x61, 0x6e, 0x64, 0x69, 0x6e, 0x67, 0x20, 0x43, 0x20, 0x61, 0x20, 
        0x70, 0x6f, 0x69, 0x6e, 0x74, 0x65, 0x72, 0x20, 0x74, 0x68, 0x61, 0x74, 
        0x20, 0x72, 0x75, 0x6e, 0x73, 0x20, 0x70, 0x61, 0x73, 0x74, 0x20, 0x74, 
        0x68, 0x65, 0x20, 0x65, 0x6e, 0x64, 0x20, 0x6f, 0x66, 0x20, 0x74, 0x68, 
        0x65, 0x0a, 0x20, 0x20, 0x20, 0x20, 0x20, 0x20, 0x20, 0x20, 0x20, 0x2a, 
        0x20, 0x77, 0x69, 0x6e, 0x64, 0x6f, 0x77, 0x20, 0x69, 0x73, 0x20, 0x61, 
        0x20, 0x6d, 0x69, 0x73, 0x74, 0x61, 0x6b, 0x65, 0x20, 0x69, 0x6e, 0x20, 
        0x74, 0x68, 0x65, 0x20, 0x63, 0x61, 0x6c, 0x6c, 0x65, 0x72, 0x20, 0x61, 
        0x6e, 0x64, 0x20, 0x6e, 0x6f, 0x74, 0x20, 0x61, 0x20, 0x63, 0x6f, 0x6e, 
        0x64, 0x69, 0x74, 0x69, 0x6f, 0x6e, 0x20, 0x74, 0x6f, 0x20, 0x72, 0x65, 
        0x63, 0x6f, 0x76, 0x65, 0x72, 0x20, 0x66, 0x72, 0x6f, 0x6d, 0x2e, 0x20, 
        0x60, 0x2d, 0x3e, 0x63, 0x6c, 0x6f, 0x6e, 0x65, 0x28, 0x29, 0x60, 0x20, 
        0x66, 0x69, 0x72, 0x73, 0x74, 0x0a, 0x20, 0x20, 0x20, 0x20, 0x20, 0x20, 
        0x20, 0x20, 0x20, 0x2a, 0x20, 0x77, 0x68, 0x65, 0x6e, 0x20, 0x79, 0x6f, 
        0x75, 0x20, 0x6e, 0x65, 0x65, 0x64, 0x20, 0x61, 0x20, 0x74, 0x65, 0x72, 
        0x6d, 0x69, 0x6e, 0x61, 0x74, 0x65, 0x64, 0x20, 0x63, 0x6f, 0x70, 0x79, 
        0x20, 0x6f, 0x66, 0x20, 0x61, 0x20, 0x73, 0x75, 0x62, 0x73, 0x74, 0x72, 
        0x69, 0x6e, 0x67, 0x2c, 0x20, 0x6f, 0x72, 0x20, 0x61, 0x73, 0x6b, 0x20, 
        0x60, 0x69, 0x73, 0x5f, 0x74, 0x65, 0x72, 0x6d, 0x69, 0x6e, 0x61, 0x74, 
        0x65, 0x64, 0x28, 0x29, 0x60, 0x20, 0x77, 0x68, 0x65, 0x6e, 0x20, 0x79, 
        0x6f, 0x75, 0x20, 0x77, 0x6f, 0x75, 0x6c, 0x64, 0x0a, 0x20, 0x20, 0x20, 
        0x20, 0x20, 0x20, 0x20, 0x20, 0x20, 0x2a, 0x20, 0x72, 0x61, 0x74, 0x68, 
        0x65, 0x72, 0x20, 0x62, 0x72, 0x61, 0x6e, 0x63, 0x68, 0x20, 0x74, 0x68, 
        0x61, 0x6e, 0x20, 0x64, 0x69, 0x65, 0x2e, 0x0a, 0x20, 0x20, 0x20, 0x20, 
        0x20, 0x20, 0x20, 0x20, 0x20, 0x2a, 0x0a, 0x20, 0x20, 0x20, 0x20, 0x20, 
        0x20, 0x20, 0x20, 0x20, 0x2a, 0x20, 0x41, 0x20, 0x30, 0x20, 0x62, 0x79, 
        0x74, 0x65, 0x20, 0x2a, 0x69, 0x6e, 0x73, 0x69, 0x64, 0x65, 0x2a, 0x20, 
        0x74, 0x68, 0x65, 0x20, 0x77, 0x69, 0x6e, 0x64, 0x6f, 0x77, 0x20, 0x73, 
        0x74, 0x69, 0x6c, 0x6c, 0x20, 0x65, 0x6e, 0x64, 0x73, 0x20, 0x74, 0x68, 
        0x65, 0x20, 0x43, 0x20, 0x73, 0x74, 0x72, 0x69, 0x6e, 0x67, 0x20, 0x65, 
        0x61, 0x72, 0x6c, 0x79, 0x2e, 0x20, 0x54, 0x68, 0x61, 0x74, 0x20, 0x69, 
        0x73, 0x20, 0x77, 0x68, 0x61, 0x74, 0x20, 0x61, 0x20, 0x43, 0x20, 0x73, 
        0x74, 0x72, 0x69, 0x6e, 0x67, 0x20, 0x69, 0x73, 0x2c, 0x0a, 0x20, 0x20, 
        0x20, 0x20, 0x20, 0x20, 0x20, 0x20, 0x20, 0x2a, 0x20, 0x61, 0x6e, 0x64, 
        0x20, 0x6e, 0x6f, 0x74, 0x68, 0x69, 0x6e, 0x67, 0x20, 0x68, 0x65, 0x72, 
        0x65, 0x20, 0x63, 0x61, 0x6e, 0x20, 0x64, 0x6f, 0x20, 0x61, 0x6e, 0x79, 
        0x74, 0x68, 0x69, 0x6e, 0x67, 0x20, 0x61, 0x62, 0x6f, 0x75, 0x74, 0x20, 
        0x69, 0x74, 0x2e, 0x0a, 0x20, 0x20, 0x20, 0x20, 0x20, 0x20, 0x20, 0x20, 
        0x20, 0x2a, 0x2f, 0x0a, 0x20, 0x20, 0x20, 0x20, 0x20, 0x20, 0x20, 0x20, 
        0x63, 0x6f, 0x6e, 0x73, 0x74, 0x20, 0x66, 0x75, 0x6e, 0x63, 0x74, 0x69, 
        0x6f, 0x6e, 0x20, 0x63, 0x5f, 0x73, 0x74, 0x72, 0x28, 0x29, 0x20, 0x3a, 
        0x20, 0x70, 0x74, 0x72, 0x3c, 0x63, 0x6f, 0x6e, 0x73, 0x74, 0x20, 0x75, 
        0x69, 0x6e, 0x74, 0x38, 0x3e, 0x0a, 0x20, 0x20, 0x20, 0x20, 0x20, 0x20, 
        0x20, 0x20, 0x7b, 0x0a, 0x20, 0x20, 0x20, 0x20, 0x20, 0x20, 0x20, 0x20, 
        0x20, 0x20, 0x20, 0x20, 0x61, 0x73, 0x73, 0x65, 0x72, 0x74, 0x28, 0x24, 
        0x74, 0x68, 0x69, 0x73, 0x2d, 0x3e, 0x69, 0x73, 0x5f, 0x74, 0x65, 0x72, 
        0x6d, 0x69, 0x6e, 0x61, 0x74, 0x65, 0x64, 0x28, 0x29, 0x2c, 0x20, 0x27, 
        0x73, 0x74, 0x72, 0x69, 0x6e, 0x67, 0x20, 0x69, 0x73, 0x20, 0x6e, 0x6f, 
        0x74, 0x20, 0x4e, 0x55, 0x4c, 0x20, 0x74, 0x65, 0x72, 0x6d, 0x69, 0x6e, 
        0x61, 0x74, 0x65, 0x64, 0x20, 0x2d, 0x20, 0x63, 0x6c, 0x6f, 0x6e, 0x65, 
        0x20, 0x69, 0x74, 0x20, 0x66, 0x69, 0x72, 0x73, 0x74, 0x27, 0x29, 0x3b, 
        0x0a, 0x0a, 0x20, 0x20, 0x20, 0x20, 0x20, 0x20, 0x20, 0x20, 0x20, 0x20, 
        0x20, 0x20, 0x72, 0x65, 0x74, 0x75, 0x72, 0x6e, 0x20, 0x24, 0x74, 0x68, 
        0x69, 0x73, 0x2d, 0x3e, 0x62, 0x79, 0x74, 0x65, 0x73, 0x3b, 0x0a, 0x20, 
        0x20, 0x20, 0x20, 0x20, 0x20, 0x20, 0x20, 0x7d, 0x0a, 0x20, 0x20, 0x20, 
        0x20, 0x7d, 0x0a, 0x0a, 0x20, 0x20, 0x20, 0x20, 0x73, 0x74, 0x72, 0x69, 
        0x6e, 0x67, 0x3a, 0x3a, 0x76, 0x69, 0x65, 0x77, 0x20, 0x24, 0x77, 0x69, 
        0x6e, 0x64, 0x6f, 0x77, 0x3b, 0x0a, 0x20, 0x20, 0x20, 0x20, 0x73, 0x74, 
        0x72, 0x3a, 0x3a, 0x62, 0x75, 0x66, 0x20, 0x24, 0x6f, 0x77, 0x6e, 0x65, 
        0x72, 0x3b, 0x0a, 0x0a, 0x20, 0x20, 0x20, 0x20, 0x2f, 0x2a, 0x2a, 0x0a, 
        0x20, 0x20, 0x20, 0x20, 0x20, 0x2a, 0x20, 0x54, 0x68, 0x65, 0x20, 0x77, 
        0x68, 0x6f, 0x6c, 0x65, 0x20, 0x73, 0x74, 0x72, 0x69, 0x6e, 0x67, 0x20, 
        0x61, 0x73, 0x20, 0x61, 0x20, 0x62, 0x6f, 0x72, 0x72, 0x6f, 0x77, 0x65, 
        0x64, 0x20, 0x77, 0x69, 0x6e, 0x64, 0x6f, 0x77, 0x2e, 0x0a, 0x20, 0x20, 
        0x20, 0x20, 0x20, 0x2a, 0x0a, 0x20, 0x20, 0x20, 0x20, 0x20, 0x2a, 0x20, 
        0x4d, 0x61, 0x72, 0x6b, 0x65, 0x64, 0x2c, 0x20, 0x6e, 0x6f, 0x74, 0x20, 
        0x6e, 0x61, 0x6d, 0x65, 0x64, 0x3a, 0x20, 0x74, 0x68, 0x65, 0x20, 0x63, 
        0x6f, 0x6d, 0x70, 0x69, 0x6c, 0x65, 0x72, 0x20, 0x66, 0x69, 0x6e, 0x64, 
        0x73, 0x20, 0x74, 0x68, 0x65, 0x20, 0x63, 0x6f, 0x6e, 0x76, 0x65, 0x72, 
        0x73, 0x69, 0x6f, 0x6e, 0x20, 0x62, 0x79, 0x20, 0x60, 0x23, 0x5b, 0x69, 
        0x6d, 0x70, 0x6c, 0x69, 0x63, 0x69, 0x74, 0x5d, 0x60, 0x20, 0x61, 0x6e, 
        0x64, 0x20, 0x6e, 0x65, 0x76, 0x65, 0x72, 0x20, 0x62, 0x79, 0x20, 0x74, 
        0x68, 0x65, 0x0a, 0x20, 0x20, 0x20, 0x20, 0x20, 0x2a, 0x20, 0x73, 0x70, 
        0x65, 0x6c, 0x6c, 0x69, 0x6e, 0x67, 0x2e, 0x20, 0x49, 0x74, 0x20, 0x66, 
        0x69, 0x72, 0x65, 0x73, 0x20, 0x77, 0x68, 0x65, 0x72, 0x65, 0x76, 0x65, 
        0x72, 0x20, 0x61, 0x20, 0x60, 0x73, 0x74, 0x72, 0x69, 0x6e, 0x67, 0x60, 
        0x20, 0x6d, 0x65, 0x65, 0x74, 0x73, 0x20, 0x61, 0x20, 0x60, 0x73, 0x74, 
        0x72, 0x69, 0x6e, 0x67, 0x3a, 0x3a, 0x76, 0x69, 0x65, 0x77, 0x60, 0x20, 
        0x70, 0x61, 0x72, 0x61, 0x6d, 0x65, 0x74, 0x65, 0x72, 0x20, 0x77, 0x69, 
        0x74, 0x68, 0x20, 0x6e, 0x6f, 0x74, 0x68, 0x69, 0x6e, 0x67, 0x20, 0x77, 
        0x72, 0x69, 0x74, 0x74, 0x65, 0x6e, 0x20, 0x61, 0x74, 0x0a, 0x20, 0x20, 
        0x20, 0x20, 0x20, 0x2a, 0x20, 0x74, 0x68, 0x65, 0x20, 0x63, 0x61, 0x6c, 
        0x6c, 0x20, 0x73, 0x69, 0x74, 0x65, 0x2c, 0x20, 0x61, 0x6e, 0x64, 0x20, 
        0x69, 0x74, 0x20, 0x63, 0x6f, 0x73, 0x74, 0x73, 0x20, 0x6e, 0x6f, 0x20, 
        0x72, 0x65, 0x66, 0x65, 0x72, 0x65, 0x6e, 0x63, 0x65, 0x20, 0x63, 0x6f, 
        0x75, 0x6e, 0x74, 0x20, 0x61, 0x74, 0x20, 0x61, 0x6c, 0x6c, 0x20, 0x2d, 
        0x20, 0x77, 0x68, 0x69, 0x63, 0x68, 0x20, 0x69, 0x73, 0x20, 0x74, 0x68, 
        0x65, 0x20, 0x65, 0x6e, 0x74, 0x69, 0x72, 0x65, 0x20, 0x72, 0x65, 0x61, 
        0x73, 0x6f, 0x6e, 0x0a, 0x20, 0x20, 0x20, 0x20, 0x20, 0x2a, 0x20, 0x60, 
        0x73, 0x74, 0x72, 0x69, 0x6e, 0x67, 0x3a, 0x3a, 0x76, 0x69, 0x65, 0x77, 
        0x60, 0x20, 0x69, 0x73, 0x20, 0x61, 0x20, 0x70, 0x75, 0x62, 0x6c, 0x69, 
        0x63, 0x20, 0x74, 0x79, 0x70, 0x65, 0x2e, 0x20, 0x41, 0x20, 0x64, 0x65, 
        0x63, 0x6c, 0x61, 0x72, 0x65, 0x64, 0x20, 0x63, 0x6f, 0x6e, 0x76, 0x65, 
        0x72, 0x73, 0x69, 0x6f, 0x6e, 0x20, 0x72, 0x61, 0x6e, 0x6b, 0x73, 0x20, 
        0x62, 0x65, 0x6c, 0x6f, 0x77, 0x20, 0x65, 0x76, 0x65, 0x72, 0x79, 0x20, 
        0x62, 0x75, 0x69, 0x6c, 0x74, 0x2d, 0x69, 0x6e, 0x20, 0x6f, 0x6e, 0x65, 
        0x2c, 0x20, 0x73, 0x6f, 0x20, 0x61, 0x6e, 0x0a, 0x20, 0x20, 0x20, 0x20, 
        0x20, 0x2a, 0x20, 0x6f, 0x76, 0x65, 0x72, 0x6c, 0x6f, 0x61, 0x64, 0x20, 
        0x74, 0x61, 0x6b, 0x69, 0x6e, 0x67, 0x20, 0x60, 0x73, 0x74, 0x72, 0x69, 
        0x6e, 0x67, 0x60, 0x20, 0x73, 0x74, 0x69, 0x6c, 0x6c, 0x20, 0x77, 0x69, 
        0x6e, 0x73, 0x20, 0x6f, 0x75, 0x74, 0x72, 0x69, 0x67, 0x68, 0x74, 0x2e, 
        0x0a, 0x20, 0x20, 0x20, 0x20, 0x20, 0x2a, 0x0a, 0x20, 0x20, 0x20, 0x20, 
        0x20, 0x2a, 0x20, 0x54, 0x68, 0x65, 0x20, 0x70, 0x61, 0x72, 0x61, 0x6d, 
        0x65, 0x74, 0x65, 0x72, 0x20, 0x6d, 0x61, 0x79, 0x20, 0x62, 0x65, 0x20, 
        0x61, 0x20, 0x62, 0x6f, 0x72, 0x72, 0x6f, 0x77, 0x2c, 0x20, 0x60, 0x73, 
        0x74, 0x72, 0x69, 0x6e, 0x67, 0x3a, 0x3a, 0x76, 0x69, 0x65, 0x77, 0x26, 
        0x60, 0x2c, 0x20, 0x61, 0x6e, 0x64, 0x20, 0x74, 0x68, 0x65, 0x20, 0x61, 
        0x72, 0x67, 0x75, 0x6d, 0x65, 0x6e, 0x74, 0x20, 0x6d, 0x61, 0x79, 0x20, 
        0x62, 0x65, 0x20, 0x61, 0x20, 0x6c, 0x69, 0x74, 0x65, 0x72, 0x61, 0x6c, 
        0x20, 0x6f, 0x72, 0x20, 0x61, 0x20, 0x63, 0x61, 0x6c, 0x6c, 0x0a, 0x20, 
        0x20, 0x20, 0x20, 0x20, 0x2a, 0x20, 0x72, 0x65, 0x73, 0x75, 0x6c, 0x74, 
        0x2e, 0x20, 0x4e, 0x65, 0x69, 0x74, 0x68, 0x65, 0x72, 0x20, 0x68, 0x61, 
        0x73, 0x20, 0x61, 0x6e, 0x20, 0x61, 0x64, 0x64, 0x72, 0x65, 0x73, 0x73, 
        0x20, 0x66, 0x6f, 0x72, 0x20, 0x60, 0x24, 0x74, 0x68, 0x69, 0x73, 0x60, 
        0x2c, 0x20, 0x73, 0x6f, 0x20, 0x74, 0x68, 0x65, 0x20, 0x63, 0x6f, 0x6d, 
        0x70, 0x69, 0x6c, 0x65, 0x72, 0x20, 0x62, 0x69, 0x6e, 0x64, 0x73, 0x20, 
        0x6f, 0x6e, 0x65, 0x20, 0x66, 0x6f, 0x72, 0x20, 0x74, 0x68, 0x65, 0x20, 
        0x64, 0x75, 0x72, 0x61, 0x74, 0x69, 0x6f, 0x6e, 0x20, 0x6f, 0x66, 0x20, 
        0x74, 0x68, 0x65, 0x0a, 0x20, 0x20, 0x20, 0x20, 0x20, 0x2a, 0x20, 0x73, 
        0x74, 0x61, 0x74, 0x65, 0x6d, 0x65, 0x6e, 0x74, 0x20, 0x2d, 0x20, 0x74, 
        0x68, 0x65, 0x20, 0x73, 0x61, 0x6d, 0x65, 0x20, 0x74, 0x65, 0x6d, 0x70, 
        0x6f, 0x72, 0x61, 0x72, 0x79, 0x20, 0x61, 0x6e, 0x79, 0x20, 0x6f, 0x74, 
        0x68, 0x65, 0x72, 0x20, 0x62, 0x6f, 0x72, 0x72, 0x6f, 0x77, 0x20, 0x61, 
        0x72, 0x67, 0x75, 0x6d, 0x65, 0x6e, 0x74, 0x20, 0x67, 0x65, 0x74, 0x73, 
        0x2e, 0x0a, 0x20, 0x20, 0x20, 0x20, 0x20, 0x2a, 0x2f, 0x0a, 0x20, 0x20, 
        0x20, 0x20, 0x23, 0x5b, 0x69, 0x6d, 0x70, 0x6c, 0x69, 0x63, 0x69, 0x74, 
        0x5d, 0x0a, 0x20, 0x20, 0x20, 0x20, 0x63, 0x6f, 0x6e, 0x73, 0x74, 0x20, 
        0x66, 0x75, 0x6e, 0x63, 0x74, 0x69, 0x6f, 0x6e, 0x20, 0x76, 0x69, 0x65, 
        0x77, 0x28, 0x29, 0x20, 0x3a, 0x20, 0x73, 0x74, 0x72, 0x69, 0x6e, 0x67, 
        0x3a, 0x3a, 0x76, 0x69, 0x65, 0x77, 0x0a, 0x20, 0x20, 0x20, 0x20, 0x7b, 
        0x0a, 0x20, 0x20, 0x20, 0x20, 0x20, 0x20, 0x20, 0x20, 0x72, 0x65, 0x74, 
        0x75, 0x72, 0x6e, 0x20, 0x24, 0x74, 0x68, 0x69, 0x73, 0x2d, 0x3e, 0x77, 
        0x69, 0x6e, 0x64, 0x6f, 0x77, 0x3b, 0x0a, 0x20, 0x20, 0x20, 0x20, 0x7d, 
        0x0a, 0x0a, 0x20, 0x20, 0x20, 0x20, 0x2f, 0x2a, 0x2a, 0x0a, 0x20, 0x20, 
        0x20, 0x20, 0x20, 0x2a, 0x20, 0x54, 0x68, 0x65, 0x20, 0x62, 0x79, 0x74, 
        0x65, 0x20, 0x63, 0x6f, 0x75, 0x6e, 0x74, 0x2e, 0x20, 0x4f, 0x28, 0x31, 
        0x29, 0x20, 0x2d, 0x20, 0x69, 0x74, 0x20, 0x69, 0x73, 0x20, 0x61, 0x20, 
        0x66, 0x69, 0x65, 0x6c, 0x64, 0x2c, 0x20, 0x6e, 0x6f, 0x74, 0x20, 0x61, 
        0x20, 0x77, 0x61, 0x6c, 0x6b, 0x2e, 0x20, 0x53, 0x65, 0x65, 0x20, 0x60, 
        0x63, 0x68, 0x61, 0x72, 0x5f, 0x63, 0x6f, 0x75, 0x6e, 0x74, 0x60, 0x2e, 
        0x0a, 0x20, 0x20, 0x20, 0x20, 0x20, 0x2a, 0x2f, 0x0a, 0x20, 0x20, 0x20, 
        0x20, 0x63, 0x6f, 0x6e, 0x73, 0x74, 0x20, 0x66, 0x75, 0x6e, 0x63, 0x74, 
        0x69, 0x6f, 0x6e, 0x20, 0x73, 0x69, 0x7a, 0x65, 0x28, 0x29, 0x20, 0x3a, 
        0x20, 0x75, 0x73, 0x69, 0x7a, 0x65, 0x0a, 0x20, 0x20, 0x20, 0x20, 0x7b, 
        0x0a, 0x20, 0x20, 0x20, 0x20, 0x20, 0x20, 0x20, 0x20, 0x72, 0x65, 0x74, 
        0x75, 0x72, 0x6e, 0x20, 0x24, 0x74, 0x68, 0x69, 0x73, 0x2d, 0x3e, 0x77, 
        0x69, 0x6e, 0x64, 0x6f, 0x77, 0x2d, 0x3e, 0x73, 0x69, 0x7a, 0x65, 0x3b, 
        0x0a, 0x20, 0x20, 0x20, 0x20, 0x7d, 0x0a, 0x0a, 0x20, 0x20, 0x20, 0x20, 
        0x63, 0x6f, 0x6e, 0x73, 0x74, 0x20, 0x66, 0x75, 0x6e, 0x63, 0x74, 0x69, 
        0x6f, 0x6e, 0x20, 0x69, 0x73, 0x5f, 0x65, 0x6d, 0x70, 0x74, 0x79, 0x28, 
        0x29, 0x20, 0x3a, 0x20, 0x62, 0x6f, 0x6f, 0x6c, 0x0a, 0x20, 0x20, 0x20, 
        0x20, 0x7b, 0x0a, 0x20, 0x20, 0x20, 0x20, 0x20, 0x20, 0x20, 0x20, 0x72, 
        0x65, 0x74, 0x75, 0x72, 0x6e, 0x20, 0x24, 0x74, 0x68, 0x69, 0x73, 0x2d, 
        0x3e, 0x77, 0x69, 0x6e, 0x64, 0x6f, 0x77, 0x2d, 0x3e, 0x69, 0x73, 0x5f, 
        0x65, 0x6d, 0x70, 0x74, 0x79, 0x28, 0x29, 0x3b, 0x0a, 0x20, 0x20, 0x20, 
        0x20, 0x7d, 0x0a, 0x0a, 0x20, 0x20, 0x20, 0x20, 0x63, 0x6f, 0x6e, 0x73, 
        0x74, 0x20, 0x66, 0x75, 0x6e, 0x63, 0x74, 0x69, 0x6f, 0x6e, 0x20, 0x62, 
        0x79, 0x74, 0x65, 0x5f, 0x61, 0x74, 0x28, 0x75, 0x73, 0x69, 0x7a, 0x65, 
        0x20, 0x24, 0x69, 0x6e, 0x64, 0x65, 0x78, 0x29, 0x20, 0x3a, 0x20, 0x75, 
        0x69, 0x6e, 0x74, 0x38, 0x0a, 0x20, 0x20, 0x20, 0x20, 0x7b, 0x0a, 0x20, 
        0x20, 0x20, 0x20, 0x20, 0x20, 0x20, 0x20, 0x72, 0x65, 0x74, 0x75, 0x72, 
        0x6e, 0x20, 0x24, 0x74, 0x68, 0x69, 0x73, 0x2d, 0x3e, 0x77, 0x69, 0x6e, 
        0x64, 0x6f, 0x77, 0x2d, 0x3e, 0x62, 0x79, 0x74, 0x65, 0x5f, 0x61, 0x74, 
        0x28, 0x24, 0x69, 0x6e, 0x64, 0x65, 0x78, 0x29, 0x3b, 0x0a, 0x20, 0x20, 
        0x20, 0x20, 0x7d, 0x0a, 0x0a, 0x20, 0x20, 0x20, 0x20, 0x2f, 0x2a, 0x2a, 
        0x0a, 0x20, 0x20, 0x20, 0x20, 0x20, 0x2a, 0x20, 0x54, 0x68, 0x65, 0x20, 
        0x73, 0x75, 0x62, 0x73, 0x74, 0x72, 0x69, 0x6e, 0x67, 0x20, 0x60, 0x24, 
        0x6c, 0x65, 0x6e, 0x60, 0x20, 0x62, 0x79, 0x74, 0x65, 0x73, 0x20, 0x77, 
        0x69, 0x64, 0x65, 0x20, 0x62, 0x65, 0x67, 0x69, 0x6e, 0x6e, 0x69, 0x6e, 
        0x67, 0x20, 0x60, 0x24, 0x66, 0x72, 0x6f, 0x6d, 0x60, 0x20, 0x62, 0x79, 
        0x74, 0x65, 0x73, 0x20, 0x69, 0x6e, 0x2c, 0x20, 0x2a, 0x2a, 0x73, 0x68, 
        0x61, 0x72, 0x69, 0x6e, 0x67, 0x20, 0x74, 0x68, 0x65, 0x20, 0x62, 0x75, 
        0x66, 0x66, 0x65, 0x72, 0x2a, 0x2a, 0x2e, 0x0a, 0x20, 0x20, 0x20, 0x20, 
        0x20, 0x2a, 0x0a, 0x20, 0x20, 0x20, 0x20, 0x20, 0x2a, 0x20, 0x4e, 0x6f, 
        0x20, 0x62, 0x79, 0x74, 0x65, 0x73, 0x20, 0x61, 0x72, 0x65, 0x20, 0x63, 
        0x6f, 0x70, 0x69, 0x65, 0x64, 0x20, 0x61, 0x6e, 0x64, 0x20, 0x6e, 0x6f, 
        0x74, 0x68, 0x69, 0x6e, 0x67, 0x20, 0x69, 0x73, 0x20, 0x61, 0x6c, 0x6c, 
        0x6f, 0x63, 0x61, 0x74, 0x65, 0x64, 0x3a, 0x20, 0x74, 0x68, 0x65, 0x20, 
        0x77, 0x69, 0x6e, 0x64, 0x6f, 0x77, 0x20, 0x6e, 0x61, 0x72, 0x72, 0x6f, 
        0x77, 0x73, 0x20, 0x61, 0x6e, 0x64, 0x20, 0x74, 0x68, 0x65, 0x20, 0x6f, 
        0x77, 0x6e, 0x65, 0x72, 0x20, 0x74, 0x72, 0x61, 0x76, 0x65, 0x6c, 0x73, 
        0x20, 0x77, 0x69, 0x74, 0x68, 0x0a, 0x20, 0x20, 0x20, 0x20, 0x20, 0x2a, 
        0x20, 0x69, 0x74, 0x2c, 0x20, 0x6f, 0x6e, 0x65, 0x20, 0x72, 0x65, 0x74, 
        0x61, 0x69, 0x6e, 0x2e, 0x20, 0x54, 0x68, 0x61, 0x74, 0x20, 0x69, 0x73, 
        0x20, 0x61, 0x6c, 0x73, 0x6f, 0x20, 0x77, 0x68, 0x61, 0x74, 0x20, 0x6b, 
        0x65, 0x65, 0x70, 0x73, 0x20, 0x74, 0x68, 0x65, 0x20, 0x62, 0x79, 0x74, 
        0x65, 0x73, 0x20, 0x61, 0x6c, 0x69, 0x76, 0x65, 0x20, 0x66, 0x6f, 0x72, 
        0x20, 0x65, 0x78, 0x61, 0x63, 0x74, 0x6c, 0x79, 0x20, 0x61, 0x73, 0x20, 
        0x6c, 0x6f, 0x6e, 0x67, 0x20, 0x61, 0x73, 0x20, 0x74, 0x68, 0x65, 0x20, 
        0x73, 0x75, 0x62, 0x73, 0x74, 0x72, 0x69, 0x6e, 0x67, 0x0a, 0x20, 0x20, 
        0x20, 0x20, 0x20, 0x2a, 0x20, 0x6e, 0x61, 0x6d, 0x65, 0x73, 0x20, 0x74, 
        0x68, 0x65, 0x6d, 0x2c, 0x20, 0x77, 0x68, 0x69, 0x63, 0x68, 0x20, 0x61, 
        0x20, 0x62, 0x61, 0x72, 0x65, 0x20, 0x60, 0x73, 0x74, 0x72, 0x69, 0x6e, 
        0x67, 0x3a, 0x3a, 0x76, 0x69, 0x65, 0x77, 0x60, 0x20, 0x77, 0x6f, 0x75, 
        0x6c, 0x64, 0x20, 0x6e, 0x6f, 0x74, 0x2e, 0x0a, 0x20, 0x20, 0x20, 0x20, 
        0x20, 0x2a, 0x0a, 0x20, 0x20, 0x20, 0x20, 0x20, 0x2a, 0x20, 0x54, 0x68, 
        0x65, 0x20, 0x63, 0x6f, 0x73, 0x74, 0x20, 0x6c, 0x61, 0x6e, 0x64, 0x73, 
        0x20, 0x6c, 0x61, 0x74, 0x65, 0x72, 0x20, 0x69, 0x6e, 0x73, 0x74, 0x65, 
        0x61, 0x64, 0x2e, 0x20, 0x41, 0x20, 0x73, 0x75, 0x62, 0x73, 0x74, 0x72, 
        0x69, 0x6e, 0x67, 0x20, 0x6f, 0x66, 0x20, 0x61, 0x20, 0x6c, 0x61, 0x72, 
        0x67, 0x65, 0x20, 0x62, 0x75, 0x66, 0x66, 0x65, 0x72, 0x20, 0x6b, 0x65, 
        0x65, 0x70, 0x73, 0x20, 0x74, 0x68, 0x65, 0x20, 0x77, 0x68, 0x6f, 0x6c, 
        0x65, 0x20, 0x62, 0x75, 0x66, 0x66, 0x65, 0x72, 0x20, 0x61, 0x6c, 0x69, 
        0x76, 0x65, 0x2c, 0x20, 0x61, 0x6e, 0x64, 0x0a, 0x20, 0x20, 0x20, 0x20, 
        0x20, 0x2a, 0x20, 0x6d, 0x75, 0x74, 0x61, 0x74, 0x69, 0x6e, 0x67, 0x20, 
        0x65, 0x69, 0x74, 0x68, 0x65, 0x72, 0x20, 0x74, 0x68, 0x65, 0x20, 0x73, 
        0x75, 0x62, 0x73, 0x74, 0x72, 0x69, 0x6e, 0x67, 0x20, 0x6f, 0x72, 0x20, 
        0x69, 0x74, 0x73, 0x20, 0x70, 0x61, 0x72, 0x65, 0x6e, 0x74, 0x20, 0x6d, 
        0x61, 0x6b, 0x65, 0x73, 0x20, 0x61, 0x20, 0x63, 0x6f, 0x70, 0x79, 0x20, 
        0x2d, 0x20, 0x73, 0x65, 0x65, 0x20, 0x60, 0x6d, 0x61, 0x6b, 0x65, 0x5f, 
        0x75, 0x6e, 0x69, 0x71, 0x75, 0x65, 0x60, 0x2e, 0x20, 0x60, 0x2d, 0x3e, 
        0x63, 0x6c, 0x6f, 0x6e, 0x65, 0x28, 0x29, 0x60, 0x0a, 0x20, 0x20, 0x20, 
        0x20, 0x20, 0x2a, 0x20, 0x77, 0x68, 0x65, 0x6e, 0x20, 0x79, 0x6f, 0x75, 
        0x20, 0x77, 0x61, 0x6e, 0x74, 0x20, 0x74, 0x68, 0x65, 0x20, 0x73, 0x75, 
        0x62, 0x73, 0x74, 0x72, 0x69, 0x6e, 0x67, 0x20, 0x74, 0x6f, 0x20, 0x73, 
        0x74, 0x6f, 0x70, 0x20, 0x68, 0x6f, 0x6c, 0x64, 0x69, 0x6e, 0x67, 0x20, 
        0x74, 0x68, 0x65, 0x20, 0x70, 0x61, 0x72, 0x65, 0x6e, 0x74, 0x20, 0x75, 
        0x70, 0x2e, 0x0a, 0x20, 0x20, 0x20, 0x20, 0x20, 0x2a, 0x2f, 0x0a, 0x20, 
        0x20, 0x20, 0x20, 0x63, 0x6f, 0x6e, 0x73, 0x74, 0x20, 0x66, 0x75, 0x6e, 
        0x63, 0x74, 0x69, 0x6f, 0x6e, 0x20, 0x73, 0x75, 0x62, 0x28, 0x75, 0x73, 
        0x69, 0x7a, 0x65, 0x20, 0x24, 0x66, 0x72, 0x6f, 0x6d, 0x2c, 0x20, 0x75, 
        0x73, 0x69, 0x7a, 0x65, 0x20, 0x24, 0x6c, 0x65, 0x6e, 0x29, 0x20, 0x3a, 
        0x20, 0x73, 0x74, 0x72, 0x69, 0x6e, 0x67, 0x0a, 0x20, 0x20, 0x20, 0x20, 
        0x7b, 0x0a, 0x20, 0x20, 0x20, 0x20, 0x20, 0x20, 0x20, 0x20, 0x72, 0x65, 
        0x74, 0x75, 0x72, 0x6e, 0x20, 0x73, 0x74, 0x72, 0x69, 0x6e, 0x67, 0x28, 
        0x24, 0x74, 0x68, 0x69, 0x73, 0x2d, 0x3e, 0x77, 0x69, 0x6e, 0x64, 0x6f, 
        0x77, 0x2d, 0x3e, 0x73, 0x75, 0x62, 0x28, 0x24, 0x66, 0x72, 0x6f, 0x6d, 
        0x2c, 0x20, 0x24, 0x6c, 0x65, 0x6e, 0x29, 0x2c, 0x20, 0x24, 0x74, 0x68, 
        0x69, 0x73, 0x2d, 0x3e, 0x6f, 0x77, 0x6e, 0x65, 0x72, 0x29, 0x3b, 0x0a, 
        0x20, 0x20, 0x20, 0x20, 0x7d, 0x0a, 0x0a, 0x20, 0x20, 0x20, 0x20, 0x2f, 
        0x2a, 0x2a, 0x0a, 0x20, 0x20, 0x20, 0x20, 0x20, 0x2a, 0x20, 0x42, 0x79, 
        0x74, 0x65, 0x2d, 0x66, 0x6f, 0x72, 0x2d, 0x62, 0x79, 0x74, 0x65, 0x20, 
        0x65, 0x71, 0x75, 0x61, 0x6c, 0x69, 0x74, 0x79, 0x2c, 0x20, 0x61, 0x67, 
        0x61, 0x69, 0x6e, 0x73, 0x74, 0x20, 0x61, 0x6e, 0x79, 0x74, 0x68, 0x69, 
        0x6e, 0x67, 0x20, 0x74, 0x68, 0x61, 0x74, 0x20, 0x69, 0x73, 0x20, 0x61, 
        0x20, 0x60, 0x73, 0x74, 0x72, 0x69, 0x6e, 0x67, 0x60, 0x20, 0x2d, 0x20, 
        0x61, 0x20, 0x6c, 0x69, 0x74, 0x65, 0x72, 0x61, 0x6c, 0x20, 0x69, 0x6e, 
        0x63, 0x6c, 0x75, 0x64, 0x65, 0x64, 0x2e, 0x0a, 0x20, 0x20, 0x20, 0x20, 
        0x20, 0x2a, 0x0a, 0x20, 0x20, 0x20, 0x20, 0x20, 0x2a, 0x20, 0x42, 0x79, 
        0x20, 0x76, 0x61, 0x6c, 0x75, 0x65, 0x2c, 0x20, 0x77, 0x68, 0x69, 0x63, 
        0x68, 0x20, 0x63, 0x6f, 0x73, 0x74, 0x73, 0x20, 0x6f, 0x6e, 0x65, 0x20, 
        0x72, 0x65, 0x74, 0x61, 0x69, 0x6e, 0x20, 0x61, 0x6e, 0x64, 0x20, 0x6f, 
        0x6e, 0x65, 0x20, 0x72, 0x65, 0x6c, 0x65, 0x61, 0x73, 0x65, 0x2e, 0x20, 
        0x41, 0x20, 0x6c, 0x69, 0x74, 0x65, 0x72, 0x61, 0x6c, 0x20, 0x62, 0x69, 
        0x6e, 0x64, 0x73, 0x20, 0x74, 0x6f, 0x20, 0x61, 0x20, 0x60, 0x73, 0x74, 
        0x72, 0x69, 0x6e, 0x67, 0x26, 0x60, 0x20, 0x70, 0x61, 0x72, 0x61, 0x6d, 
        0x65, 0x74, 0x65, 0x72, 0x20, 0x6e, 0x6f, 0x77, 0x0a, 0x20, 0x20, 0x20, 
        0x20, 0x20, 0x2a, 0x20, 0x74, 0x68, 0x61, 0x74, 0x20, 0x74, 0x68, 0x65, 
        0x20, 0x63, 0x6f, 0x6d, 0x70, 0x69, 0x6c, 0x65, 0x72, 0x20, 0x67, 0x69, 
        0x76, 0x65, 0x73, 0x20, 0x61, 0x20, 0x6e, 0x6f, 0x6e, 0x2d, 0x70, 0x6c, 
        0x61, 0x63, 0x65, 0x20, 0x61, 0x72, 0x67, 0x75, 0x6d, 0x65, 0x6e, 0x74, 
        0x20, 0x73, 0x74, 0x6f, 0x72, 0x61, 0x67, 0x65, 0x2c, 0x20, 0x73, 0x6f, 
        0x20, 0x74, 0x68, 0x69, 0x73, 0x20, 0x63, 0x6f, 0x75, 0x6c, 0x64, 0x20, 
        0x62, 0x65, 0x20, 0x61, 0x20, 0x62, 0x6f, 0x72, 0x72, 0x6f, 0x77, 0x20, 
        0x2d, 0x20, 0x74, 0x68, 0x65, 0x20, 0x73, 0x69, 0x67, 0x6e, 0x61, 0x74, 
        0x75, 0x72, 0x65, 0x0a, 0x20, 0x20, 0x20, 0x20, 0x20, 0x2a, 0x20, 0x69, 
        0x73, 0x20, 0x73, 0x69, 0x6d, 0x70, 0x6c, 0x79, 0x20, 0x6e, 0x6f, 0x74, 
        0x20, 0x77, 0x6f, 0x72, 0x74, 0x68, 0x20, 0x63, 0x68, 0x61, 0x6e, 0x67, 
        0x69, 0x6e, 0x67, 0x20, 0x75, 0x6e, 0x64, 0x65, 0x72, 0x20, 0x65, 0x76, 
        0x65, 0x72, 0x79, 0x74, 0x68, 0x69, 0x6e, 0x67, 0x20, 0x74, 0x68, 0x61, 
        0x74, 0x20, 0x63, 0x61, 0x6c, 0x6c, 0x73, 0x20, 0x69, 0x74, 0x2e, 0x20, 
        0x4f, 0x6e, 0x20, 0x61, 0x20, 0x68, 0x6f, 0x74, 0x20, 0x70, 0x61, 0x74, 
        0x68, 0x20, 0x77, 0x72, 0x69, 0x74, 0x65, 0x0a, 0x20, 0x20, 0x20, 0x20, 
        0x20, 0x2a, 0x20, 0x60, 0x24, 0x61, 0x2d, 0x3e, 0x77, 0x69, 0x6e, 0x64, 
        0x6f, 0x77, 0x2d, 0x3e, 0x65, 0x71, 0x75, 0x61, 0x6c, 0x73, 0x28, 0x24, 
        0x62, 0x2d, 0x3e, 0x77, 0x69, 0x6e, 0x64, 0x6f, 0x77, 0x29, 0x60, 0x2c, 
        0x20, 0x77, 0x68, 0x69, 0x63, 0x68, 0x20, 0x69, 0x73, 0x20, 0x74, 0x68, 
        0x65, 0x20, 0x73, 0x61, 0x6d, 0x65, 0x20, 0x63, 0x6f, 0x6d, 0x70, 0x61, 
        0x72, 0x69, 0x73, 0x6f, 0x6e, 0x20, 0x77, 0x69, 0x74, 0x68, 0x20, 0x6e, 
        0x65, 0x69, 0x74, 0x68, 0x65, 0x72, 0x20, 0x63, 0x6f, 0x75, 0x6e, 0x74, 
        0x2e, 0x0a, 0x20, 0x20, 0x20, 0x20, 0x20, 0x2a, 0x2f, 0x0a, 0x20, 0x20, 
        0x20, 0x20, 0x63, 0x6f, 0x6e, 0x73, 0x74, 0x20, 0x66, 0x75, 0x6e, 0x63, 
        0x74, 0x69, 0x6f, 0x6e, 0x20, 0x65, 0x71, 0x75, 0x61, 0x6c, 0x73, 0x28, 
        0x73, 0x74, 0x72, 0x69, 0x6e, 0x67, 0x20, 0x24, 0x6f, 0x74, 0x68, 0x65, 
        0x72, 0x29, 0x20, 0x3a, 0x20, 0x62, 0x6f, 0x6f, 0x6c, 0x0a, 0x20, 0x20, 
        0x20, 0x20, 0x7b, 0x0a, 0x20, 0x20, 0x20, 0x20, 0x20, 0x20, 0x20, 0x20, 
        0x72, 0x65, 0x74, 0x75, 0x72, 0x6e, 0x20, 0x24, 0x74, 0x68, 0x69, 0x73, 
        0x2d, 0x3e, 0x77, 0x69, 0x6e, 0x64, 0x6f, 0x77, 0x2d, 0x3e, 0x65, 0x71, 
        0x75, 0x61, 0x6c, 0x73, 0x28, 0x24, 0x6f, 0x74, 0x68, 0x65, 0x72, 0x2d, 
        0x3e, 0x77, 0x69, 0x6e, 0x64, 0x6f, 0x77, 0x29, 0x3b, 0x0a, 0x20, 0x20, 
        0x20, 0x20, 0x7d, 0x0a, 0x0a, 0x20, 0x20, 0x20, 0x20, 0x63, 0x6f, 0x6e, 
        0x73, 0x74, 0x20, 0x66, 0x75, 0x6e, 0x63, 0x74, 0x69, 0x6f, 0x6e, 0x20, 
        0x73, 0x74, 0x61, 0x72, 0x74, 0x73, 0x5f, 0x77, 0x69, 0x74, 0x68, 0x28, 
        0x73, 0x74, 0x72, 0x69, 0x6e, 0x67, 0x20, 0x24, 0x70, 0x72, 0x65, 0x66, 
        0x69, 0x78, 0x29, 0x20, 0x3a, 0x20, 0x62, 0x6f, 0x6f, 0x6c, 0x0a, 0x20, 
        0x20, 0x20, 0x20, 0x7b, 0x0a, 0x20, 0x20, 0x20, 0x20, 0x20, 0x20, 0x20, 
        0x20, 0x72, 0x65, 0x74, 0x75, 0x72, 0x6e, 0x20, 0x24, 0x74, 0x68, 0x69, 
        0x73, 0x2d, 0x3e, 0x77, 0x69, 0x6e, 0x64, 0x6f, 0x77, 0x2d, 0x3e, 0x73, 
        0x74, 0x61, 0x72, 0x74, 0x73, 0x5f, 0x77, 0x69, 0x74, 0x68, 0x28, 0x24, 
        0x70, 0x72, 0x65, 0x66, 0x69, 0x78, 0x2d, 0x3e, 0x77, 0x69, 0x6e, 0x64, 
        0x6f, 0x77, 0x29, 0x3b, 0x0a, 0x20, 0x20, 0x20, 0x20, 0x7d, 0x0a, 0x0a, 
        0x20, 0x20, 0x20, 0x20, 0x63, 0x6f, 0x6e, 0x73, 0x74, 0x20, 0x66, 0x75, 
        0x6e, 0x63, 0x74, 0x69, 0x6f, 0x6e, 0x20, 0x65, 0x6e, 0x64, 0x73, 0x5f, 
        0x77, 0x69, 0x74, 0x68, 0x28, 0x73, 0x74, 0x72, 0x69, 0x6e, 0x67, 0x20, 
        0x24, 0x73, 0x75, 0x66, 0x66, 0x69, 0x78, 0x29, 0x20, 0x3a, 0x20, 0x62, 
        0x6f, 0x6f, 0x6c, 0x0a, 0x20, 0x20, 0x20, 0x20, 0x7b, 0x0a, 0x20, 0x20, 
        0x20, 0x20, 0x20, 0x20, 0x20, 0x20, 0x72, 0x65, 0x74, 0x75, 0x72, 0x6e, 
        0x20, 0x24, 0x74, 0x68, 0x69, 0x73, 0x2d, 0x3e, 0x77, 0x69, 0x6e, 0x64, 
        0x6f, 0x77, 0x2d, 0x3e, 0x65, 0x6e, 0x64, 0x73, 0x5f, 0x77, 0x69, 0x74, 
        0x68, 0x28, 0x24, 0x73, 0x75, 0x66, 0x66, 0x69, 0x78, 0x2d, 0x3e, 0x77, 
        0x69, 0x6e, 0x64, 0x6f, 0x77, 0x29, 0x3b, 0x0a, 0x20, 0x20, 0x20, 0x20, 
        0x7d, 0x0a, 0x0a, 0x20, 0x20, 0x20, 0x20, 0x2f, 0x2a, 0x2a, 0x0a, 0x20, 
        0x20, 0x20, 0x20, 0x20, 0x2a, 0x20, 0x54, 0x68, 0x65, 0x20, 0x62, 0x79, 
        0x74, 0x65, 0x20, 0x6f, 0x66, 0x66, 0x73, 0x65, 0x74, 0x20, 0x6f, 0x66, 
        0x20, 0x74, 0x68, 0x65, 0x20, 0x66, 0x69, 0x72, 0x73, 0x74, 0x20, 0x6f, 
        0x63, 0x63, 0x75, 0x72, 0x72, 0x65, 0x6e, 0x63, 0x65, 0x20, 0x6f, 0x66, 
        0x20, 0x60, 0x24, 0x6e, 0x65, 0x65, 0x64, 0x6c, 0x65, 0x60, 0x2c, 0x20, 
        0x6f, 0x72, 0x20, 0x60, 0x24, 0x74, 0x68, 0x69, 0x73, 0x2d, 0x3e, 0x73, 
        0x69, 0x7a, 0x65, 0x28, 0x29, 0x60, 0x20, 0x77, 0x68, 0x65, 0x6e, 0x20, 
        0x74, 0x68, 0x65, 0x72, 0x65, 0x20, 0x69, 0x73, 0x20, 0x6e, 0x6f, 0x6e, 
        0x65, 0x2e, 0x0a, 0x20, 0x20, 0x20, 0x20, 0x20, 0x2a, 0x2f, 0x0a, 0x20, 
        0x20, 0x20, 0x20, 0x63, 0x6f, 0x6e, 0x73, 0x74, 0x20, 0x66, 0x75, 0x6e, 
        0x63, 0x74, 0x69, 0x6f, 0x6e, 0x20, 0x69, 0x6e, 0x64, 0x65, 0x78, 0x5f, 
        0x6f, 0x66, 0x28, 0x73, 0x74, 0x72, 0x69, 0x6e, 0x67, 0x20, 0x24, 0x6e, 
        0x65, 0x65, 0x64, 0x6c, 0x65, 0x29, 0x20, 0x3a, 0x20, 0x75, 0x73, 0x69, 
        0x7a, 0x65, 0x0a, 0x20, 0x20, 0x20, 0x20, 0x7b, 0x0a, 0x20, 0x20, 0x20, 
        0x20, 0x20, 0x20, 0x20, 0x20, 0x72, 0x65, 0x74, 0x75, 0x72, 0x6e, 0x20, 
        0x24, 0x74, 0x68, 0x69, 0x73, 0x2d, 0x3e, 0x77, 0x69, 0x6e, 0x64, 0x6f, 
        0x77, 0x2d, 0x3e, 0x69, 0x6e, 0x64, 0x65, 0x78, 0x5f, 0x6f, 0x66, 0x28, 
        0x24, 0x6e, 0x65, 0x65, 0x64, 0x6c, 0x65, 0x2d, 0x3e, 0x77, 0x69, 0x6e, 
        0x64, 0x6f, 0x77, 0x29, 0x3b, 0x0a, 0x20, 0x20, 0x20, 0x20, 0x7d, 0x0a, 
        0x0a, 0x20, 0x20, 0x20, 0x20, 0x63, 0x6f, 0x6e, 0x73, 0x74, 0x20, 0x66, 
        0x75, 0x6e, 0x63, 0x74, 0x69, 0x6f, 0x6e, 0x20, 0x63, 0x6f, 0x6e, 0x74, 
        0x61, 0x69, 0x6e, 0x73, 0x28, 0x73, 0x74, 0x72, 0x69, 0x6e, 0x67, 0x20, 
        0x24, 0x6e, 0x65, 0x65, 0x64, 0x6c, 0x65, 0x29, 0x20, 0x3a, 0x20, 0x62, 
        0x6f, 0x6f, 0x6c, 0x0a, 0x20, 0x20, 0x20, 0x20, 0x7b, 0x0a, 0x20, 0x20, 
        0x20, 0x20, 0x20, 0x20, 0x20, 0x20, 0x72, 0x65, 0x74, 0x75, 0x72, 0x6e, 
        0x20, 0x24, 0x74, 0x68, 0x69, 0x73, 0x2d, 0x3e, 0x77, 0x69, 0x6e, 0x64, 
        0x6f, 0x77, 0x2d, 0x3e, 0x63, 0x6f, 0x6e, 0x74, 0x61, 0x69, 0x6e, 0x73, 
        0x28, 0x24, 0x6e, 0x65, 0x65, 0x64, 0x6c, 0x65, 0x2d, 0x3e, 0x77, 0x69, 
        0x6e, 0x64, 0x6f, 0x77, 0x29, 0x3b, 0x0a, 0x20, 0x20, 0x20, 0x20, 0x7d, 
        0x0a, 0x0a, 0x20, 0x20, 0x20, 0x20, 0x2f, 0x2a, 0x2a, 0x0a, 0x20, 0x20, 
        0x20, 0x20, 0x20, 0x2a, 0x20, 0x54, 0x68, 0x65, 0x20, 0x6e, 0x75, 0x6d, 
        0x62, 0x65, 0x72, 0x20, 0x6f, 0x66, 0x20, 0x55, 0x54, 0x46, 0x2d, 0x38, 
        0x20, 0x63, 0x6f, 0x64, 0x65, 0x70, 0x6f, 0x69, 0x6e, 0x74, 0x73, 0x2e, 
        0x20, 0x41, 0x20, 0x77, 0x61, 0x6c, 0x6b, 0x2c, 0x20, 0x75, 0x6e, 0x6c, 
        0x69, 0x6b, 0x65, 0x20, 0x60, 0x73, 0x69, 0x7a, 0x65, 0x28, 0x29, 0x60, 
        0x2e, 0x0a, 0x20, 0x20, 0x20, 0x20, 0x20, 0x2a, 0x2f, 0x0a, 0x20, 0x20, 
        0x20, 0x20, 0x63, 0x6f, 0x6e, 0x73, 0x74, 0x20, 0x66, 0x75, 0x6e, 0x63, 
        0x74, 0x69, 0x6f, 0x6e, 0x20, 0x63, 0x68, 0x61, 0x72, 0x5f, 0x63, 0x6f, 
        0x75, 0x6e, 0x74, 0x28, 0x29, 0x20, 0x3a, 0x20, 0x75, 0x73, 0x69, 0x7a, 
        0x65, 0x0a, 0x20, 0x20, 0x20, 0x20, 0x7b, 0x0a, 0x20, 0x20, 0x20, 0x20, 
        0x20, 0x20, 0x20, 0x20, 0x72, 0x65, 0x74, 0x75, 0x72, 0x6e, 0x20, 0x24, 
        0x74, 0x68, 0x69, 0x73, 0x2d, 0x3e, 0x77, 0x69, 0x6e, 0x64, 0x6f, 0x77, 
        0x2d, 0x3e, 0x63, 0x68, 0x61, 0x72, 0x5f, 0x63, 0x6f, 0x75, 0x6e, 0x74, 
        0x28, 0x29, 0x3b, 0x0a, 0x20, 0x20, 0x20, 0x20, 0x7d, 0x0a, 0x0a, 0x20, 
        0x20, 0x20, 0x20, 0x2f, 0x2a, 0x2a, 0x0a, 0x20, 0x20, 0x20, 0x20, 0x20, 
        0x2a, 0x20, 0x54, 0x72, 0x75, 0x65, 0x20, 0x77, 0x68, 0x65, 0x6e, 0x20, 
        0x74, 0x68, 0x69, 0x73, 0x20, 0x73, 0x74, 0x72, 0x69, 0x6e, 0x67, 0x27, 
        0x73, 0x20, 0x62, 0x79, 0x74, 0x65, 0x73, 0x20, 0x61, 0x72, 0x65, 0x20, 
        0x73, 0x61, 0x66, 0x65, 0x20, 0x74, 0x6f, 0x20, 0x68, 0x61, 0x6e, 0x64, 
        0x20, 0x74, 0x6f, 0x20, 0x43, 0x20, 0x61, 0x73, 0x2d, 0x69, 0x73, 0x2e, 
        0x20, 0x53, 0x65, 0x65, 0x20, 0x60, 0x73, 0x74, 0x72, 0x69, 0x6e, 0x67, 
        0x3a, 0x3a, 0x76, 0x69, 0x65, 0x77, 0x3a, 0x3a, 0x69, 0x73, 0x5f, 0x74, 
        0x65, 0x72, 0x6d, 0x69, 0x6e, 0x61, 0x74, 0x65, 0x64, 0x60, 0x2e, 0x0a, 
        0x20, 0x20, 0x20, 0x20, 0x20, 0x2a, 0x2f, 0x0a, 0x20, 0x20, 0x20, 0x20, 
        0x63, 0x6f, 0x6e, 0x73, 0x74, 0x20, 0x66, 0x75, 0x6e, 0x63, 0x74, 0x69, 
        0x6f, 0x6e, 0x20, 0x69, 0x73, 0x5f, 0x74, 0x65, 0x72, 0x6d, 0x69, 0x6e, 
        0x61, 0x74, 0x65, 0x64, 0x28, 0x29, 0x20, 0x3a, 0x20, 0x62, 0x6f, 0x6f, 
        0x6c, 0x0a, 0x20, 0x20, 0x20, 0x20, 0x7b, 0x0a, 0x20, 0x20, 0x20, 0x20, 
        0x20, 0x20, 0x20, 0x20, 0x72, 0x65, 0x74, 0x75, 0x72, 0x6e, 0x20, 0x24, 
        0x74, 0x68, 0x69, 0x73, 0x2d, 0x3e, 0x77, 0x69, 0x6e, 0x64, 0x6f, 0x77, 
        0x2d, 0x3e, 0x69, 0x73, 0x5f, 0x74, 0x65, 0x72, 0x6d, 0x69, 0x6e, 0x61, 
        0x74, 0x65, 0x64, 0x28, 0x29, 0x3b, 0x0a, 0x20, 0x20, 0x20, 0x20, 0x7d, 
        0x0a, 0x0a, 0x20, 0x20, 0x20, 0x20, 0x2f, 0x2a, 0x2a, 0x0a, 0x20, 0x20, 
        0x20, 0x20, 0x20, 0x2a, 0x20, 0x54, 0x68, 0x65, 0x20, 0x62, 0x79, 0x74, 
        0x65, 0x73, 0x20, 0x61, 0x73, 0x20, 0x61, 0x20, 0x4e, 0x55, 0x4c, 0x2d, 
        0x74, 0x65, 0x72, 0x6d, 0x69, 0x6e, 0x61, 0x74, 0x65, 0x64, 0x20, 0x43, 
        0x20, 0x73, 0x74, 0x72, 0x69, 0x6e, 0x67, 0x2c, 0x20, 0x77, 0x69, 0x74, 
        0x68, 0x20, 0x6e, 0x6f, 0x20, 0x63, 0x6f, 0x70, 0x79, 0x2e, 0x20, 0x53, 
        0x65, 0x65, 0x20, 0x60, 0x73, 0x74, 0x72, 0x69, 0x6e, 0x67, 0x3a, 0x3a, 
        0x76, 0x69, 0x65, 0x77, 0x3a, 0x3a, 0x63, 0x5f, 0x73, 0x74, 0x72, 0x60, 
        0x2e, 0x0a, 0x20, 0x20, 0x20, 0x20, 0x20, 0x2a, 0x2f, 0x0a, 0x20, 0x20, 
        0x20, 0x20, 0x63, 0x6f, 0x6e, 0x73, 0x74, 0x20, 0x66, 0x75, 0x6e, 0x63, 
        0x74, 0x69, 0x6f, 0x6e, 0x20, 0x63, 0x5f, 0x73, 0x74, 0x72, 0x28, 0x29, 
        0x20, 0x3a, 0x20, 0x70, 0x74, 0x72, 0x3c, 0x63, 0x6f, 0x6e, 0x73, 0x74, 
        0x20, 0x75, 0x69, 0x6e, 0x74, 0x38, 0x3e, 0x0a, 0x20, 0x20, 0x20, 0x20, 
        0x7b, 0x0a, 0x20, 0x20, 0x20, 0x20, 0x20, 0x20, 0x20, 0x20, 0x72, 0x65, 
        0x74, 0x75, 0x72, 0x6e, 0x20, 0x24, 0x74, 0x68, 0x69, 0x73, 0x2d, 0x3e, 
        0x77, 0x69, 0x6e, 0x64, 0x6f, 0x77, 0x2d, 0x3e, 0x63, 0x5f, 0x73, 0x74, 
        0x72, 0x28, 0x29, 0x3b, 0x0a, 0x20, 0x20, 0x20, 0x20, 0x7d, 0x0a, 0x0a, 
        0x20, 0x20, 0x20, 0x20, 0x2f, 0x2a, 0x2a, 0x0a, 0x20, 0x20, 0x20, 0x20, 
        0x20, 0x2a, 0x20, 0x41, 0x6e, 0x20, 0x69, 0x6e, 0x64, 0x65, 0x70, 0x65, 
        0x6e, 0x64, 0x65, 0x6e, 0x74, 0x20, 0x63, 0x6f, 0x70, 0x79, 0x20, 0x74, 
        0x68, 0x61, 0x74, 0x20, 0x73, 0x68, 0x61, 0x72, 0x65, 0x73, 0x20, 0x6e, 
        0x6f, 0x74, 0x68, 0x69, 0x6e, 0x67, 0x2e, 0x0a, 0x20, 0x20, 0x20, 0x20, 
        0x20, 0x2a, 0x0a, 0x20, 0x20, 0x20, 0x20, 0x20, 0x2a, 0x20, 0x54, 0x68, 
        0x65, 0x20, 0x6f, 0x6e, 0x65, 0x20, 0x6f, 0x70, 0x65, 0x72, 0x61, 0x74, 
        0x69, 0x6f, 0x6e, 0x20, 0x74, 0x68, 0x61, 0x74, 0x20, 0x61, 0x6c, 0x77, 
        0x61, 0x79, 0x73, 0x20, 0x61, 0x6c, 0x6c, 0x6f, 0x63, 0x61, 0x74, 0x65, 
        0x73, 0x2e, 0x20, 0x45, 0x76, 0x65, 0x72, 0x79, 0x74, 0x68, 0x69, 0x6e, 
        0x67, 0x20, 0x65, 0x6c, 0x73, 0x65, 0x20, 0x69, 0x6e, 0x20, 0x74, 0x68, 
        0x69, 0x73, 0x20, 0x66, 0x69, 0x6c, 0x65, 0x20, 0x61, 0x76, 0x6f, 0x69, 
        0x64, 0x73, 0x20, 0x61, 0x20, 0x63, 0x6f, 0x70, 0x79, 0x20, 0x75, 0x6e, 
        0x74, 0x69, 0x6c, 0x20, 0x61, 0x0a, 0x20, 0x20, 0x20, 0x20, 0x20, 0x2a, 
        0x20, 0x77, 0x72, 0x69, 0x74, 0x65, 0x20, 0x6d, 0x61, 0x6b, 0x65, 0x73, 
        0x20, 0x6f, 0x6e, 0x65, 0x20, 0x75, 0x6e, 0x61, 0x76, 0x6f, 0x69, 0x64, 
        0x61, 0x62, 0x6c, 0x65, 0x3b, 0x20, 0x74, 0x68, 0x69, 0x73, 0x20, 0x69, 
        0x73, 0x20, 0x68, 0x6f, 0x77, 0x20, 0x79, 0x6f, 0x75, 0x20, 0x61, 0x73, 
        0x6b, 0x20, 0x66, 0x6f, 0x72, 0x20, 0x6f, 0x6e, 0x65, 0x20, 0x6f, 0x6e, 
        0x20, 0x70, 0x75, 0x72, 0x70, 0x6f, 0x73, 0x65, 0x20, 0x2d, 0x20, 0x74, 
        0x6f, 0x20, 0x73, 0x74, 0x6f, 0x70, 0x20, 0x61, 0x20, 0x73, 0x75, 0x62, 
        0x73, 0x74, 0x72, 0x69, 0x6e, 0x67, 0x0a, 0x20, 0x20, 0x20, 0x20, 0x20, 
        0x2a, 0x20, 0x68, 0x6f, 0x6c, 0x64, 0x69, 0x6e, 0x67, 0x20, 0x61, 0x20, 
        0x6c, 0x61, 0x72, 0x67, 0x65, 0x20, 0x70, 0x61, 0x72, 0x65, 0x6e, 0x74, 
        0x20, 0x62, 0x75, 0x66, 0x66, 0x65, 0x72, 0x20, 0x61, 0x6c, 0x69, 0x76, 
        0x65, 0x2c, 0x20, 0x6f, 0x72, 0x20, 0x74, 0x6f, 0x20, 0x67, 0x65, 0x74, 
        0x20, 0x61, 0x20, 0x4e, 0x55, 0x4c, 0x2d, 0x74, 0x65, 0x72, 0x6d, 0x69, 
        0x6e, 0x61, 0x74, 0x65, 0x64, 0x20, 0x63, 0x6f, 0x70, 0x79, 0x20, 0x6f, 
        0x66, 0x20, 0x6f, 0x6e, 0x65, 0x2e, 0x0a, 0x20, 0x20, 0x20, 0x20, 0x20, 
        0x2a, 0x2f, 0x0a, 0x20, 0x20, 0x20, 0x20, 0x63, 0x6f, 0x6e, 0x73, 0x74, 
        0x20, 0x66, 0x75, 0x6e, 0x63, 0x74, 0x69, 0x6f, 0x6e, 0x20, 0x63, 0x6c, 
        0x6f, 0x6e, 0x65, 0x28, 0x29, 0x20, 0x3a, 0x20, 0x73, 0x74, 0x72, 0x69, 
        0x6e, 0x67, 0x0a, 0x20, 0x20, 0x20, 0x20, 0x7b, 0x0a, 0x20, 0x20, 0x20, 
        0x20, 0x20, 0x20, 0x20, 0x20, 0x72, 0x65, 0x74, 0x75, 0x72, 0x6e, 0x20, 
        0x24, 0x74, 0x68, 0x69, 0x73, 0x2d, 0x3e, 0x63, 0x6c, 0x6f, 0x6e, 0x65, 
        0x5f, 0x72, 0x65, 0x73, 0x65, 0x72, 0x76, 0x69, 0x6e, 0x67, 0x28, 0x30, 
        0x29, 0x3b, 0x0a, 0x20, 0x20, 0x20, 0x20, 0x7d, 0x0a, 0x0a, 0x20, 0x20, 
        0x20, 0x20, 0x2f, 0x2a, 0x2a, 0x0a, 0x20, 0x20, 0x20, 0x20, 0x20, 0x2a, 
        0x20, 0x41, 0x20, 0x63, 0x6c, 0x6f, 0x6e, 0x65, 0x20, 0x77, 0x69, 0x74, 
        0x68, 0x20, 0x72, 0x6f, 0x6f, 0x6d, 0x20, 0x66, 0x6f, 0x72, 0x20, 0x60, 
        0x24, 0x65, 0x78, 0x74, 0x72, 0x61, 0x60, 0x20, 0x62, 0x79, 0x74, 0x65, 
        0x73, 0x20, 0x6f, 0x66, 0x20, 0x74, 0x65, 0x78, 0x74, 0x20, 0x62, 0x65, 
        0x79, 0x6f, 0x6e, 0x64, 0x20, 0x74, 0x68, 0x65, 0x20, 0x63, 0x6f, 0x70, 
        0x79, 0x2c, 0x20, 0x73, 0x6f, 0x20, 0x74, 0x68, 0x65, 0x20, 0x61, 0x70, 
        0x70, 0x65, 0x6e, 0x64, 0x20, 0x74, 0x68, 0x61, 0x74, 0x20, 0x66, 0x6f, 
        0x6c, 0x6c, 0x6f, 0x77, 0x73, 0x20, 0x64, 0x6f, 0x65, 0x73, 0x0a, 0x20, 
        0x20, 0x20, 0x20, 0x20, 0x2a, 0x20, 0x6e, 0x6f, 0x74, 0x20, 0x72, 0x65, 
        0x61, 0x6c, 0x6c, 0x6f, 0x63, 0x61, 0x74, 0x65, 0x2e, 0x0a, 0x20, 0x20, 
        0x20, 0x20, 0x20, 0x2a, 0x0a, 0x20, 0x20, 0x20, 0x20, 0x20, 0x2a, 0x20, 
        0x60, 0x63, 0x6c, 0x6f, 0x6e, 0x65, 0x28, 0x29, 0x60, 0x20, 0x69, 0x73, 
        0x20, 0x74, 0x68, 0x69, 0x73, 0x20, 0x77, 0x69, 0x74, 0x68, 0x20, 0x6e, 
        0x6f, 0x20, 0x68, 0x65, 0x61, 0x64, 0x72, 0x6f, 0x6f, 0x6d, 0x2c, 0x20, 
        0x61, 0x6e, 0x64, 0x20, 0x60, 0x63, 0x6f, 0x6e, 0x63, 0x61, 0x74, 0x60, 
        0x20, 0x69, 0x73, 0x20, 0x74, 0x68, 0x65, 0x20, 0x72, 0x65, 0x61, 0x73, 
        0x6f, 0x6e, 0x20, 0x69, 0x74, 0x20, 0x74, 0x61, 0x6b, 0x65, 0x73, 0x20, 
        0x61, 0x6e, 0x79, 0x3a, 0x20, 0x63, 0x6c, 0x6f, 0x6e, 0x69, 0x6e, 0x67, 
        0x20, 0x61, 0x74, 0x20, 0x74, 0x68, 0x65, 0x0a, 0x20, 0x20, 0x20, 0x20, 
        0x20, 0x2a, 0x20, 0x63, 0x6f, 0x70, 0x79, 0x27, 0x73, 0x20, 0x65, 0x78, 
        0x61, 0x63, 0x74, 0x20, 0x73, 0x69, 0x7a, 0x65, 0x20, 0x61, 0x6e, 0x64, 
        0x20, 0x74, 0x68, 0x65, 0x6e, 0x20, 0x61, 0x70, 0x70, 0x65, 0x6e, 0x64, 
        0x69, 0x6e, 0x67, 0x20, 0x72, 0x65, 0x61, 0x6c, 0x6c, 0x6f, 0x63, 0x61, 
        0x74, 0x65, 0x64, 0x20, 0x74, 0x68, 0x65, 0x20, 0x66, 0x72, 0x65, 0x73, 
        0x68, 0x20, 0x62, 0x6c, 0x6f, 0x63, 0x6b, 0x20, 0x6f, 0x6e, 0x20, 0x74, 
        0x68, 0x65, 0x20, 0x76, 0x65, 0x72, 0x79, 0x20, 0x6e, 0x65, 0x78, 0x74, 
        0x20, 0x73, 0x74, 0x61, 0x74, 0x65, 0x6d, 0x65, 0x6e, 0x74, 0x20, 0x61, 
        0x6e, 0x64, 0x0a, 0x20, 0x20, 0x20, 0x20, 0x20, 0x2a, 0x20, 0x63, 0x6f, 
        0x70, 0x69, 0x65, 0x64, 0x20, 0x65, 0x76, 0x65, 0x72, 0x79, 0x20, 0x62, 
        0x79, 0x74, 0x65, 0x20, 0x61, 0x20, 0x73, 0x65, 0x63, 0x6f, 0x6e, 0x64, 
        0x20, 0x74, 0x69, 0x6d, 0x65, 0x2e, 0x0a, 0x20, 0x20, 0x20, 0x20, 0x20, 
        0x2a, 0x0a, 0x20, 0x20, 0x20, 0x20, 0x20, 0x2a, 0x20, 0x54, 0x68, 0x65, 
        0x20, 0x62, 0x79, 0x74, 0x65, 0x73, 0x20, 0x61, 0x72, 0x65, 0x20, 0x63, 
        0x6f, 0x70, 0x69, 0x65, 0x64, 0x20, 0x74, 0x68, 0x72, 0x6f, 0x75, 0x67, 
        0x68, 0x20, 0x60, 0x73, 0x74, 0x72, 0x3a, 0x3a, 0x62, 0x75, 0x66, 0x3a, 
        0x3a, 0x61, 0x70, 0x70, 0x65, 0x6e, 0x64, 0x5f, 0x62, 0x79, 0x74, 0x65, 
        0x73, 0x60, 0x20, 0x72, 0x61, 0x74, 0x68, 0x65, 0x72, 0x20, 0x74, 0x68, 
        0x61, 0x6e, 0x20, 0x62, 0x79, 0x20, 0x68, 0x61, 0x6e, 0x64, 0x2c, 0x20, 
        0x73, 0x6f, 0x20, 0x74, 0x68, 0x65, 0x20, 0x74, 0x77, 0x6f, 0x0a, 0x20, 
        0x20, 0x20, 0x20, 0x20, 0x2a, 0x20, 0x69, 0x6e, 0x76, 0x61, 0x72, 0x69, 
        0x61, 0x6e, 0x74, 0x73, 0x20, 0x74, 0x68, 0x61, 0x74, 0x20, 0x66, 0x69, 
        0x6c, 0x65, 0x20, 0x73, 0x74, 0x61, 0x74, 0x65, 0x73, 0x20, 0x2d, 0x20, 
        0x65, 0x76, 0x65, 0x72, 0x79, 0x20, 0x61, 0x6c, 0x6c, 0x6f, 0x63, 0x61, 
        0x74, 0x69, 0x6f, 0x6e, 0x20, 0x69, 0x73, 0x20, 0x60, 0x24, 0x63, 0x61, 
        0x70, 0x61, 0x63, 0x69, 0x74, 0x79, 0x20, 0x2b, 0x20, 0x31, 0x60, 0x2c, 
        0x20, 0x61, 0x6e, 0x64, 0x20, 0x60, 0x24, 0x62, 0x79, 0x74, 0x65, 0x73, 
        0x5b, 0x24, 0x75, 0x73, 0x65, 0x64, 0x5d, 0x60, 0x20, 0x69, 0x73, 0x20, 
        0x30, 0x20, 0x2d, 0x0a, 0x20, 0x20, 0x20, 0x20, 0x20, 0x2a, 0x20, 0x61, 
        0x72, 0x65, 0x20, 0x6d, 0x61, 0x69, 0x6e, 0x74, 0x61, 0x69, 0x6e, 0x65, 
        0x64, 0x20, 0x77, 0x68, 0x65, 0x72, 0x65, 0x20, 0x74, 0x68, 0x65, 0x79, 
        0x20, 0x61, 0x72, 0x65, 0x20, 0x64, 0x65, 0x63, 0x6c, 0x61, 0x72, 0x65, 
        0x64, 0x2e, 0x20, 0x53, 0x69, 0x7a, 0x69, 0x6e, 0x67, 0x20, 0x74, 0x68, 
        0x65, 0x20, 0x62, 0x6c, 0x6f, 0x63, 0x6b, 0x20, 0x75, 0x70, 0x20, 0x66, 
        0x72, 0x6f, 0x6e, 0x74, 0x20, 0x69, 0x73, 0x20, 0x77, 0x68, 0x61, 0x74, 
        0x20, 0x6b, 0x65, 0x65, 0x70, 0x73, 0x20, 0x60, 0x61, 0x70, 0x70, 0x65, 
        0x6e, 0x64, 0x5f, 0x62, 0x79, 0x74, 0x65, 0x73, 0x60, 0x0a, 0x20, 0x20, 
        0x20, 0x20, 0x20, 0x2a, 0x20, 0x66, 0x72, 0x6f, 0x6d, 0x20, 0x67, 0x72, 
        0x6f, 0x77, 0x69, 0x6e, 0x67, 0x20, 0x69, 0x74, 0x3a, 0x20, 0x60, 0x72, 
        0x65, 0x73, 0x65, 0x72, 0x76, 0x65, 0x60, 0x20, 0x64, 0x6f, 0x65, 0x73, 
        0x20, 0x6e, 0x6f, 0x74, 0x68, 0x69, 0x6e, 0x67, 0x20, 0x77, 0x68, 0x65, 
        0x6e, 0x20, 0x74, 0x68, 0x65, 0x20, 0x72, 0x6f, 0x6f, 0x6d, 0x20, 0x69, 
        0x73, 0x20, 0x61, 0x6c, 0x72, 0x65, 0x61, 0x64, 0x79, 0x20, 0x74, 0x68, 
        0x65, 0x72, 0x65, 0x2e, 0x0a, 0x20, 0x20, 0x20, 0x20, 0x20, 0x2a, 0x0a, 
        0x20, 0x20, 0x20, 0x20, 0x20, 0x2a, 0x20, 0x49, 0x6e, 0x74, 0x65, 0x72, 
        0x6e, 0x61, 0x6c, 0x2c, 0x20, 0x6c, 0x69, 0x6b, 0x65, 0x20, 0x60, 0x6d, 
        0x61, 0x6b, 0x65, 0x5f, 0x75, 0x6e, 0x69, 0x71, 0x75, 0x65, 0x60, 0x20, 
        0x2d, 0x20, 0x70, 0x75, 0x62, 0x6c, 0x69, 0x63, 0x20, 0x6f, 0x6e, 0x6c, 
        0x79, 0x20, 0x62, 0x65, 0x63, 0x61, 0x75, 0x73, 0x65, 0x20, 0x74, 0x68, 
        0x65, 0x72, 0x65, 0x20, 0x61, 0x72, 0x65, 0x20, 0x6e, 0x6f, 0x20, 0x76, 
        0x69, 0x73, 0x69, 0x62, 0x69, 0x6c, 0x69, 0x74, 0x79, 0x20, 0x6d, 0x6f, 
        0x64, 0x69, 0x66, 0x69, 0x65, 0x72, 0x73, 0x20, 0x79, 0x65, 0x74, 0x0a, 
        0x20, 0x20, 0x20, 0x20, 0x20, 0x2a, 0x20, 0x28, 0x74, 0x6f, 0x64, 0x6f, 
        0x2f, 0x41, 0x31, 0x37, 0x29, 0x2e, 0x0a, 0x20, 0x20, 0x20, 0x20, 0x20, 
        0x2a, 0x2f, 0x0a, 0x20, 0x20, 0x20, 0x20, 0x63, 0x6f, 0x6e, 0x73, 0x74, 
        0x20, 0x66, 0x75, 0x6e, 0x63, 0x74, 0x69, 0x6f, 0x6e, 0x20, 0x63, 0x6c, 
        0x6f, 0x6e, 0x65, 0x5f, 0x72, 0x65, 0x73, 0x65, 0x72, 0x76, 0x69, 0x6e, 
        0x67, 0x28, 0x75, 0x73, 0x69, 0x7a, 0x65, 0x20, 0x24, 0x65, 0x78, 0x74, 
        0x72, 0x61, 0x29, 0x20, 0x3a, 0x20, 0x73, 0x74, 0x72, 0x69, 0x6e, 0x67, 
        0x0a, 0x20, 0x20, 0x20, 0x20, 0x7b, 0x0a, 0x20, 0x20, 0x20, 0x20, 0x20, 
        0x20, 0x20, 0x20, 0x75, 0x73, 0x69, 0x7a, 0x65, 0x20, 0x24, 0x6e, 0x20, 
        0x3d, 0x20, 0x24, 0x74, 0x68, 0x69, 0x73, 0x2d, 0x3e, 0x77, 0x69, 0x6e, 
        0x64, 0x6f, 0x77, 0x2d, 0x3e, 0x73, 0x69, 0x7a, 0x65, 0x3b, 0x0a, 0x0a, 
        0x20, 0x20, 0x20, 0x20, 0x20, 0x20, 0x20, 0x20, 0x2f, 0x2f, 0x20, 0x60, 
        0x2b, 0x20, 0x31, 0x60, 0x20, 0x69, 0x73, 0x20, 0x74, 0x68, 0x65, 0x20, 
        0x4e, 0x55, 0x4c, 0x20, 0x73, 0x6c, 0x6f, 0x74, 0x2c, 0x20, 0x65, 0x78, 
        0x61, 0x63, 0x74, 0x6c, 0x79, 0x20, 0x61, 0x73, 0x20, 0x73, 0x74, 0x72, 
        0x3a, 0x3a, 0x62, 0x75, 0x66, 0x20, 0x63, 0x6f, 0x75, 0x6e, 0x74, 0x73, 
        0x20, 0x69, 0x74, 0x0a, 0x20, 0x20, 0x20, 0x20, 0x20, 0x20, 0x20, 0x20, 
        0x73, 0x74, 0x72, 0x3a, 0x3a, 0x62, 0x75, 0x66, 0x20, 0x24, 0x62, 0x75, 
        0x66, 0x20, 0x3d, 0x20, 0x73, 0x74, 0x72, 0x3a, 0x3a, 0x62, 0x75, 0x66, 
        0x28, 0x24, 0x6e, 0x20, 0x2b, 0x20, 0x24, 0x65, 0x78, 0x74, 0x72, 0x61, 
        0x2c, 0x20, 0x30, 0x2c, 0x20, 0x6d, 0x65, 0x6d, 0x3a, 0x3a, 0x61, 0x6c, 
        0x6c, 0x6f, 0x63, 0x3c, 0x75, 0x69, 0x6e, 0x74, 0x38, 0x3e, 0x28, 0x24, 
        0x6e, 0x20, 0x2b, 0x20, 0x24, 0x65, 0x78, 0x74, 0x72, 0x61, 0x20, 0x2b, 
        0x20, 0x31, 0x29, 0x29, 0x3b, 0x0a, 0x20, 0x20, 0x20, 0x20, 0x20, 0x20, 
        0x20, 0x20, 0x24, 0x62, 0x75, 0x66, 0x2d, 0x3e, 0x61, 0x70, 0x70, 0x65, 
        0x6e, 0x64, 0x5f, 0x62, 0x79, 0x74, 0x65, 0x73, 0x28, 0x24, 0x74, 0x68, 
        0x69, 0x73, 0x2d, 0x3e, 0x77, 0x69, 0x6e, 0x64, 0x6f, 0x77, 0x2d, 0x3e, 
        0x62, 0x79, 0x74, 0x65, 0x73, 0x2c, 0x20, 0x24, 0x6e, 0x29, 0x3b, 0x0a, 
        0x0a, 0x20, 0x20, 0x20, 0x20, 0x20, 0x20, 0x20, 0x20, 0x72, 0x65, 0x74, 
        0x75, 0x72, 0x6e, 0x20, 0x73, 0x74, 0x72, 0x69, 0x6e, 0x67, 0x28, 0x73, 
        0x74, 0x72, 0x69, 0x6e, 0x67, 0x3a, 0x3a, 0x76, 0x69, 0x65, 0x77, 0x28, 
        0x24, 0x62, 0x75, 0x66, 0x2d, 0x3e, 0x62, 0x79, 0x74, 0x65, 0x73, 0x2c, 
        0x20, 0x24, 0x6e, 0x29, 0x2c, 0x20, 0x24, 0x62, 0x75, 0x66, 0x29, 0x3b, 
        0x0a, 0x20, 0x20, 0x20, 0x20, 0x7d, 0x0a, 0x0a, 0x20, 0x20, 0x20, 0x20, 
        0x2f, 0x2a, 0x2a, 0x0a, 0x20, 0x20, 0x20, 0x20, 0x20, 0x2a, 0x20, 0x54, 
        0x68, 0x69, 0x73, 0x20, 0x73, 0x74, 0x72, 0x69, 0x6e, 0x67, 0x20, 0x66, 
        0x6f, 0x6c, 0x6c, 0x6f, 0x77, 0x65, 0x64, 0x20, 0x62, 0x79, 0x20, 0x60, 
        0x24, 0x6f, 0x74, 0x68, 0x65, 0x72, 0x60, 0x2c, 0x20, 0x61, 0x73, 0x20, 
        0x61, 0x20, 0x6e, 0x65, 0x77, 0x20, 0x73, 0x74, 0x72, 0x69, 0x6e, 0x67, 
        0x2e, 0x20, 0x4e, 0x65, 0x69, 0x74, 0x68, 0x65, 0x72, 0x20, 0x6f, 0x70, 
        0x65, 0x72, 0x61, 0x6e, 0x64, 0x20, 0x69, 0x73, 0x20, 0x74, 0x6f, 0x75, 
        0x63, 0x68, 0x65, 0x64, 0x2e, 0x0a, 0x20, 0x20, 0x20, 0x20, 0x20, 0x2a, 
        0x2f, 0x0a, 0x20, 0x20, 0x20, 0x20, 0x63, 0x6f, 0x6e, 0x73, 0x74, 0x20, 
        0x66, 0x75, 0x6e, 0x63, 0x74, 0x69, 0x6f, 0x6e, 0x20, 0x63, 0x6f, 0x6e, 
        0x63, 0x61, 0x74, 0x28, 0x73, 0x74, 0x72, 0x69, 0x6e, 0x67, 0x20, 0x24, 
        0x6f, 0x74, 0x68, 0x65, 0x72, 0x29, 0x20, 0x3a, 0x20, 0x73, 0x74, 0x72, 
        0x69, 0x6e, 0x67, 0x0a, 0x20, 0x20, 0x20, 0x20, 0x7b, 0x0a, 0x20, 0x20, 
        0x20, 0x20, 0x20, 0x20, 0x20, 0x20, 0x2f, 0x2f, 0x20, 0x73, 0x69, 0x7a, 
        0x65, 0x64, 0x20, 0x66, 0x6f, 0x72, 0x20, 0x62, 0x6f, 0x74, 0x68, 0x20, 
        0x6f, 0x70, 0x65, 0x72, 0x61, 0x6e, 0x64, 0x73, 0x20, 0x75, 0x70, 0x20, 
        0x66, 0x72, 0x6f, 0x6e, 0x74, 0x3a, 0x20, 0x6f, 0x6e, 0x65, 0x20, 0x61, 
        0x6c, 0x6c, 0x6f, 0x63, 0x61, 0x74, 0x69, 0x6f, 0x6e, 0x20, 0x61, 0x6e, 
        0x64, 0x20, 0x6f, 0x6e, 0x65, 0x20, 0x63, 0x6f, 0x70, 0x79, 0x20, 0x6f, 
        0x66, 0x20, 0x65, 0x61, 0x63, 0x68, 0x20, 0x73, 0x69, 0x64, 0x65, 0x27, 
        0x73, 0x20, 0x62, 0x79, 0x74, 0x65, 0x73, 0x0a, 0x20, 0x20, 0x20, 0x20, 
        0x20, 0x20, 0x20, 0x20, 0x73, 0x74, 0x72, 0x69, 0x6e, 0x67, 0x20, 0x24, 
        0x6f, 0x75, 0x74, 0x20, 0x3d, 0x20, 0x24, 0x74, 0x68, 0x69, 0x73, 0x2d, 
        0x3e, 0x63, 0x6c, 0x6f, 0x6e, 0x65, 0x5f, 0x72, 0x65, 0x73, 0x65, 0x72, 
        0x76, 0x69, 0x6e, 0x67, 0x28, 0x24, 0x6f, 0x74, 0x68, 0x65, 0x72, 0x2d, 
        0x3e, 0x77, 0x69, 0x6e, 0x64, 0x6f, 0x77, 0x2d, 0x3e, 0x73, 0x69, 0x7a, 
        0x65, 0x29, 0x3b, 0x0a, 0x20, 0x20, 0x20, 0x20, 0x20, 0x20, 0x20, 0x20, 
        0x24, 0x6f, 0x75, 0x74, 0x2d, 0x3e, 0x61, 0x70, 0x70, 0x65, 0x6e, 0x64, 
        0x28, 0x24, 0x6f, 0x74, 0x68, 0x65, 0x72, 0x29, 0x3b, 0x0a, 0x0a, 0x20, 
        0x20, 0x20, 0x20, 0x20, 0x20, 0x20, 0x20, 0x72, 0x65, 0x74, 0x75, 0x72, 
        0x6e, 0x20, 0x24, 0x6f, 0x75, 0x74, 0x3b, 0x0a, 0x20, 0x20, 0x20, 0x20, 
        0x7d, 0x0a, 0x0a, 0x20, 0x20, 0x20, 0x20, 0x2f, 0x2a, 0x2a, 0x0a, 0x20, 
        0x20, 0x20, 0x20, 0x20, 0x2a, 0x20, 0x2a, 0x2a, 0x54, 0x68, 0x65, 0x20, 
        0x63, 0x6f, 0x70, 0x79, 0x2d, 0x6f, 0x6e, 0x2d, 0x77, 0x72, 0x69, 0x74, 
        0x65, 0x20, 0x67, 0x61, 0x74, 0x65, 0x2a, 0x2a, 0x2c, 0x20, 0x61, 0x6e, 
        0x64, 0x20, 0x74, 0x68, 0x65, 0x20, 0x6f, 0x6e, 0x65, 0x20, 0x72, 0x75, 
        0x6c, 0x65, 0x20, 0x65, 0x76, 0x65, 0x72, 0x79, 0x20, 0x6d, 0x75, 0x74, 
        0x61, 0x74, 0x6f, 0x72, 0x20, 0x62, 0x65, 0x6c, 0x6f, 0x77, 0x20, 0x6f, 
        0x70, 0x65, 0x6e, 0x73, 0x20, 0x77, 0x69, 0x74, 0x68, 0x2e, 0x0a, 0x20, 
        0x20, 0x20, 0x20, 0x20, 0x2a, 0x0a, 0x20, 0x20, 0x20, 0x20, 0x20, 0x2a, 
        0x20, 0x41, 0x66, 0x74, 0x65, 0x72, 0x77, 0x61, 0x72, 0x64, 0x73, 0x20, 
        0x74, 0x68, 0x69, 0x73, 0x20, 0x73, 0x74, 0x72, 0x69, 0x6e, 0x67, 0x20, 
        0x6f, 0x77, 0x6e, 0x73, 0x20, 0x61, 0x20, 0x62, 0x75, 0x66, 0x66, 0x65, 
        0x72, 0x20, 0x6e, 0x6f, 0x62, 0x6f, 0x64, 0x79, 0x20, 0x65, 0x6c, 0x73, 
        0x65, 0x20, 0x63, 0x61, 0x6e, 0x20, 0x73, 0x65, 0x65, 0x2c, 0x20, 0x61, 
        0x6e, 0x64, 0x20, 0x69, 0x74, 0x73, 0x20, 0x77, 0x69, 0x6e, 0x64, 0x6f, 
        0x77, 0x20, 0x69, 0x73, 0x20, 0x74, 0x68, 0x61, 0x74, 0x20, 0x77, 0x68, 
        0x6f, 0x6c, 0x65, 0x0a, 0x20, 0x20, 0x20, 0x20, 0x20, 0x2a, 0x20, 0x62, 
        0x75, 0x66, 0x66, 0x65, 0x72, 0x2e, 0x20, 0x54, 0x68, 0x72, 0x65, 0x65, 
        0x20, 0x77, 0x61, 0x79, 0x73, 0x20, 0x74, 0x68, 0x61, 0x74, 0x20, 0x63, 
        0x61, 0x6e, 0x20, 0x66, 0x61, 0x69, 0x6c, 0x20, 0x74, 0x6f, 0x20, 0x62, 
        0x65, 0x20, 0x74, 0x72, 0x75, 0x65, 0x20, 0x61, 0x6c, 0x72, 0x65, 0x61, 
        0x64, 0x79, 0x2c, 0x20, 0x63, 0x6f, 0x6c, 0x6c, 0x61, 0x70, 0x73, 0x69, 
        0x6e, 0x67, 0x20, 0x69, 0x6e, 0x74, 0x6f, 0x20, 0x74, 0x77, 0x6f, 0x20, 
        0x63, 0x6f, 0x6e, 0x64, 0x69, 0x74, 0x69, 0x6f, 0x6e, 0x73, 0x3a, 0x0a, 
        0x20, 0x20, 0x20, 0x20, 0x20, 0x2a, 0x0a, 0x20, 0x20, 0x20, 0x20, 0x20, 
        0x2a, 0x20, 0x20, 0x2d, 0x20, 0x74, 0x68, 0x65, 0x20, 0x62, 0x79, 0x74, 
        0x65, 0x73, 0x20, 0x61, 0x72, 0x65, 0x20, 0x61, 0x20, 0x2a, 0x2a, 0x6c, 
        0x69, 0x74, 0x65, 0x72, 0x61, 0x6c, 0x2a, 0x2a, 0x2e, 0x20, 0x53, 0x74, 
        0x61, 0x74, 0x69, 0x63, 0x2c, 0x20, 0x69, 0x6d, 0x6d, 0x75, 0x74, 0x61, 
        0x62, 0x6c, 0x65, 0x2c, 0x20, 0x69, 0x6e, 0x20, 0x74, 0x68, 0x65, 0x20, 
        0x62, 0x69, 0x6e, 0x61, 0x72, 0x79, 0x2e, 0x20, 0x49, 0x74, 0x73, 0x20, 
        0x6f, 0x77, 0x6e, 0x65, 0x72, 0x20, 0x69, 0x73, 0x20, 0x6e, 0x75, 0x6c, 
        0x6c, 0x20, 0x61, 0x6e, 0x64, 0x0a, 0x20, 0x20, 0x20, 0x20, 0x20, 0x2a, 
        0x20, 0x20, 0x20, 0x20, 0x60, 0x6d, 0x65, 0x6d, 0x3a, 0x3a, 0x72, 0x65, 
        0x66, 0x5f, 0x63, 0x6f, 0x75, 0x6e, 0x74, 0x28, 0x6e, 0x75, 0x6c, 0x6c, 
        0x29, 0x60, 0x20, 0x69, 0x73, 0x20, 0x30, 0x2c, 0x20, 0x73, 0x6f, 0x20, 
        0x69, 0x74, 0x20, 0x74, 0x61, 0x6b, 0x65, 0x73, 0x20, 0x74, 0x68, 0x65, 
        0x20, 0x73, 0x61, 0x6d, 0x65, 0x20, 0x62, 0x72, 0x61, 0x6e, 0x63, 0x68, 
        0x20, 0x61, 0x20, 0x73, 0x68, 0x61, 0x72, 0x65, 0x64, 0x20, 0x62, 0x75, 
        0x66, 0x66, 0x65, 0x72, 0x20, 0x64, 0x6f, 0x65, 0x73, 0x2e, 0x20, 0x41, 
        0x6e, 0x73, 0x77, 0x65, 0x72, 0x69, 0x6e, 0x67, 0x20, 0x31, 0x20, 0x68, 
        0x65, 0x72, 0x65, 0x0a, 0x20, 0x20, 0x20, 0x20, 0x20, 0x2a, 0x20, 0x20, 
        0x20, 0x20, 0x77, 0x6f, 0x75, 0x6c, 0x64, 0x20, 0x68, 0x61, 0x76, 0x65, 
        0x20, 0x60, 0x61, 0x70, 0x70, 0x65, 0x6e, 0x64, 0x60, 0x20, 0x73, 0x63, 
        0x72, 0x69, 0x62, 0x62, 0x6c, 0x65, 0x20, 0x6f, 0x6e, 0x20, 0x74, 0x68, 
        0x65, 0x20, 0x70, 0x72, 0x6f, 0x67, 0x72, 0x61, 0x6d, 0x27, 0x73, 0x20, 
        0x6f, 0x77, 0x6e, 0x20, 0x69, 0x6d, 0x61, 0x67, 0x65, 0x2e, 0x0a, 0x20, 
        0x20, 0x20, 0x20, 0x20, 0x2a, 0x20, 0x20, 0x2d, 0x20, 0x61, 0x20, 0x2a, 
        0x2a, 0x73, 0x65, 0x63, 0x6f, 0x6e, 0x64, 0x20, 0x60, 0x73, 0x74, 0x72, 
        0x69, 0x6e, 0x67, 0x60, 0x2a, 0x2a, 0x20, 0x6e, 0x61, 0x6d, 0x65, 0x73, 
        0x20, 0x74, 0x68, 0x65, 0x20, 0x73, 0x61, 0x6d, 0x65, 0x20, 0x62, 0x75, 
        0x66, 0x66, 0x65, 0x72, 0x2c, 0x20, 0x73, 0x6f, 0x20, 0x74, 0x68, 0x65, 
        0x20, 0x63, 0x6f, 0x75, 0x6e, 0x74, 0x20, 0x69, 0x73, 0x20, 0x32, 0x20, 
        0x6f, 0x72, 0x20, 0x6d, 0x6f, 0x72, 0x65, 0x2e, 0x0a, 0x20, 0x20, 0x20, 
        0x20, 0x20, 0x2a, 0x20, 0x20, 0x2d, 0x20, 0x74, 0x68, 0x69, 0x73, 0x20, 
        0x73, 0x74, 0x72, 0x69, 0x6e, 0x67, 0x20, 0x69, 0x73, 0x20, 0x61, 0x20, 
        0x2a, 0x2a, 0x73, 0x75, 0x62, 0x2d, 0x77, 0x69, 0x6e, 0x64, 0x6f, 0x77, 
        0x2a, 0x2a, 0x20, 0x6f, 0x66, 0x20, 0x69, 0x74, 0x73, 0x20, 0x6f, 0x77, 
        0x6e, 0x20, 0x62, 0x75, 0x66, 0x66, 0x65, 0x72, 0x2e, 0x20, 0x54, 0x68, 
        0x65, 0x20, 0x62, 0x79, 0x74, 0x65, 0x73, 0x20, 0x61, 0x68, 0x65, 0x61, 
        0x64, 0x20, 0x6f, 0x66, 0x20, 0x69, 0x74, 0x20, 0x61, 0x72, 0x65, 0x20, 
        0x6e, 0x6f, 0x74, 0x20, 0x6f, 0x75, 0x72, 0x73, 0x20, 0x74, 0x6f, 0x0a, 
        0x20, 0x20, 0x20, 0x20, 0x20, 0x2a, 0x20, 0x20, 0x20, 0x20, 0x6d, 0x6f, 
        0x76, 0x65, 0x2c, 0x20, 0x61, 0x6e, 0x64, 0x20, 0x61, 0x20, 0x72, 0x65, 
        0x61, 0x6c, 0x6c, 0x6f, 0x63, 0x20, 0x77, 0x6f, 0x75, 0x6c, 0x64, 0x20, 
        0x72, 0x65, 0x2d, 0x73, 0x65, 0x61, 0x74, 0x20, 0x61, 0x20, 0x62, 0x61, 
        0x73, 0x65, 0x20, 0x74, 0x68, 0x69, 0x73, 0x20, 0x77, 0x69, 0x6e, 0x64, 
        0x6f, 0x77, 0x20, 0x69, 0x73, 0x20, 0x6e, 0x6f, 0x74, 0x20, 0x73, 0x69, 
        0x74, 0x74, 0x69, 0x6e, 0x67, 0x20, 0x6f, 0x6e, 0x2c, 0x20, 0x77, 0x69, 
        0x74, 0x68, 0x20, 0x6e, 0x6f, 0x20, 0x73, 0x74, 0x6f, 0x72, 0x65, 0x64, 
        0x0a, 0x20, 0x20, 0x20, 0x20, 0x20, 0x2a, 0x20, 0x20, 0x20, 0x20, 0x6f, 
        0x66, 0x66, 0x73, 0x65, 0x74, 0x20, 0x74, 0x6f, 0x20, 0x72, 0x65, 0x63, 
        0x6f, 0x6d, 0x70, 0x75, 0x74, 0x65, 0x20, 0x69, 0x74, 0x20, 0x66, 0x72, 
        0x6f, 0x6d, 0x2e, 0x20, 0x60, 0x24, 0x73, 0x69, 0x7a, 0x65, 0x20, 0x3d, 
        0x3d, 0x20, 0x24, 0x75, 0x73, 0x65, 0x64, 0x60, 0x20, 0x69, 0x73, 0x20, 
        0x74, 0x68, 0x65, 0x20, 0x77, 0x68, 0x6f, 0x6c, 0x65, 0x20, 0x74, 0x65, 
        0x73, 0x74, 0x3a, 0x20, 0x65, 0x76, 0x65, 0x72, 0x79, 0x20, 0x77, 0x69, 
        0x6e, 0x64, 0x6f, 0x77, 0x20, 0x73, 0x61, 0x74, 0x69, 0x73, 0x66, 0x69, 
        0x65, 0x73, 0x0a, 0x20, 0x20, 0x20, 0x20, 0x20, 0x2a, 0x20, 0x20, 0x20, 
        0x20, 0x60, 0x66, 0x72, 0x6f, 0x6d, 0x20, 0x2b, 0x20, 0x73, 0x69, 0x7a, 
        0x65, 0x20, 0x3c, 0x3d, 0x20, 0x75, 0x73, 0x65, 0x64, 0x60, 0x2c, 0x20, 
        0x73, 0x6f, 0x20, 0x61, 0x20, 0x77, 0x69, 0x6e, 0x64, 0x6f, 0x77, 0x20, 
        0x61, 0x73, 0x20, 0x6c, 0x6f, 0x6e, 0x67, 0x20, 0x61, 0x73, 0x20, 0x74, 
        0x68, 0x65, 0x20, 0x62, 0x75, 0x66, 0x66, 0x65, 0x72, 0x20, 0x69, 0x73, 
        0x20, 0x75, 0x73, 0x65, 0x64, 0x20, 0x68, 0x61, 0x73, 0x20, 0x74, 0x6f, 
        0x20, 0x73, 0x74, 0x61, 0x72, 0x74, 0x20, 0x61, 0x74, 0x20, 0x6f, 0x66, 
        0x66, 0x73, 0x65, 0x74, 0x0a, 0x20, 0x20, 0x20, 0x20, 0x20, 0x2a, 0x20, 
        0x20, 0x20, 0x20, 0x7a, 0x65, 0x72, 0x6f, 0x20, 0x61, 0x6e, 0x64, 0x20, 
        0x2a, 0x69, 0x73, 0x2a, 0x20, 0x74, 0x68, 0x65, 0x20, 0x77, 0x68, 0x6f, 
        0x6c, 0x65, 0x20, 0x62, 0x75, 0x66, 0x66, 0x65, 0x72, 0x2e, 0x0a, 0x20, 
        0x20, 0x20, 0x20, 0x20, 0x2a, 0x0a, 0x20, 0x20, 0x20, 0x20, 0x20, 0x2a, 
        0x20, 0x54, 0x68, 0x65, 0x20, 0x74, 0x77, 0x6f, 0x20, 0x63, 0x6f, 0x6e, 
        0x64, 0x69, 0x74, 0x69, 0x6f, 0x6e, 0x73, 0x20, 0x61, 0x72, 0x65, 0x20, 
        0x6e, 0x65, 0x73, 0x74, 0x65, 0x64, 0x20, 0x72, 0x61, 0x74, 0x68, 0x65, 
        0x72, 0x20, 0x74, 0x68, 0x61, 0x6e, 0x20, 0x6a, 0x6f, 0x69, 0x6e, 0x65, 
        0x64, 0x20, 0x77, 0x69, 0x74, 0x68, 0x20, 0x60, 0x26, 0x26, 0x60, 0x2c, 
        0x20, 0x61, 0x6e, 0x64, 0x20, 0x68, 0x61, 0x76, 0x65, 0x20, 0x74, 0x6f, 
        0x20, 0x62, 0x65, 0x3a, 0x20, 0x60, 0x26, 0x26, 0x60, 0x20, 0x6c, 0x6f, 
        0x77, 0x65, 0x72, 0x73, 0x20, 0x74, 0x6f, 0x20, 0x61, 0x0a, 0x20, 0x20, 
        0x20, 0x20, 0x20, 0x2a, 0x20, 0x70, 0x6c, 0x61, 0x69, 0x6e, 0x20, 0x60, 
        0x61, 0x6e, 0x64, 0x60, 0x20, 0x77, 0x69, 0x74, 0x68, 0x20, 0x6e, 0x6f, 
        0x20, 0x73, 0x68, 0x6f, 0x72, 0x74, 0x20, 0x63, 0x69, 0x72, 0x63, 0x75, 
        0x69, 0x74, 0x2c, 0x20, 0x61, 0x6e, 0x64, 0x20, 0x74, 0x68, 0x65, 0x20, 
        0x73, 0x65, 0x63, 0x6f, 0x6e, 0x64, 0x20, 0x72, 0x65, 0x61, 0x64, 0x73, 
        0x20, 0x74, 0x68, 0x72, 0x6f, 0x75, 0x67, 0x68, 0x20, 0x60, 0x24, 0x6f, 
        0x77, 0x6e, 0x65, 0x72, 0x60, 0x2c, 0x20, 0x77, 0x68, 0x69, 0x63, 0x68, 
        0x20, 0x74, 0x68, 0x65, 0x20, 0x66, 0x69, 0x72, 0x73, 0x74, 0x20, 0x68, 
        0x61, 0x73, 0x0a, 0x20, 0x20, 0x20, 0x20, 0x20, 0x2a, 0x20, 0x6f, 0x6e, 
        0x6c, 0x79, 0x20, 0x6a, 0x75, 0x73, 0x74, 0x20, 0x65, 0x73, 0x74, 0x61, 
        0x62, 0x6c, 0x69, 0x73, 0x68, 0x65, 0x64, 0x20, 0x69, 0x73, 0x20, 0x6e, 
        0x6f, 0x74, 0x20, 0x6e, 0x75, 0x6c, 0x6c, 0x2e, 0x0a, 0x20, 0x20, 0x20, 
        0x20, 0x20, 0x2a, 0x0a, 0x20, 0x20, 0x20, 0x20, 0x20, 0x2a, 0x20, 0x49, 
        0x6e, 0x74, 0x65, 0x72, 0x6e, 0x61, 0x6c, 0x2e, 0x20, 0x49, 0x74, 0x20, 
        0x69, 0x73, 0x20, 0x70, 0x75, 0x62, 0x6c, 0x69, 0x63, 0x20, 0x6f, 0x6e, 
        0x6c, 0x79, 0x20, 0x62, 0x65, 0x63, 0x61, 0x75, 0x73, 0x65, 0x20, 0x74, 
        0x68, 0x65, 0x72, 0x65, 0x20, 0x61, 0x72, 0x65, 0x20, 0x6e, 0x6f, 0x20, 
        0x76, 0x69, 0x73, 0x69, 0x62, 0x69, 0x6c, 0x69, 0x74, 0x79, 0x20, 0x6d, 
        0x6f, 0x64, 0x69, 0x66, 0x69, 0x65, 0x72, 0x73, 0x20, 0x79, 0x65, 0x74, 
        0x20, 0x28, 0x74, 0x6f, 0x64, 0x6f, 0x2f, 0x41, 0x31, 0x37, 0x29, 0x2e, 
        0x0a, 0x20, 0x20, 0x20, 0x20, 0x20, 0x2a, 0x2f, 0x0a, 0x20, 0x20, 0x20, 
        0x20, 0x66, 0x75, 0x6e, 0x63, 0x74, 0x69, 0x6f, 0x6e, 0x20, 0x6d, 0x61, 
        0x6b, 0x65, 0x5f, 0x75, 0x6e, 0x69, 0x71, 0x75, 0x65, 0x28, 0x29, 0x20, 
        0x3a, 0x20, 0x76, 0x6f, 0x69, 0x64, 0x0a, 0x20, 0x20, 0x20, 0x20, 0x7b, 
        0x0a, 0x20, 0x20, 0x20, 0x20, 0x20, 0x20, 0x20, 0x20, 0x69, 0x66, 0x20, 
        0x28, 0x6d, 0x65, 0x6d, 0x3a, 0x3a, 0x72, 0x65, 0x66, 0x5f, 0x63, 0x6f, 
        0x75, 0x6e, 0x74, 0x28, 0x24, 0x74, 0x68, 0x69, 0x73, 0x2d, 0x3e, 0x6f, 
        0x77, 0x6e, 0x65, 0x72, 0x29, 0x20, 0x3d, 0x3d, 0x20, 0x31, 0x29, 0x20, 
        0x7b, 0x0a, 0x20, 0x20, 0x20, 0x20, 0x20, 0x20, 0x20, 0x20, 0x20, 0x20, 
        0x20, 0x20, 0x69, 0x66, 0x20, 0x28, 0x24, 0x74, 0x68, 0x69, 0x73, 0x2d, 
        0x3e, 0x77, 0x69, 0x6e, 0x64, 0x6f, 0x77, 0x2d, 0x3e, 0x73, 0x69, 0x7a, 
        0x65, 0x20, 0x3d, 0x3d, 0x20, 0x24, 0x74, 0x68, 0x69, 0x73, 0x2d, 0x3e, 
        0x6f, 0x77, 0x6e, 0x65, 0x72, 0x2d, 0x3e, 0x75, 0x73, 0x65, 0x64, 0x29, 
        0x20, 0x7b, 0x0a, 0x20, 0x20, 0x20, 0x20, 0x20, 0x20, 0x20, 0x20, 0x20, 
        0x20, 0x20, 0x20, 0x20, 0x20, 0x20, 0x20, 0x72, 0x65, 0x74, 0x75, 0x72, 
        0x6e, 0x3b, 0x0a, 0x20, 0x20, 0x20, 0x20, 0x20, 0x20, 0x20, 0x20, 0x20, 
        0x20, 0x20, 0x20, 0x7d, 0x0a, 0x20, 0x20, 0x20, 0x20, 0x20, 0x20, 0x20, 
        0x20, 0x7d, 0x0a, 0x0a, 0x20, 0x20, 0x20, 0x20, 0x20, 0x20, 0x20, 0x20, 
        0x73, 0x74, 0x72, 0x69, 0x6e, 0x67, 0x20, 0x24, 0x66, 0x72, 0x65, 0x73, 
        0x68, 0x20, 0x3d, 0x20, 0x24, 0x74, 0x68, 0x69, 0x73, 0x2d, 0x3e, 0x63, 
        0x6c, 0x6f, 0x6e, 0x65, 0x28, 0x29, 0x3b, 0x0a, 0x0a, 0x20, 0x20, 0x20, 
        0x20, 0x20, 0x20, 0x20, 0x20, 0x2f, 0x2f, 0x20, 0x74, 0x68, 0x65, 0x20, 
        0x77, 0x69, 0x6e, 0x64, 0x6f, 0x77, 0x20, 0x66, 0x69, 0x72, 0x73, 0x74, 
        0x2e, 0x20, 0x61, 0x73, 0x73, 0x69, 0x67, 0x6e, 0x69, 0x6e, 0x67, 0x20, 
        0x74, 0x68, 0x65, 0x20, 0x6f, 0x77, 0x6e, 0x65, 0x72, 0x20, 0x72, 0x65, 
        0x6c, 0x65, 0x61, 0x73, 0x65, 0x73, 0x20, 0x74, 0x68, 0x65, 0x20, 0x6f, 
        0x6e, 0x65, 0x20, 0x74, 0x68, 0x69, 0x73, 0x20, 0x73, 0x74, 0x72, 0x69, 
        0x6e, 0x67, 0x20, 0x68, 0x65, 0x6c, 0x64, 0x2c, 0x20, 0x61, 0x6e, 0x64, 
        0x20, 0x69, 0x66, 0x20, 0x74, 0x68, 0x61, 0x74, 0x20, 0x77, 0x61, 0x73, 
        0x0a, 0x20, 0x20, 0x20, 0x20, 0x20, 0x20, 0x20, 0x20, 0x2f, 0x2f, 0x20, 
        0x69, 0x74, 0x73, 0x20, 0x6c, 0x61, 0x73, 0x74, 0x20, 0x72, 0x65, 0x66, 
        0x65, 0x72, 0x65, 0x6e, 0x63, 0x65, 0x20, 0x74, 0x68, 0x65, 0x20, 0x6f, 
        0x6c, 0x64, 0x20, 0x62, 0x79, 0x74, 0x65, 0x73, 0x20, 0x61, 0x72, 0x65, 
        0x20, 0x67, 0x6f, 0x6e, 0x65, 0x20, 0x62, 0x79, 0x20, 0x74, 0x68, 0x65, 
        0x20, 0x74, 0x69, 0x6d, 0x65, 0x20, 0x74, 0x68, 0x65, 0x20, 0x6e, 0x65, 
        0x78, 0x74, 0x20, 0x73, 0x74, 0x61, 0x74, 0x65, 0x6d, 0x65, 0x6e, 0x74, 
        0x20, 0x77, 0x6f, 0x75, 0x6c, 0x64, 0x20, 0x72, 0x65, 0x61, 0x64, 0x20, 
        0x74, 0x68, 0x65, 0x6d, 0x0a, 0x20, 0x20, 0x20, 0x20, 0x20, 0x20, 0x20, 
        0x20, 0x24, 0x74, 0x68, 0x69, 0x73, 0x2d, 0x3e, 0x77, 0x69, 0x6e, 0x64, 
        0x6f, 0x77, 0x20, 0x3d, 0x20, 0x24, 0x66, 0x72, 0x65, 0x73, 0x68, 0x2d, 
        0x3e, 0x77, 0x69, 0x6e, 0x64, 0x6f, 0x77, 0x3b, 0x0a, 0x20, 0x20, 0x20, 
        0x20, 0x20, 0x20, 0x20, 0x20, 0x24, 0x74, 0x68, 0x69, 0x73, 0x2d, 0x3e, 
        0x6f, 0x77, 0x6e, 0x65, 0x72, 0x20, 0x3d, 0x20, 0x24, 0x66, 0x72, 0x65, 
        0x73, 0x68, 0x2d, 0x3e, 0x6f, 0x77, 0x6e, 0x65, 0x72, 0x3b, 0x0a, 0x20, 
        0x20, 0x20, 0x20, 0x7d, 0x0a, 0x0a, 0x20, 0x20, 0x20, 0x20, 0x2f, 0x2a, 
        0x2a, 0x0a, 0x20, 0x20, 0x20, 0x20, 0x20, 0x2a, 0x20, 0x52, 0x65, 0x2d, 
        0x73, 0x65, 0x61, 0x74, 0x73, 0x20, 0x74, 0x68, 0x65, 0x20, 0x77, 0x69, 
        0x6e, 0x64, 0x6f, 0x77, 0x20, 0x6f, 0x76, 0x65, 0x72, 0x20, 0x74, 0x68, 
        0x65, 0x20, 0x77, 0x68, 0x6f, 0x6c, 0x65, 0x20, 0x6f, 0x66, 0x20, 0x74, 
        0x68, 0x65, 0x20, 0x62, 0x75, 0x66, 0x66, 0x65, 0x72, 0x2c, 0x20, 0x77, 
        0x68, 0x69, 0x63, 0x68, 0x20, 0x69, 0x73, 0x20, 0x77, 0x68, 0x61, 0x74, 
        0x20, 0x65, 0x76, 0x65, 0x72, 0x79, 0x20, 0x6d, 0x75, 0x74, 0x61, 0x74, 
        0x6f, 0x72, 0x20, 0x6f, 0x77, 0x65, 0x73, 0x20, 0x61, 0x66, 0x74, 0x65, 
        0x72, 0x77, 0x61, 0x72, 0x64, 0x73, 0x2e, 0x0a, 0x20, 0x20, 0x20, 0x20, 
        0x20, 0x2a, 0x0a, 0x20, 0x20, 0x20, 0x20, 0x20, 0x2a, 0x20, 0x54, 0x77, 
        0x6f, 0x20, 0x72, 0x65, 0x61, 0x73, 0x6f, 0x6e, 0x73, 0x2c, 0x20, 0x61, 
        0x6e, 0x64, 0x20, 0x62, 0x6f, 0x74, 0x68, 0x20, 0x68, 0x6f, 0x6c, 0x64, 
        0x20, 0x66, 0x6f, 0x72, 0x20, 0x61, 0x6c, 0x6c, 0x20, 0x6f, 0x66, 0x20, 
        0x74, 0x68, 0x65, 0x6d, 0x3a, 0x20, 0x67, 0x72, 0x6f, 0x77, 0x69, 0x6e, 
        0x67, 0x20, 0x74, 0x68, 0x65, 0x20, 0x62, 0x75, 0x66, 0x66, 0x65, 0x72, 
        0x20, 0x6d, 0x61, 0x79, 0x20, 0x68, 0x61, 0x76, 0x65, 0x20, 0x2a, 0x6d, 
        0x6f, 0x76, 0x65, 0x64, 0x2a, 0x20, 0x74, 0x68, 0x65, 0x20, 0x62, 0x6c, 
        0x6f, 0x63, 0x6b, 0x2c, 0x20, 0x73, 0x6f, 0x0a, 0x20, 0x20, 0x20, 0x20, 
        0x20, 0x2a, 0x20, 0x74, 0x68, 0x65, 0x20, 0x6f, 0x6c, 0x64, 0x20, 0x77, 
        0x69, 0x6e, 0x64, 0x6f, 0x77, 0x20, 0x70, 0x6f, 0x69, 0x6e, 0x74, 0x73, 
        0x20, 0x61, 0x74, 0x20, 0x66, 0x72, 0x65, 0x65, 0x64, 0x20, 0x6d, 0x65, 
        0x6d, 0x6f, 0x72, 0x79, 0x3b, 0x20, 0x61, 0x6e, 0x64, 0x20, 0x74, 0x68, 
        0x65, 0x20, 0x74, 0x65, 0x78, 0x74, 0x20, 0x6a, 0x75, 0x73, 0x74, 0x20, 
        0x63, 0x68, 0x61, 0x6e, 0x67, 0x65, 0x64, 0x20, 0x6c, 0x65, 0x6e, 0x67, 
        0x74, 0x68, 0x2e, 0x20, 0x49, 0x74, 0x20, 0x69, 0x73, 0x20, 0x74, 0x68, 
        0x65, 0x20, 0x77, 0x68, 0x6f, 0x6c, 0x65, 0x0a, 0x20, 0x20, 0x20, 0x20, 
        0x20, 0x2a, 0x20, 0x62, 0x75, 0x66, 0x66, 0x65, 0x72, 0x20, 0x72, 0x61, 
        0x74, 0x68, 0x65, 0x72, 0x20, 0x74, 0x68, 0x61, 0x6e, 0x20, 0x61, 0x20, 
        0x73, 0x75, 0x62, 0x2d, 0x77, 0x69, 0x6e, 0x64, 0x6f, 0x77, 0x20, 0x62, 
        0x65, 0x63, 0x61, 0x75, 0x73, 0x65, 0x20, 0x74, 0x68, 0x65, 0x20, 0x67, 
        0x61, 0x74, 0x65, 0x20, 0x68, 0x61, 0x73, 0x20, 0x61, 0x6c, 0x72, 0x65, 
        0x61, 0x64, 0x79, 0x20, 0x65, 0x73, 0x74, 0x61, 0x62, 0x6c, 0x69, 0x73, 
        0x68, 0x65, 0x64, 0x20, 0x74, 0x68, 0x61, 0x74, 0x20, 0x74, 0x68, 0x69, 
        0x73, 0x20, 0x73, 0x74, 0x72, 0x69, 0x6e, 0x67, 0x20, 0x69, 0x73, 0x0a, 
        0x20, 0x20, 0x20, 0x20, 0x20, 0x2a, 0x20, 0x74, 0x68, 0x65, 0x20, 0x6f, 
        0x6e, 0x6c, 0x79, 0x20, 0x6f, 0x6e, 0x65, 0x20, 0x6e, 0x61, 0x6d, 0x69, 
        0x6e, 0x67, 0x20, 0x69, 0x74, 0x20, 0x2d, 0x20, 0x61, 0x20, 0x73, 0x75, 
        0x62, 0x2d, 0x77, 0x69, 0x6e, 0x64, 0x6f, 0x77, 0x20, 0x77, 0x6f, 0x75, 
        0x6c, 0x64, 0x20, 0x68, 0x61, 0x76, 0x65, 0x20, 0x62, 0x65, 0x65, 0x6e, 
        0x20, 0x63, 0x6c, 0x6f, 0x6e, 0x65, 0x64, 0x20, 0x69, 0x6e, 0x74, 0x6f, 
        0x20, 0x61, 0x20, 0x66, 0x72, 0x65, 0x73, 0x68, 0x2c, 0x20, 0x66, 0x75, 
        0x6c, 0x6c, 0x2d, 0x77, 0x69, 0x64, 0x74, 0x68, 0x20, 0x6f, 0x6e, 0x65, 
        0x2e, 0x0a, 0x20, 0x20, 0x20, 0x20, 0x20, 0x2a, 0x0a, 0x20, 0x20, 0x20, 
        0x20, 0x20, 0x2a, 0x20, 0x4f, 0x6e, 0x65, 0x20, 0x6d, 0x65, 0x74, 0x68, 
        0x6f, 0x64, 0x20, 0x72, 0x61, 0x74, 0x68, 0x65, 0x72, 0x20, 0x74, 0x68, 
        0x61, 0x6e, 0x20, 0x74, 0x68, 0x65, 0x20, 0x73, 0x61, 0x6d, 0x65, 0x20, 
        0x73, 0x74, 0x61, 0x74, 0x65, 0x6d, 0x65, 0x6e, 0x74, 0x20, 0x61, 0x74, 
        0x20, 0x74, 0x68, 0x65, 0x20, 0x65, 0x6e, 0x64, 0x20, 0x6f, 0x66, 0x20, 
        0x66, 0x6f, 0x75, 0x72, 0x20, 0x6d, 0x75, 0x74, 0x61, 0x74, 0x6f, 0x72, 
        0x73, 0x2c, 0x20, 0x73, 0x6f, 0x20, 0x74, 0x68, 0x65, 0x20, 0x66, 0x69, 
        0x66, 0x74, 0x68, 0x20, 0x63, 0x61, 0x6e, 0x6e, 0x6f, 0x74, 0x0a, 0x20, 
        0x20, 0x20, 0x20, 0x20, 0x2a, 0x20, 0x66, 0x6f, 0x72, 0x67, 0x65, 0x74, 
        0x20, 0x69, 0x74, 0x20, 0x6f, 0x72, 0x20, 0x73, 0x70, 0x65, 0x6c, 0x6c, 
        0x20, 0x69, 0x74, 0x20, 0x64, 0x69, 0x66, 0x66, 0x65, 0x72, 0x65, 0x6e, 
        0x74, 0x6c, 0x79, 0x2e, 0x0a, 0x20, 0x20, 0x20, 0x20, 0x20, 0x2a, 0x0a, 
        0x20, 0x20, 0x20, 0x20, 0x20, 0x2a, 0x20, 0x49, 0x6e, 0x74, 0x65, 0x72, 
        0x6e, 0x61, 0x6c, 0x2c, 0x20, 0x6c, 0x69, 0x6b, 0x65, 0x20, 0x60, 0x6d, 
        0x61, 0x6b, 0x65, 0x5f, 0x75, 0x6e, 0x69, 0x71, 0x75, 0x65, 0x60, 0x20, 
        0x2d, 0x20, 0x70, 0x75, 0x62, 0x6c, 0x69, 0x63, 0x20, 0x6f, 0x6e, 0x6c, 
        0x79, 0x20, 0x62, 0x65, 0x63, 0x61, 0x75, 0x73, 0x65, 0x20, 0x74, 0x68, 
        0x65, 0x72, 0x65, 0x20, 0x61, 0x72, 0x65, 0x20, 0x6e, 0x6f, 0x20, 0x76, 
        0x69, 0x73, 0x69, 0x62, 0x69, 0x6c, 0x69, 0x74, 0x79, 0x20, 0x6d, 0x6f, 
        0x64, 0x69, 0x66, 0x69, 0x65, 0x72, 0x73, 0x20, 0x79, 0x65, 0x74, 0x0a, 
        0x20, 0x20, 0x20, 0x20, 0x20, 0x2a, 0x20, 0x28, 0x74, 0x6f, 0x64, 0x6f, 
        0x2f, 0x41, 0x31, 0x37, 0x29, 0x2e, 0x0a, 0x20, 0x20, 0x20, 0x20, 0x20, 
        0x2a, 0x2f, 0x0a, 0x20, 0x20, 0x20, 0x20, 0x66, 0x75, 0x6e, 0x63, 0x74, 
        0x69, 0x6f, 0x6e, 0x20, 0x72, 0x65, 0x73, 0x65, 0x61, 0x74, 0x28, 0x29, 
        0x20, 0x3a, 0x20, 0x76, 0x6f, 0x69, 0x64, 0x0a, 0x20, 0x20, 0x20, 0x20, 
        0x7b, 0x0a, 0x20, 0x20, 0x20, 0x20, 0x20, 0x20, 0x20, 0x20, 0x24, 0x74, 
        0x68, 0x69, 0x73, 0x2d, 0x3e, 0x77, 0x69, 0x6e, 0x64, 0x6f, 0x77, 0x20, 
        0x3d, 0x20, 0x73, 0x74, 0x72, 0x69, 0x6e, 0x67, 0x3a, 0x3a, 0x76, 0x69, 
        0x65, 0x77, 0x28, 0x24, 0x74, 0x68, 0x69, 0x73, 0x2d, 0x3e, 0x6f, 0x77, 
        0x6e, 0x65, 0x72, 0x2d, 0x3e, 0x62, 0x79, 0x74, 0x65, 0x73, 0x2c, 0x20, 
        0x24, 0x74, 0x68, 0x69, 0x73, 0x2d, 0x3e, 0x6f, 0x77, 0x6e, 0x65, 0x72, 
        0x2d, 0x3e, 0x75, 0x73, 0x65, 0x64, 0x29, 0x3b, 0x0a, 0x20, 0x20, 0x20, 
        0x20, 0x7d, 0x0a, 0x0a, 0x20, 0x20, 0x20, 0x20, 0x2f, 0x2a, 0x2a, 0x0a, 
        0x20, 0x20, 0x20, 0x20, 0x20, 0x2a, 0x20, 0x4d, 0x61, 0x6b, 0x65, 0x73, 
        0x20, 0x72, 0x6f, 0x6f, 0x6d, 0x20, 0x66, 0x6f, 0x72, 0x20, 0x60, 0x24, 
        0x63, 0x61, 0x70, 0x61, 0x63, 0x69, 0x74, 0x79, 0x60, 0x20, 0x62, 0x79, 
        0x74, 0x65, 0x73, 0x20, 0x6f, 0x66, 0x20, 0x74, 0x65, 0x78, 0x74, 0x2c, 
        0x20, 0x73, 0x6f, 0x20, 0x74, 0x68, 0x65, 0x20, 0x61, 0x70, 0x70, 0x65, 
        0x6e, 0x64, 0x73, 0x20, 0x74, 0x68, 0x61, 0x74, 0x20, 0x66, 0x6f, 0x6c, 
        0x6c, 0x6f, 0x77, 0x20, 0x64, 0x6f, 0x20, 0x6e, 0x6f, 0x74, 0x20, 0x72, 
        0x65, 0x61, 0x6c, 0x6c, 0x6f, 0x63, 0x61, 0x74, 0x65, 0x2e, 0x0a, 0x20, 
        0x20, 0x20, 0x20, 0x20, 0x2a, 0x0a, 0x20, 0x20, 0x20, 0x20, 0x20, 0x2a, 
        0x20, 0x43, 0x6f, 0x70, 0x79, 0x2d, 0x6f, 0x6e, 0x2d, 0x77, 0x72, 0x69, 
        0x74, 0x65, 0x20, 0x66, 0x69, 0x72, 0x73, 0x74, 0x2c, 0x20, 0x73, 0x6f, 
        0x20, 0x74, 0x68, 0x69, 0x73, 0x20, 0x69, 0x73, 0x20, 0x61, 0x6c, 0x73, 
        0x6f, 0x20, 0x74, 0x68, 0x65, 0x20, 0x63, 0x68, 0x65, 0x61, 0x70, 0x65, 
        0x73, 0x74, 0x20, 0x77, 0x61, 0x79, 0x20, 0x74, 0x6f, 0x20, 0x73, 0x61, 
        0x79, 0x20, 0x22, 0x49, 0x20, 0x61, 0x6d, 0x20, 0x61, 0x62, 0x6f, 0x75, 
        0x74, 0x20, 0x74, 0x6f, 0x20, 0x77, 0x72, 0x69, 0x74, 0x65, 0x20, 0x74, 
        0x6f, 0x20, 0x74, 0x68, 0x69, 0x73, 0x22, 0x3a, 0x0a, 0x20, 0x20, 0x20, 
        0x20, 0x20, 0x2a, 0x20, 0x74, 0x68, 0x65, 0x20, 0x63, 0x6f, 0x70, 0x79, 
        0x20, 0x61, 0x20, 0x6c, 0x69, 0x74, 0x65, 0x72, 0x61, 0x6c, 0x20, 0x6f, 
        0x72, 0x20, 0x61, 0x20, 0x73, 0x68, 0x61, 0x72, 0x65, 0x64, 0x20, 0x62, 
        0x75, 0x66, 0x66, 0x65, 0x72, 0x20, 0x6f, 0x77, 0x65, 0x73, 0x20, 0x68, 
        0x61, 0x70, 0x70, 0x65, 0x6e, 0x73, 0x20, 0x6f, 0x6e, 0x63, 0x65, 0x2c, 
        0x20, 0x68, 0x65, 0x72, 0x65, 0x2c, 0x20, 0x61, 0x74, 0x20, 0x61, 0x20, 
        0x73, 0x69, 0x7a, 0x65, 0x20, 0x79, 0x6f, 0x75, 0x20, 0x63, 0x68, 0x6f, 
        0x73, 0x65, 0x2e, 0x0a, 0x20, 0x20, 0x20, 0x20, 0x20, 0x2a, 0x2f, 0x0a, 
        0x20, 0x20, 0x20, 0x20, 0x66, 0x75, 0x6e, 0x63, 0x74, 0x69, 0x6f, 0x6e, 
        0x20, 0x72, 0x65, 0x73, 0x65, 0x72, 0x76, 0x65, 0x28, 0x75, 0x73, 0x69, 
        0x7a, 0x65, 0x20, 0x24, 0x63, 0x61, 0x70, 0x61, 0x63, 0x69, 0x74, 0x79, 
        0x29, 0x20, 0x3a, 0x20, 0x76, 0x6f, 0x69, 0x64, 0x0a, 0x20, 0x20, 0x20, 
        0x20, 0x7b, 0x0a, 0x20, 0x20, 0x20, 0x20, 0x20, 0x20, 0x20, 0x20, 0x24, 
        0x74, 0x68, 0x69, 0x73, 0x2d, 0x3e, 0x6d, 0x61, 0x6b, 0x65, 0x5f, 0x75, 
        0x6e, 0x69, 0x71, 0x75, 0x65, 0x28, 0x29, 0x3b, 0x0a, 0x20, 0x20, 0x20, 
        0x20, 0x20, 0x20, 0x20, 0x20, 0x24, 0x74, 0x68, 0x69, 0x73, 0x2d, 0x3e, 
        0x6f, 0x77, 0x6e, 0x65, 0x72, 0x2d, 0x3e, 0x72, 0x65, 0x73, 0x65, 0x72, 
        0x76, 0x65, 0x28, 0x24, 0x63, 0x61, 0x70, 0x61, 0x63, 0x69, 0x74, 0x79, 
        0x29, 0x3b, 0x0a, 0x20, 0x20, 0x20, 0x20, 0x20, 0x20, 0x20, 0x20, 0x24, 
        0x74, 0x68, 0x69, 0x73, 0x2d, 0x3e, 0x72, 0x65, 0x73, 0x65, 0x61, 0x74, 
        0x28, 0x29, 0x3b, 0x0a, 0x20, 0x20, 0x20, 0x20, 0x7d, 0x0a, 0x0a, 0x20, 
        0x20, 0x20, 0x20, 0x2f, 0x2a, 0x2a, 0x0a, 0x20, 0x20, 0x20, 0x20, 0x20, 
        0x2a, 0x20, 0x41, 0x70, 0x70, 0x65, 0x6e, 0x64, 0x73, 0x20, 0x60, 0x24, 
        0x6f, 0x74, 0x68, 0x65, 0x72, 0x60, 0x27, 0x73, 0x20, 0x62, 0x79, 0x74, 
        0x65, 0x73, 0x2e, 0x0a, 0x20, 0x20, 0x20, 0x20, 0x20, 0x2a, 0x0a, 0x20, 
        0x20, 0x20, 0x20, 0x20, 0x2a, 0x20, 0x60, 0x24, 0x73, 0x2d, 0x3e, 0x61, 
        0x70, 0x70, 0x65, 0x6e, 0x64, 0x28, 0x24, 0x73, 0x29, 0x60, 0x20, 0x69, 
        0x73, 0x20, 0x63, 0x6f, 0x72, 0x72, 0x65, 0x63, 0x74, 0x20, 0x72, 0x61, 
        0x74, 0x68, 0x65, 0x72, 0x20, 0x74, 0x68, 0x61, 0x6e, 0x20, 0x61, 0x20, 
        0x73, 0x70, 0x65, 0x63, 0x69, 0x61, 0x6c, 0x20, 0x63, 0x61, 0x73, 0x65, 
        0x2c, 0x20, 0x61, 0x6e, 0x64, 0x20, 0x66, 0x6f, 0x72, 0x20, 0x61, 0x20, 
        0x72, 0x65, 0x61, 0x73, 0x6f, 0x6e, 0x20, 0x77, 0x6f, 0x72, 0x74, 0x68, 
        0x20, 0x72, 0x65, 0x61, 0x64, 0x69, 0x6e, 0x67, 0x3a, 0x20, 0x74, 0x68, 
        0x65, 0x0a, 0x20, 0x20, 0x20, 0x20, 0x20, 0x2a, 0x20, 0x70, 0x61, 0x72, 
        0x61, 0x6d, 0x65, 0x74, 0x65, 0x72, 0x20, 0x69, 0x73, 0x20, 0x62, 0x79, 
        0x20, 0x76, 0x61, 0x6c, 0x75, 0x65, 0x2c, 0x20, 0x73, 0x6f, 0x20, 0x60, 
        0x24, 0x6f, 0x74, 0x68, 0x65, 0x72, 0x60, 0x20, 0x68, 0x6f, 0x6c, 0x64, 
        0x73, 0x20, 0x61, 0x20, 0x73, 0x65, 0x63, 0x6f, 0x6e, 0x64, 0x20, 0x72, 
        0x65, 0x66, 0x65, 0x72, 0x65, 0x6e, 0x63, 0x65, 0x20, 0x74, 0x6f, 0x20, 
        0x74, 0x68, 0x65, 0x20, 0x62, 0x75, 0x66, 0x66, 0x65, 0x72, 0x2c, 0x20, 
        0x74, 0x68, 0x65, 0x20, 0x67, 0x61, 0x74, 0x65, 0x20, 0x74, 0x68, 0x65, 
        0x72, 0x65, 0x66, 0x6f, 0x72, 0x65, 0x0a, 0x20, 0x20, 0x20, 0x20, 0x20, 
        0x2a, 0x20, 0x73, 0x65, 0x65, 0x73, 0x20, 0x61, 0x20, 0x63, 0x6f, 0x75, 
        0x6e, 0x74, 0x20, 0x6f, 0x66, 0x20, 0x74, 0x77, 0x6f, 0x20, 0x61, 0x6e, 
        0x64, 0x20, 0x63, 0x6c, 0x6f, 0x6e, 0x65, 0x73, 0x20, 0x2d, 0x20, 0x61, 
        0x6e, 0x64, 0x20, 0x60, 0x24, 0x6f, 0x74, 0x68, 0x65, 0x72, 0x60, 0x20, 
        0x73, 0x74, 0x69, 0x6c, 0x6c, 0x20, 0x6e, 0x61, 0x6d, 0x65, 0x73, 0x20, 
        0x74, 0x68, 0x65, 0x20, 0x6f, 0x6c, 0x64, 0x2c, 0x20, 0x75, 0x6e, 0x74, 
        0x6f, 0x75, 0x63, 0x68, 0x65, 0x64, 0x20, 0x62, 0x79, 0x74, 0x65, 0x73, 
        0x20, 0x77, 0x68, 0x69, 0x6c, 0x65, 0x20, 0x74, 0x68, 0x65, 0x0a, 0x20, 
        0x20, 0x20, 0x20, 0x20, 0x2a, 0x20, 0x6e, 0x65, 0x77, 0x20, 0x6f, 0x6e, 
        0x65, 0x73, 0x20, 0x61, 0x72, 0x65, 0x20, 0x77, 0x72, 0x69, 0x74, 0x74, 
        0x65, 0x6e, 0x2e, 0x0a, 0x20, 0x20, 0x20, 0x20, 0x20, 0x2a, 0x2f, 0x0a, 
        0x20, 0x20, 0x20, 0x20, 0x66, 0x75, 0x6e, 0x63, 0x74, 0x69, 0x6f, 0x6e, 
        0x20, 0x61, 0x70, 0x70, 0x65, 0x6e, 0x64, 0x28, 0x73, 0x74, 0x72, 0x69, 
        0x6e, 0x67, 0x20, 0x24, 0x6f, 0x74, 0x68, 0x65, 0x72, 0x29, 0x20, 0x3a, 
        0x20, 0x76, 0x6f, 0x69, 0x64, 0x0a, 0x20, 0x20, 0x20, 0x20, 0x7b, 0x0a, 
        0x20, 0x20, 0x20, 0x20, 0x20, 0x20, 0x20, 0x20, 0x75, 0x73, 0x69, 0x7a, 
        0x65, 0x20, 0x24, 0x65, 0x78, 0x74, 0x72, 0x61, 0x20, 0x3d, 0x20, 0x24, 
        0x6f, 0x74, 0x68, 0x65, 0x72, 0x2d, 0x3e, 0x77, 0x69, 0x6e, 0x64, 0x6f, 
        0x77, 0x2d, 0x3e, 0x73, 0x69, 0x7a, 0x65, 0x3b, 0x0a, 0x0a, 0x20, 0x20, 
        0x20, 0x20, 0x20, 0x20, 0x20, 0x20, 0x69, 0x66, 0x20, 0x28, 0x24, 0x65, 
        0x78, 0x74, 0x72, 0x61, 0x20, 0x3d, 0x3d, 0x20, 0x30, 0x29, 0x20, 0x7b, 
        0x0a, 0x20, 0x20, 0x20, 0x20, 0x20, 0x20, 0x20, 0x20, 0x20, 0x20, 0x20, 
        0x20, 0x72, 0x65, 0x74, 0x75, 0x72, 0x6e, 0x3b, 0x0a, 0x20, 0x20, 0x20, 
        0x20, 0x20, 0x20, 0x20, 0x20, 0x7d, 0x0a, 0x0a, 0x20, 0x20, 0x20, 0x20, 
        0x20, 0x20, 0x20, 0x20, 0x24, 0x74, 0x68, 0x69, 0x73, 0x2d, 0x3e, 0x6d, 
        0x61, 0x6b, 0x65, 0x5f, 0x75, 0x6e, 0x69, 0x71, 0x75, 0x65, 0x28, 0x29, 
        0x3b, 0x0a, 0x20, 0x20, 0x20, 0x20, 0x20, 0x20, 0x20, 0x20, 0x24, 0x74, 
        0x68, 0x69, 0x73, 0x2d, 0x3e, 0x6f, 0x77, 0x6e, 0x65, 0x72, 0x2d, 0x3e, 
        0x61, 0x70, 0x70, 0x65, 0x6e, 0x64, 0x5f, 0x62, 0x79, 0x74, 0x65, 0x73, 
        0x28, 0x24, 0x6f, 0x74, 0x68, 0x65, 0x72, 0x2d, 0x3e, 0x77, 0x69, 0x6e, 
        0x64, 0x6f, 0x77, 0x2d, 0x3e, 0x62, 0x79, 0x74, 0x65, 0x73, 0x2c, 0x20, 
        0x24, 0x65, 0x78, 0x74, 0x72, 0x61, 0x29, 0x3b, 0x0a, 0x20, 0x20, 0x20, 
        0x20, 0x20, 0x20, 0x20, 0x20, 0x24, 0x74, 0x68, 0x69, 0x73, 0x2d, 0x3e, 
        0x72, 0x65, 0x73, 0x65, 0x61, 0x74, 0x28, 0x29, 0x3b, 0x0a, 0x20, 0x20, 
        0x20, 0x20, 0x7d, 0x0a, 0x0a, 0x20, 0x20, 0x20, 0x20, 0x2f, 0x2a, 0x2a, 
        0x0a, 0x20, 0x20, 0x20, 0x20, 0x20, 0x2a, 0x20, 0x41, 0x70, 0x70, 0x65, 
        0x6e, 0x64, 0x73, 0x20, 0x6f, 0x6e, 0x65, 0x20, 0x62, 0x79, 0x74, 0x65, 
        0x2e, 0x0a, 0x20, 0x20, 0x20, 0x20, 0x20, 0x2a, 0x0a, 0x20, 0x20, 0x20, 
        0x20, 0x20, 0x2a, 0x20, 0x41, 0x20, 0x62, 0x79, 0x74, 0x65, 0x2c, 0x20, 
        0x6e, 0x6f, 0x74, 0x20, 0x61, 0x20, 0x63, 0x68, 0x61, 0x72, 0x61, 0x63, 
        0x74, 0x65, 0x72, 0x3a, 0x20, 0x61, 0x70, 0x70, 0x65, 0x6e, 0x64, 0x69, 
        0x6e, 0x67, 0x20, 0x60, 0x30, 0x78, 0x38, 0x30, 0x60, 0x20, 0x6f, 0x6e, 
        0x20, 0x69, 0x74, 0x73, 0x20, 0x6f, 0x77, 0x6e, 0x20, 0x6c, 0x65, 0x61, 
        0x76, 0x65, 0x73, 0x20, 0x74, 0x68, 0x65, 0x20, 0x73, 0x74, 0x72, 0x69, 
        0x6e, 0x67, 0x20, 0x68, 0x6f, 0x6c, 0x64, 0x69, 0x6e, 0x67, 0x20, 0x69, 
        0x6e, 0x76, 0x61, 0x6c, 0x69, 0x64, 0x20, 0x55, 0x54, 0x46, 0x2d, 0x38, 
        0x2c, 0x0a, 0x20, 0x20, 0x20, 0x20, 0x20, 0x2a, 0x20, 0x61, 0x6e, 0x64, 
        0x20, 0x6e, 0x6f, 0x74, 0x68, 0x69, 0x6e, 0x67, 0x20, 0x68, 0x65, 0x72, 
        0x65, 0x20, 0x77, 0x69, 0x6c, 0x6c, 0x20, 0x73, 0x61, 0x79, 0x20, 0x73, 
        0x6f, 0x20, 0x2d, 0x20, 0x60, 0x63, 0x68, 0x61, 0x72, 0x5f, 0x63, 0x6f, 
        0x75, 0x6e, 0x74, 0x60, 0x20, 0x77, 0x69, 0x6c, 0x6c, 0x20, 0x73, 0x69, 
        0x6d, 0x70, 0x6c, 0x79, 0x20, 0x63, 0x6f, 0x75, 0x6e, 0x74, 0x20, 0x69, 
        0x74, 0x20, 0x61, 0x73, 0x20, 0x61, 0x20, 0x63, 0x68, 0x61, 0x72, 0x61, 
        0x63, 0x74, 0x65, 0x72, 0x2e, 0x0a, 0x20, 0x20, 0x20, 0x20, 0x20, 0x2a, 
        0x2f, 0x0a, 0x20, 0x20, 0x20, 0x20, 0x66, 0x75, 0x6e, 0x63, 0x74, 0x69, 
        0x6f, 0x6e, 0x20, 0x70, 0x75, 0x73, 0x68, 0x5f, 0x62, 0x79, 0x74, 0x65, 
        0x28, 0x75, 0x69, 0x6e, 0x74, 0x38, 0x20, 0x24, 0x62, 0x79, 0x74, 0x65, 
        0x29, 0x20, 0x3a, 0x20, 0x76, 0x6f, 0x69, 0x64, 0x0a, 0x20, 0x20, 0x20, 
        0x20, 0x7b, 0x0a, 0x20, 0x20, 0x20, 0x20, 0x20, 0x20, 0x20, 0x20, 0x24, 
        0x74, 0x68, 0x69, 0x73, 0x2d, 0x3e, 0x6d, 0x61, 0x6b, 0x65, 0x5f, 0x75, 
        0x6e, 0x69, 0x71, 0x75, 0x65, 0x28, 0x29, 0x3b, 0x0a, 0x20, 0x20, 0x20, 
        0x20, 0x20, 0x20, 0x20, 0x20, 0x24, 0x74, 0x68, 0x69, 0x73, 0x2d, 0x3e, 
        0x6f, 0x77, 0x6e, 0x65, 0x72, 0x2d, 0x3e, 0x70, 0x75, 0x73, 0x68, 0x28, 
        0x24, 0x62, 0x79, 0x74, 0x65, 0x29, 0x3b, 0x0a, 0x20, 0x20, 0x20, 0x20, 
        0x20, 0x20, 0x20, 0x20, 0x24, 0x74, 0x68, 0x69, 0x73, 0x2d, 0x3e, 0x72, 
        0x65, 0x73, 0x65, 0x61, 0x74, 0x28, 0x29, 0x3b, 0x0a, 0x20, 0x20, 0x20, 
        0x20, 0x7d, 0x0a, 0x0a, 0x20, 0x20, 0x20, 0x20, 0x2f, 0x2a, 0x2a, 0x0a, 
        0x20, 0x20, 0x20, 0x20, 0x20, 0x2a, 0x20, 0x45, 0x6d, 0x70, 0x74, 0x69, 
        0x65, 0x73, 0x20, 0x74, 0x68, 0x65, 0x20, 0x73, 0x74, 0x72, 0x69, 0x6e, 
        0x67, 0x2c, 0x20, 0x6b, 0x65, 0x65, 0x70, 0x69, 0x6e, 0x67, 0x20, 0x74, 
        0x68, 0x65, 0x20, 0x63, 0x61, 0x70, 0x61, 0x63, 0x69, 0x74, 0x79, 0x2e, 
        0x0a, 0x20, 0x20, 0x20, 0x20, 0x20, 0x2a, 0x0a, 0x20, 0x20, 0x20, 0x20, 
        0x20, 0x2a, 0x20, 0x54, 0x68, 0x65, 0x20, 0x67, 0x61, 0x74, 0x65, 0x20, 
        0x63, 0x6f, 0x70, 0x69, 0x65, 0x73, 0x20, 0x62, 0x79, 0x74, 0x65, 0x73, 
        0x20, 0x74, 0x68, 0x69, 0x73, 0x20, 0x69, 0x73, 0x20, 0x61, 0x62, 0x6f, 
        0x75, 0x74, 0x20, 0x74, 0x6f, 0x20, 0x64, 0x69, 0x73, 0x63, 0x61, 0x72, 
        0x64, 0x2c, 0x20, 0x77, 0x68, 0x69, 0x63, 0x68, 0x20, 0x69, 0x73, 0x20, 
        0x74, 0x68, 0x65, 0x20, 0x70, 0x72, 0x69, 0x63, 0x65, 0x20, 0x6f, 0x66, 
        0x20, 0x65, 0x76, 0x65, 0x72, 0x79, 0x20, 0x6d, 0x75, 0x74, 0x61, 0x74, 
        0x6f, 0x72, 0x20, 0x73, 0x68, 0x61, 0x72, 0x69, 0x6e, 0x67, 0x0a, 0x20, 
        0x20, 0x20, 0x20, 0x20, 0x2a, 0x20, 0x6f, 0x6e, 0x65, 0x20, 0x72, 0x75, 
        0x6c, 0x65, 0x20, 0x72, 0x61, 0x74, 0x68, 0x65, 0x72, 0x20, 0x74, 0x68, 
        0x61, 0x6e, 0x20, 0x65, 0x61, 0x63, 0x68, 0x20, 0x63, 0x61, 0x72, 0x72, 
        0x79, 0x69, 0x6e, 0x67, 0x20, 0x69, 0x74, 0x73, 0x20, 0x6f, 0x77, 0x6e, 
        0x2e, 0x20, 0x54, 0x68, 0x69, 0x73, 0x20, 0x69, 0x73, 0x20, 0x74, 0x68, 
        0x65, 0x20, 0x6f, 0x6e, 0x6c, 0x79, 0x20, 0x6f, 0x6e, 0x65, 0x20, 0x77, 
        0x68, 0x65, 0x72, 0x65, 0x20, 0x74, 0x68, 0x61, 0x74, 0x20, 0x73, 0x68, 
        0x6f, 0x77, 0x73, 0x2e, 0x0a, 0x20, 0x20, 0x20, 0x20, 0x20, 0x2a, 0x2f, 
        0x0a, 0x20, 0x20, 0x20, 0x20, 0x66, 0x75, 0x6e, 0x63, 0x74, 0x69, 0x6f, 
        0x6e, 0x20, 0x63, 0x6c, 0x65, 0x61, 0x72, 0x28, 0x29, 0x20, 0x3a, 0x20, 
        0x76, 0x6f, 0x69, 0x64, 0x0a, 0x20, 0x20, 0x20, 0x20, 0x7b, 0x0a, 0x20, 
        0x20, 0x20, 0x20, 0x20, 0x20, 0x20, 0x20, 0x24, 0x74, 0x68, 0x69, 0x73, 
        0x2d, 0x3e, 0x6d, 0x61, 0x6b, 0x65, 0x5f, 0x75, 0x6e, 0x69, 0x71, 0x75, 
        0x65, 0x28, 0x29, 0x3b, 0x0a, 0x20, 0x20, 0x20, 0x20, 0x20, 0x20, 0x20, 
        0x20, 0x24, 0x74, 0x68, 0x69, 0x73, 0x2d, 0x3e, 0x6f, 0x77, 0x6e, 0x65, 
        0x72, 0x2d, 0x3e, 0x65, 0x6d, 0x70, 0x74, 0x79, 0x28, 0x29, 0x3b, 0x0a, 
        0x0a, 0x20, 0x20, 0x20, 0x20, 0x20, 0x20, 0x20, 0x20, 0x2f, 0x2f, 0x20, 
        0x74, 0x68, 0x65, 0x20, 0x73, 0x61, 0x6d, 0x65, 0x20, 0x72, 0x65, 0x2d, 
        0x73, 0x65, 0x61, 0x74, 0x20, 0x61, 0x73, 0x20, 0x65, 0x76, 0x65, 0x72, 
        0x79, 0x20, 0x6f, 0x74, 0x68, 0x65, 0x72, 0x20, 0x6d, 0x75, 0x74, 0x61, 
        0x74, 0x6f, 0x72, 0x3a, 0x20, 0x60, 0x65, 0x6d, 0x70, 0x74, 0x79, 0x28, 
        0x29, 0x60, 0x20, 0x68, 0x61, 0x73, 0x20, 0x6a, 0x75, 0x73, 0x74, 0x20, 
        0x73, 0x65, 0x74, 0x20, 0x60, 0x24, 0x75, 0x73, 0x65, 0x64, 0x60, 0x20, 
        0x74, 0x6f, 0x20, 0x30, 0x2c, 0x20, 0x73, 0x6f, 0x20, 0x74, 0x68, 0x65, 
        0x0a, 0x20, 0x20, 0x20, 0x20, 0x20, 0x20, 0x20, 0x20, 0x2f, 0x2f, 0x20, 
        0x77, 0x69, 0x6e, 0x64, 0x6f, 0x77, 0x20, 0x74, 0x68, 0x69, 0x73, 0x20, 
        0x68, 0x61, 0x6e, 0x64, 0x73, 0x20, 0x62, 0x61, 0x63, 0x6b, 0x20, 0x69, 
        0x73, 0x20, 0x74, 0x68, 0x65, 0x20, 0x65, 0x6d, 0x70, 0x74, 0x79, 0x20, 
        0x6f, 0x6e, 0x65, 0x2c, 0x20, 0x73, 0x70, 0x65, 0x6c, 0x6c, 0x65, 0x64, 
        0x20, 0x61, 0x73, 0x20, 0x74, 0x68, 0x65, 0x20, 0x6f, 0x6e, 0x65, 0x20, 
        0x72, 0x75, 0x6c, 0x65, 0x20, 0x72, 0x61, 0x74, 0x68, 0x65, 0x72, 0x20, 
        0x74, 0x68, 0x61, 0x6e, 0x20, 0x61, 0x73, 0x20, 0x61, 0x20, 0x73, 0x65, 
        0x63, 0x6f, 0x6e, 0x64, 0x0a, 0x20, 0x20, 0x20, 0x20, 0x20, 0x20, 0x20, 
        0x20, 0x24, 0x74, 0x68, 0x69, 0x73, 0x2d, 0x3e, 0x72, 0x65, 0x73, 0x65, 
        0x61, 0x74, 0x28, 0x29, 0x3b, 0x0a, 0x20, 0x20, 0x20, 0x20, 0x7d, 0x0a, 
        0x7d, 0x0a, 
    };
    file_9.set_content(reinterpret_cast<const char*>(file_9_data), sizeof(file_9_data));
    auto &file_10 = module.add_file("stdlib:/std/env/dirs.eco");
    static const unsigned char file_10_data[] = {
        0x2f, 0x2a, 0x2a, 0x0a, 0x20, 0x2a, 0x20, 0x54, 0x68, 0x65, 0x20, 0x64, 
        0x69, 0x72, 0x65, 0x63, 0x74, 0x6f, 0x72, 0x69, 0x65, 0x73, 0x20, 0x61, 
        0x20, 0x70, 0x72, 0x6f, 0x63, 0x65, 0x73, 0x73, 0x20, 0x69, 0x73, 0x20, 
        0x74, 0x6f, 0x6c, 0x64, 0x20, 0x61, 0x62, 0x6f, 0x75, 0x74, 0x2e, 0x0a, 
        0x20, 0x2a, 0x0a, 0x20, 0x2a, 0x20, 0x54, 0x77, 0x6f, 0x20, 0x6f, 0x66, 
        0x20, 0x74, 0x68, 0x65, 0x20, 0x74, 0x68, 0x72, 0x65, 0x65, 0x20, 0x61, 
        0x72, 0x65, 0x20, 0x65, 0x6e, 0x76, 0x69, 0x72, 0x6f, 0x6e, 0x6d, 0x65, 
        0x6e, 0x74, 0x20, 0x76, 0x61, 0x72, 0x69, 0x61, 0x62, 0x6c, 0x65, 0x73, 
        0x20, 0x61, 0x6e, 0x64, 0x20, 0x63, 0x6f, 0x73, 0x74, 0x20, 0x65, 0x78, 
        0x61, 0x63, 0x74, 0x6c, 0x79, 0x20, 0x77, 0x68, 0x61, 0x74, 0x20, 0x72, 
        0x65, 0x61, 0x64, 0x69, 0x6e, 0x67, 0x20, 0x6f, 0x6e, 0x65, 0x20, 0x63, 
        0x6f, 0x73, 0x74, 0x73, 0x2e, 0x20, 0x54, 0x68, 0x65, 0x20, 0x77, 0x6f, 
        0x72, 0x6b, 0x69, 0x6e, 0x67, 0x0a, 0x20, 0x2a, 0x20, 0x64, 0x69, 0x72, 
        0x65, 0x63, 0x74, 0x6f, 0x72, 0x79, 0x20, 0x69, 0x73, 0x20, 0x74, 0x68, 
        0x65, 0x20, 0x65, 0x78, 0x63, 0x65, 0x70, 0x74, 0x69, 0x6f, 0x6e, 0x3a, 
        0x20, 0x60, 0x67, 0x65, 0x74, 0x63, 0x77, 0x64, 0x60, 0x20, 0x77, 0x72, 
        0x69, 0x74, 0x65, 0x73, 0x20, 0x69, 0x6e, 0x74, 0x6f, 0x20, 0x61, 0x20, 
        0x62, 0x75, 0x66, 0x66, 0x65, 0x72, 0x20, 0x74, 0x68, 0x65, 0x20, 0x63, 
        0x61, 0x6c, 0x6c, 0x65, 0x72, 0x20, 0x73, 0x69, 0x7a, 0x65, 0x73, 0x2c, 
        0x20, 0x73, 0x6f, 0x20, 0x69, 0x74, 0x20, 0x69, 0x73, 0x20, 0x74, 0x68, 
        0x65, 0x20, 0x6f, 0x6e, 0x65, 0x20, 0x70, 0x6c, 0x61, 0x63, 0x65, 0x0a, 
        0x20, 0x2a, 0x20, 0x69, 0x6e, 0x20, 0x74, 0x68, 0x69, 0x73, 0x20, 0x6d, 
        0x6f, 0x64, 0x75, 0x6c, 0x65, 0x20, 0x74, 0x68, 0x61, 0x74, 0x20, 0x61, 
        0x6c, 0x6c, 0x6f, 0x63, 0x61, 0x74, 0x65, 0x73, 0x2c, 0x20, 0x61, 0x6e, 
        0x64, 0x20, 0x74, 0x68, 0x65, 0x20, 0x6f, 0x6e, 0x65, 0x20, 0x74, 0x68, 
        0x61, 0x74, 0x20, 0x68, 0x61, 0x6e, 0x64, 0x73, 0x20, 0x62, 0x61, 0x63, 
        0x6b, 0x20, 0x61, 0x6e, 0x20, 0x6f, 0x77, 0x6e, 0x69, 0x6e, 0x67, 0x20, 
        0x60, 0x73, 0x74, 0x72, 0x69, 0x6e, 0x67, 0x60, 0x2e, 0x0a, 0x20, 0x2a, 
        0x2f, 0x0a, 0x0a, 0x6e, 0x61, 0x6d, 0x65, 0x73, 0x70, 0x61, 0x63, 0x65, 
        0x20, 0x73, 0x74, 0x64, 0x3a, 0x3a, 0x65, 0x6e, 0x76, 0x3b, 0x0a, 0x0a, 
        0x2f, 0x2a, 0x2a, 0x0a, 0x20, 0x2a, 0x20, 0x54, 0x68, 0x65, 0x20, 0x63, 
        0x75, 0x72, 0x72, 0x65, 0x6e, 0x74, 0x20, 0x77, 0x6f, 0x72, 0x6b, 0x69, 
        0x6e, 0x67, 0x20, 0x64, 0x69, 0x72, 0x65, 0x63, 0x74, 0x6f, 0x72, 0x79, 
        0x2e, 0x0a, 0x20, 0x2a, 0x0a, 0x20, 0x2a, 0x20, 0x41, 0x6e, 0x20, 0x6f, 
        0x77, 0x6e, 0x69, 0x6e, 0x67, 0x20, 0x60, 0x73, 0x74, 0x72, 0x69, 0x6e, 
        0x67, 0x60, 0x2c, 0x20, 0x75, 0x6e, 0x6c, 0x69, 0x6b, 0x65, 0x20, 0x65, 
        0x76, 0x65, 0x72, 0x79, 0x74, 0x68, 0x69, 0x6e, 0x67, 0x20, 0x65, 0x6c, 
        0x73, 0x65, 0x20, 0x68, 0x65, 0x72, 0x65, 0x2c, 0x20, 0x61, 0x6e, 0x64, 
        0x20, 0x74, 0x68, 0x61, 0x74, 0x20, 0x69, 0x73, 0x20, 0x66, 0x6f, 0x72, 
        0x63, 0x65, 0x64, 0x20, 0x72, 0x61, 0x74, 0x68, 0x65, 0x72, 0x20, 0x74, 
        0x68, 0x61, 0x6e, 0x20, 0x63, 0x68, 0x6f, 0x73, 0x65, 0x6e, 0x3a, 0x20, 
        0x74, 0x68, 0x65, 0x20, 0x62, 0x79, 0x74, 0x65, 0x73, 0x0a, 0x20, 0x2a, 
        0x20, 0x63, 0x6f, 0x6d, 0x65, 0x20, 0x66, 0x72, 0x6f, 0x6d, 0x20, 0x61, 
        0x20, 0x62, 0x75, 0x66, 0x66, 0x65, 0x72, 0x20, 0x74, 0x68, 0x69, 0x73, 
        0x20, 0x66, 0x75, 0x6e, 0x63, 0x74, 0x69, 0x6f, 0x6e, 0x20, 0x61, 0x6c, 
        0x6c, 0x6f, 0x63, 0x61, 0x74, 0x65, 0x64, 0x2c, 0x20, 0x73, 0x6f, 0x20, 
        0x61, 0x20, 0x76, 0x69, 0x65, 0x77, 0x20, 0x6f, 0x76, 0x65, 0x72, 0x20, 
        0x74, 0x68, 0x65, 0x6d, 0x20, 0x77, 0x6f, 0x75, 0x6c, 0x64, 0x20, 0x62, 
        0x65, 0x20, 0x64, 0x61, 0x6e, 0x67, 0x6c, 0x69, 0x6e, 0x67, 0x20, 0x74, 
        0x68, 0x65, 0x20, 0x6d, 0x6f, 0x6d, 0x65, 0x6e, 0x74, 0x20, 0x69, 0x74, 
        0x0a, 0x20, 0x2a, 0x20, 0x77, 0x61, 0x73, 0x20, 0x68, 0x61, 0x6e, 0x64, 
        0x65, 0x64, 0x20, 0x62, 0x61, 0x63, 0x6b, 0x2e, 0x0a, 0x20, 0x2a, 0x0a, 
        0x20, 0x2a, 0x20, 0x60, 0x67, 0x65, 0x74, 0x63, 0x77, 0x64, 0x60, 0x20, 
        0x61, 0x6e, 0x73, 0x77, 0x65, 0x72, 0x73, 0x20, 0x6e, 0x75, 0x6c, 0x6c, 
        0x20, 0x77, 0x68, 0x65, 0x6e, 0x20, 0x74, 0x68, 0x65, 0x20, 0x70, 0x61, 
        0x74, 0x68, 0x20, 0x64, 0x6f, 0x65, 0x73, 0x20, 0x6e, 0x6f, 0x74, 0x20, 
        0x66, 0x69, 0x74, 0x20, 0x72, 0x61, 0x74, 0x68, 0x65, 0x72, 0x20, 0x74, 
        0x68, 0x61, 0x6e, 0x20, 0x73, 0x61, 0x79, 0x69, 0x6e, 0x67, 0x20, 0x68, 
        0x6f, 0x77, 0x20, 0x6d, 0x75, 0x63, 0x68, 0x20, 0x69, 0x74, 0x20, 0x6e, 
        0x65, 0x65, 0x64, 0x73, 0x2c, 0x20, 0x73, 0x6f, 0x20, 0x74, 0x68, 0x65, 
        0x0a, 0x20, 0x2a, 0x20, 0x62, 0x75, 0x66, 0x66, 0x65, 0x72, 0x20, 0x69, 
        0x73, 0x20, 0x67, 0x72, 0x6f, 0x77, 0x6e, 0x20, 0x75, 0x6e, 0x74, 0x69, 
        0x6c, 0x20, 0x69, 0x74, 0x20, 0x64, 0x6f, 0x65, 0x73, 0x2e, 0x20, 0x54, 
        0x68, 0x65, 0x20, 0x63, 0x61, 0x70, 0x20, 0x69, 0x73, 0x20, 0x74, 0x68, 
        0x65, 0x72, 0x65, 0x20, 0x74, 0x6f, 0x20, 0x74, 0x75, 0x72, 0x6e, 0x20, 
        0x61, 0x20, 0x62, 0x72, 0x6f, 0x6b, 0x65, 0x6e, 0x20, 0x60, 0x67, 0x65, 
        0x74, 0x63, 0x77, 0x64, 0x60, 0x20, 0x69, 0x6e, 0x74, 0x6f, 0x20, 0x61, 
        0x20, 0x6d, 0x65, 0x73, 0x73, 0x61, 0x67, 0x65, 0x20, 0x69, 0x6e, 0x73, 
        0x74, 0x65, 0x61, 0x64, 0x0a, 0x20, 0x2a, 0x20, 0x6f, 0x66, 0x20, 0x61, 
        0x20, 0x6c, 0x6f, 0x6f, 0x70, 0x20, 0x74, 0x68, 0x61, 0x74, 0x20, 0x61, 
        0x6c, 0x6c, 0x6f, 0x63, 0x61, 0x74, 0x65, 0x73, 0x20, 0x75, 0x6e, 0x74, 
        0x69, 0x6c, 0x20, 0x74, 0x68, 0x65, 0x20, 0x6d, 0x61, 0x63, 0x68, 0x69, 
        0x6e, 0x65, 0x20, 0x67, 0x69, 0x76, 0x65, 0x73, 0x20, 0x75, 0x70, 0x3b, 
        0x20, 0x6e, 0x6f, 0x20, 0x70, 0x61, 0x74, 0x68, 0x20, 0x6f, 0x6e, 0x20, 
        0x61, 0x6e, 0x79, 0x20, 0x73, 0x75, 0x70, 0x70, 0x6f, 0x72, 0x74, 0x65, 
        0x64, 0x20, 0x70, 0x6c, 0x61, 0x74, 0x66, 0x6f, 0x72, 0x6d, 0x20, 0x63, 
        0x6f, 0x6d, 0x65, 0x73, 0x20, 0x6e, 0x65, 0x61, 0x72, 0x0a, 0x20, 0x2a, 
        0x20, 0x69, 0x74, 0x2e, 0x0a, 0x20, 0x2a, 0x2f, 0x0a, 0x66, 0x75, 0x6e, 
        0x63, 0x74, 0x69, 0x6f, 0x6e, 0x20, 0x77, 0x6f, 0x72, 0x6b, 0x69, 0x6e, 
        0x67, 0x5f, 0x64, 0x69, 0x72, 0x28, 0x29, 0x20, 0x3a, 0x20, 0x73, 0x74, 
        0x72, 0x69, 0x6e, 0x67, 0x0a, 0x7b, 0x0a, 0x20, 0x20, 0x20, 0x20, 0x75, 
        0x73, 0x69, 0x7a, 0x65, 0x20, 0x24, 0x63, 0x61, 0x70, 0x61, 0x63, 0x69, 
        0x74, 0x79, 0x20, 0x3d, 0x20, 0x32, 0x35, 0x36, 0x3b, 0x0a, 0x0a, 0x20, 
        0x20, 0x20, 0x20, 0x77, 0x68, 0x69, 0x6c, 0x65, 0x20, 0x28, 0x24, 0x63, 
        0x61, 0x70, 0x61, 0x63, 0x69, 0x74, 0x79, 0x20, 0x3c, 0x3d, 0x20, 0x36, 
        0x35, 0x35, 0x33, 0x36, 0x29, 0x20, 0x7b, 0x0a, 0x20, 0x20, 0x20, 0x20, 
        0x20, 0x20, 0x20, 0x20, 0x70, 0x74, 0x72, 0x3c, 0x75, 0x69, 0x6e, 0x74, 
        0x38, 0x3e, 0x20, 0x24, 0x72, 0x61, 0x77, 0x20, 0x3d, 0x20, 0x6d, 0x65, 
        0x6d, 0x3a, 0x3a, 0x61, 0x6c, 0x6c, 0x6f, 0x63, 0x3c, 0x75, 0x69, 0x6e, 
        0x74, 0x38, 0x3e, 0x28, 0x24, 0x63, 0x61, 0x70, 0x61, 0x63, 0x69, 0x74, 
        0x79, 0x29, 0x3b, 0x0a, 0x0a, 0x20, 0x20, 0x20, 0x20, 0x20, 0x20, 0x20, 
        0x20, 0x2f, 0x2f, 0x20, 0x62, 0x6f, 0x75, 0x6e, 0x64, 0x20, 0x74, 0x6f, 
        0x20, 0x61, 0x20, 0x6c, 0x6f, 0x63, 0x61, 0x6c, 0x20, 0x62, 0x65, 0x63, 
        0x61, 0x75, 0x73, 0x65, 0x20, 0x60, 0x3a, 0x24, 0x60, 0x20, 0x6e, 0x65, 
        0x65, 0x64, 0x73, 0x20, 0x61, 0x20, 0x70, 0x6c, 0x61, 0x63, 0x65, 0x20, 
        0x74, 0x6f, 0x20, 0x72, 0x65, 0x61, 0x63, 0x68, 0x20, 0x74, 0x68, 0x65, 
        0x20, 0x70, 0x6f, 0x69, 0x6e, 0x74, 0x65, 0x72, 0x20, 0x6f, 0x66, 0x2c, 
        0x20, 0x61, 0x6e, 0x64, 0x20, 0x61, 0x20, 0x63, 0x61, 0x6c, 0x6c, 0x20, 
        0x72, 0x65, 0x73, 0x75, 0x6c, 0x74, 0x20, 0x68, 0x61, 0x73, 0x0a, 0x20, 
        0x20, 0x20, 0x20, 0x20, 0x20, 0x20, 0x20, 0x2f, 0x2f, 0x20, 0x6e, 0x6f, 
        0x20, 0x73, 0x74, 0x6f, 0x72, 0x61, 0x67, 0x65, 0x20, 0x2d, 0x20, 0x41, 
        0x53, 0x54, 0x3a, 0x3a, 0x73, 0x74, 0x6f, 0x72, 0x61, 0x67, 0x65, 0x5f, 
        0x6f, 0x66, 0x20, 0x63, 0x61, 0x6c, 0x6c, 0x73, 0x20, 0x74, 0x68, 0x61, 
        0x74, 0x20, 0x61, 0x64, 0x64, 0x72, 0x65, 0x73, 0x73, 0x6c, 0x65, 0x73, 
        0x73, 0x0a, 0x20, 0x20, 0x20, 0x20, 0x20, 0x20, 0x20, 0x20, 0x70, 0x74, 
        0x72, 0x3c, 0x75, 0x69, 0x6e, 0x74, 0x38, 0x3e, 0x20, 0x24, 0x77, 0x72, 
        0x69, 0x74, 0x74, 0x65, 0x6e, 0x20, 0x3d, 0x20, 0x63, 0x5f, 0x67, 0x65, 
        0x74, 0x63, 0x77, 0x64, 0x28, 0x24, 0x72, 0x61, 0x77, 0x2c, 0x20, 0x24, 
        0x63, 0x61, 0x70, 0x61, 0x63, 0x69, 0x74, 0x79, 0x29, 0x3b, 0x0a, 0x0a, 
        0x20, 0x20, 0x20, 0x20, 0x20, 0x20, 0x20, 0x20, 0x2f, 0x2f, 0x20, 0x74, 
        0x68, 0x65, 0x20, 0x66, 0x61, 0x69, 0x6c, 0x75, 0x72, 0x65, 0x20, 0x67, 
        0x72, 0x6f, 0x77, 0x73, 0x20, 0x61, 0x6e, 0x64, 0x20, 0x72, 0x65, 0x74, 
        0x72, 0x69, 0x65, 0x73, 0x2c, 0x20, 0x73, 0x6f, 0x20, 0x74, 0x68, 0x65, 
        0x20, 0x73, 0x75, 0x63, 0x63, 0x65, 0x73, 0x73, 0x20, 0x62, 0x65, 0x6c, 
        0x6f, 0x77, 0x20, 0x69, 0x73, 0x20, 0x73, 0x74, 0x72, 0x61, 0x69, 0x67, 
        0x68, 0x74, 0x2d, 0x6c, 0x69, 0x6e, 0x65, 0x2e, 0x20, 0x77, 0x72, 0x69, 
        0x74, 0x74, 0x65, 0x6e, 0x20, 0x74, 0x68, 0x65, 0x20, 0x6f, 0x74, 0x68, 
        0x65, 0x72, 0x20, 0x77, 0x61, 0x79, 0x0a, 0x20, 0x20, 0x20, 0x20, 0x20, 
        0x20, 0x20, 0x20, 0x2f, 0x2f, 0x20, 0x72, 0x6f, 0x75, 0x6e, 0x64, 0x2c, 
        0x20, 0x60, 0x24, 0x70, 0x61, 0x74, 0x68, 0x60, 0x20, 0x77, 0x6f, 0x75, 
        0x6c, 0x64, 0x20, 0x62, 0x65, 0x20, 0x64, 0x65, 0x63, 0x6c, 0x61, 0x72, 
        0x65, 0x64, 0x20, 0x69, 0x6e, 0x73, 0x69, 0x64, 0x65, 0x20, 0x61, 0x20, 
        0x62, 0x72, 0x61, 0x6e, 0x63, 0x68, 0x20, 0x61, 0x6e, 0x64, 0x20, 0x6d, 
        0x6f, 0x76, 0x65, 0x64, 0x20, 0x6f, 0x75, 0x74, 0x20, 0x6f, 0x66, 0x20, 
        0x6f, 0x6e, 0x20, 0x6f, 0x6e, 0x6c, 0x79, 0x20, 0x74, 0x68, 0x61, 0x74, 
        0x20, 0x6f, 0x6e, 0x65, 0x2c, 0x20, 0x77, 0x68, 0x69, 0x63, 0x68, 0x0a, 
        0x20, 0x20, 0x20, 0x20, 0x20, 0x20, 0x20, 0x20, 0x2f, 0x2f, 0x20, 0x41, 
        0x53, 0x54, 0x3a, 0x3a, 0x4f, 0x77, 0x6e, 0x65, 0x72, 0x73, 0x68, 0x69, 
        0x70, 0x50, 0x61, 0x73, 0x73, 0x20, 0x72, 0x65, 0x66, 0x75, 0x73, 0x65, 
        0x73, 0x20, 0x2d, 0x20, 0x69, 0x74, 0x20, 0x68, 0x61, 0x73, 0x20, 0x6e, 
        0x6f, 0x20, 0x77, 0x61, 0x79, 0x20, 0x74, 0x6f, 0x20, 0x64, 0x65, 0x73, 
        0x74, 0x72, 0x6f, 0x79, 0x20, 0x69, 0x74, 0x20, 0x6f, 0x6e, 0x20, 0x74, 
        0x68, 0x65, 0x20, 0x70, 0x61, 0x74, 0x68, 0x20, 0x74, 0x68, 0x61, 0x74, 
        0x20, 0x64, 0x69, 0x64, 0x20, 0x6e, 0x6f, 0x74, 0x20, 0x72, 0x65, 0x74, 
        0x75, 0x72, 0x6e, 0x0a, 0x20, 0x20, 0x20, 0x20, 0x20, 0x20, 0x20, 0x20, 
        0x69, 0x66, 0x20, 0x28, 0x24, 0x77, 0x72, 0x69, 0x74, 0x74, 0x65, 0x6e, 
        0x3a, 0x24, 0x20, 0x3d, 0x3d, 0x20, 0x6e, 0x75, 0x6c, 0x6c, 0x29, 0x20, 
        0x7b, 0x0a, 0x20, 0x20, 0x20, 0x20, 0x20, 0x20, 0x20, 0x20, 0x20, 0x20, 
        0x20, 0x20, 0x6d, 0x65, 0x6d, 0x3a, 0x3a, 0x66, 0x72, 0x65, 0x65, 0x28, 
        0x24, 0x72, 0x61, 0x77, 0x29, 0x3b, 0x0a, 0x20, 0x20, 0x20, 0x20, 0x20, 
        0x20, 0x20, 0x20, 0x20, 0x20, 0x20, 0x20, 0x24, 0x63, 0x61, 0x70, 0x61, 
        0x63, 0x69, 0x74, 0x79, 0x20, 0x3d, 0x20, 0x24, 0x63, 0x61, 0x70, 0x61, 
        0x63, 0x69, 0x74, 0x79, 0x20, 0x2a, 0x20, 0x32, 0x3b, 0x0a, 0x20, 0x20, 
        0x20, 0x20, 0x20, 0x20, 0x20, 0x20, 0x20, 0x20, 0x20, 0x20, 0x63, 0x6f, 
        0x6e, 0x74, 0x69, 0x6e, 0x75, 0x65, 0x3b, 0x0a, 0x20, 0x20, 0x20, 0x20, 
        0x20, 0x20, 0x20, 0x20, 0x7d, 0x0a, 0x0a, 0x20, 0x20, 0x20, 0x20, 0x20, 
        0x20, 0x20, 0x20, 0x2f, 0x2f, 0x20, 0x74, 0x68, 0x65, 0x20, 0x63, 0x6f, 
        0x70, 0x79, 0x20, 0x69, 0x73, 0x20, 0x77, 0x68, 0x61, 0x74, 0x20, 0x6c, 
        0x65, 0x74, 0x73, 0x20, 0x74, 0x68, 0x65, 0x20, 0x62, 0x75, 0x66, 0x66, 
        0x65, 0x72, 0x20, 0x67, 0x6f, 0x20, 0x2d, 0x20, 0x60, 0x66, 0x72, 0x6f, 
        0x6d, 0x5f, 0x63, 0x5f, 0x73, 0x74, 0x72, 0x60, 0x20, 0x74, 0x61, 0x6b, 
        0x65, 0x73, 0x20, 0x74, 0x68, 0x65, 0x20, 0x62, 0x79, 0x74, 0x65, 0x73, 
        0x20, 0x61, 0x6c, 0x6f, 0x6e, 0x67, 0x0a, 0x20, 0x20, 0x20, 0x20, 0x20, 
        0x20, 0x20, 0x20, 0x73, 0x74, 0x72, 0x69, 0x6e, 0x67, 0x20, 0x24, 0x70, 
        0x61, 0x74, 0x68, 0x20, 0x3d, 0x20, 0x73, 0x74, 0x72, 0x3a, 0x3a, 0x66, 
        0x72, 0x6f, 0x6d, 0x5f, 0x63, 0x5f, 0x73, 0x74, 0x72, 0x28, 0x24, 0x72, 
        0x61, 0x77, 0x29, 0x3b, 0x0a, 0x20, 0x20, 0x20, 0x20, 0x20, 0x20, 0x20, 
        0x20, 0x6d, 0x65, 0x6d, 0x3a, 0x3a, 0x66, 0x72, 0x65, 0x65, 0x28, 0x24, 
        0x72, 0x61, 0x77, 0x29, 0x3b, 0x0a, 0x0a, 0x20, 0x20, 0x20, 0x20, 0x20, 
        0x20, 0x20, 0x20, 0x72, 0x65, 0x74, 0x75, 0x72, 0x6e, 0x20, 0x24, 0x70, 
        0x61, 0x74, 0x68, 0x3b, 0x0a, 0x20, 0x20, 0x20, 0x20, 0x7d, 0x0a, 0x0a, 
        0x20, 0x20, 0x20, 0x20, 0x64, 0x69, 0x65, 0x28, 0x27, 0x74, 0x68, 0x65, 
        0x20, 0x77, 0x6f, 0x72, 0x6b, 0x69, 0x6e, 0x67, 0x20, 0x64, 0x69, 0x72, 
        0x65, 0x63, 0x74, 0x6f, 0x72, 0x79, 0x20, 0x64, 0x6f, 0x65, 0x73, 0x20, 
        0x6e, 0x6f, 0x74, 0x20, 0x66, 0x69, 0x74, 0x20, 0x69, 0x6e, 0x20, 0x36, 
        0x34, 0x20, 0x4b, 0x69, 0x42, 0x20, 0x2d, 0x20, 0x67, 0x65, 0x74, 0x63, 
        0x77, 0x64, 0x20, 0x69, 0x73, 0x20, 0x6e, 0x6f, 0x74, 0x20, 0x62, 0x65, 
        0x68, 0x61, 0x76, 0x69, 0x6e, 0x67, 0x27, 0x29, 0x3b, 0x0a, 0x7d, 0x0a, 
        0x0a, 0x2f, 0x2a, 0x2a, 0x0a, 0x20, 0x2a, 0x20, 0x54, 0x68, 0x65, 0x20, 
        0x63, 0x75, 0x72, 0x72, 0x65, 0x6e, 0x74, 0x20, 0x75, 0x73, 0x65, 0x72, 
        0x27, 0x73, 0x20, 0x68, 0x6f, 0x6d, 0x65, 0x20, 0x64, 0x69, 0x72, 0x65, 
        0x63, 0x74, 0x6f, 0x72, 0x79, 0x2c, 0x20, 0x6f, 0x72, 0x20, 0x6e, 0x75, 
        0x6c, 0x6c, 0x20, 0x77, 0x68, 0x65, 0x6e, 0x20, 0x60, 0x48, 0x4f, 0x4d, 
        0x45, 0x60, 0x20, 0x69, 0x73, 0x20, 0x6e, 0x6f, 0x74, 0x20, 0x73, 0x65, 
        0x74, 0x2e, 0x0a, 0x20, 0x2a, 0x0a, 0x20, 0x2a, 0x20, 0x4e, 0x75, 0x6c, 
        0x6c, 0x61, 0x62, 0x6c, 0x65, 0x20, 0x62, 0x65, 0x63, 0x61, 0x75, 0x73, 
        0x65, 0x20, 0x61, 0x6e, 0x20, 0x75, 0x6e, 0x73, 0x65, 0x74, 0x20, 0x60, 
        0x48, 0x4f, 0x4d, 0x45, 0x60, 0x20, 0x68, 0x61, 0x73, 0x20, 0x6e, 0x6f, 
        0x20, 0x68, 0x6f, 0x6e, 0x65, 0x73, 0x74, 0x20, 0x61, 0x6e, 0x73, 0x77, 
        0x65, 0x72, 0x2e, 0x20, 0x52, 0x65, 0x74, 0x75, 0x72, 0x6e, 0x69, 0x6e, 
        0x67, 0x20, 0x60, 0x22, 0x22, 0x60, 0x20, 0x77, 0x6f, 0x75, 0x6c, 0x64, 
        0x20, 0x68, 0x61, 0x6e, 0x64, 0x20, 0x62, 0x61, 0x63, 0x6b, 0x20, 0x61, 
        0x20, 0x70, 0x61, 0x74, 0x68, 0x20, 0x74, 0x68, 0x61, 0x74, 0x0a, 0x20, 
        0x2a, 0x20, 0x72, 0x65, 0x73, 0x6f, 0x6c, 0x76, 0x65, 0x73, 0x20, 0x2d, 
        0x20, 0x74, 0x6f, 0x20, 0x74, 0x68, 0x65, 0x20, 0x77, 0x6f, 0x72, 0x6b, 
        0x69, 0x6e, 0x67, 0x20, 0x64, 0x69, 0x72, 0x65, 0x63, 0x74, 0x6f, 0x72, 
        0x79, 0x20, 0x2d, 0x20, 0x61, 0x6e, 0x64, 0x20, 0x74, 0x68, 0x65, 0x20, 
        0x63, 0x61, 0x6c, 0x6c, 0x65, 0x72, 0x20, 0x63, 0x6f, 0x75, 0x6c, 0x64, 
        0x20, 0x6e, 0x6f, 0x74, 0x20, 0x74, 0x65, 0x6c, 0x6c, 0x20, 0x74, 0x68, 
        0x61, 0x74, 0x20, 0x66, 0x72, 0x6f, 0x6d, 0x20, 0x61, 0x20, 0x72, 0x65, 
        0x61, 0x6c, 0x20, 0x6f, 0x6e, 0x65, 0x2e, 0x0a, 0x20, 0x2a, 0x2f, 0x0a, 
        0x66, 0x75, 0x6e, 0x63, 0x74, 0x69, 0x6f, 0x6e, 0x20, 0x68, 0x6f, 0x6d, 
        0x65, 0x5f, 0x64, 0x69, 0x72, 0x28, 0x29, 0x20, 0x3a, 0x20, 0x73, 0x74, 
        0x72, 0x69, 0x6e, 0x67, 0x3a, 0x3a, 0x76, 0x69, 0x65, 0x77, 0x3f, 0x0a, 
        0x7b, 0x0a, 0x20, 0x20, 0x20, 0x20, 0x72, 0x65, 0x74, 0x75, 0x72, 0x6e, 
        0x20, 0x76, 0x61, 0x72, 0x28, 0x27, 0x48, 0x4f, 0x4d, 0x45, 0x27, 0x29, 
        0x3b, 0x0a, 0x7d, 0x0a, 0x0a, 0x2f, 0x2a, 0x2a, 0x0a, 0x20, 0x2a, 0x20, 
        0x54, 0x68, 0x65, 0x20, 0x64, 0x69, 0x72, 0x65, 0x63, 0x74, 0x6f, 0x72, 
        0x79, 0x20, 0x66, 0x6f, 0x72, 0x20, 0x74, 0x65, 0x6d, 0x70, 0x6f, 0x72, 
        0x61, 0x72, 0x79, 0x20, 0x66, 0x69, 0x6c, 0x65, 0x73, 0x2c, 0x20, 0x60, 
        0x2f, 0x74, 0x6d, 0x70, 0x60, 0x20, 0x77, 0x68, 0x65, 0x6e, 0x20, 0x60, 
        0x54, 0x4d, 0x50, 0x44, 0x49, 0x52, 0x60, 0x20, 0x69, 0x73, 0x20, 0x6e, 
        0x6f, 0x74, 0x20, 0x73, 0x65, 0x74, 0x2e, 0x0a, 0x20, 0x2a, 0x0a, 0x20, 
        0x2a, 0x20, 0x4e, 0x6f, 0x74, 0x20, 0x6e, 0x75, 0x6c, 0x6c, 0x61, 0x62, 
        0x6c, 0x65, 0x2c, 0x20, 0x62, 0x65, 0x63, 0x61, 0x75, 0x73, 0x65, 0x20, 
        0x75, 0x6e, 0x6c, 0x69, 0x6b, 0x65, 0x20, 0x60, 0x48, 0x4f, 0x4d, 0x45, 
        0x60, 0x20, 0x74, 0x68, 0x65, 0x72, 0x65, 0x20, 0x2a, 0x69, 0x73, 0x2a, 
        0x20, 0x61, 0x6e, 0x20, 0x68, 0x6f, 0x6e, 0x65, 0x73, 0x74, 0x20, 0x61, 
        0x6e, 0x73, 0x77, 0x65, 0x72, 0x20, 0x77, 0x68, 0x65, 0x6e, 0x20, 0x74, 
        0x68, 0x65, 0x20, 0x76, 0x61, 0x72, 0x69, 0x61, 0x62, 0x6c, 0x65, 0x20, 
        0x69, 0x73, 0x20, 0x6d, 0x69, 0x73, 0x73, 0x69, 0x6e, 0x67, 0x3a, 0x20, 
        0x74, 0x68, 0x65, 0x0a, 0x20, 0x2a, 0x20, 0x70, 0x61, 0x74, 0x68, 0x20, 
        0x65, 0x76, 0x65, 0x72, 0x79, 0x20, 0x50, 0x4f, 0x53, 0x49, 0x58, 0x20, 
        0x73, 0x79, 0x73, 0x74, 0x65, 0x6d, 0x20, 0x68, 0x61, 0x73, 0x2e, 0x0a, 
        0x20, 0x2a, 0x2f, 0x0a, 0x66, 0x75, 0x6e, 0x63, 0x74, 0x69, 0x6f, 0x6e, 
        0x20, 0x74, 0x6d, 0x70, 0x5f, 0x64, 0x69, 0x72, 0x28, 0x29, 0x20, 0x3a, 
        0x20, 0x73, 0x74, 0x72, 0x69, 0x6e, 0x67, 0x3a, 0x3a, 0x76, 0x69, 0x65, 
        0x77, 0x0a, 0x7b, 0x0a, 0x20, 0x20, 0x20, 0x20, 0x72, 0x65, 0x74, 0x75, 
        0x72, 0x6e, 0x20, 0x76, 0x61, 0x72, 0x28, 0x27, 0x54, 0x4d, 0x50, 0x44, 
        0x49, 0x52, 0x27, 0x2c, 0x20, 0x27, 0x2f, 0x74, 0x6d, 0x70, 0x27, 0x29, 
        0x3b, 0x0a, 0x7d, 0x0a, 
    };
    file_10.set_content(reinterpret_cast<const char*>(file_10_data), sizeof(file_10_data));
    auto &file_11 = module.add_file("stdlib:/std/env/libc.eco");
    static const unsigned char file_11_data[] = {
        0x2f, 0x2a, 0x2a, 0x0a, 0x20, 0x2a, 0x20, 0x54, 0x68, 0x65, 0x20, 0x43, 
        0x20, 0x73, 0x79, 0x6d, 0x62, 0x6f, 0x6c, 0x73, 0x20, 0x74, 0x68, 0x69, 
        0x73, 0x20, 0x6d, 0x6f, 0x64, 0x75, 0x6c, 0x65, 0x20, 0x69, 0x73, 0x20, 
        0x62, 0x75, 0x69, 0x6c, 0x74, 0x20, 0x6f, 0x75, 0x74, 0x20, 0x6f, 0x66, 
        0x2c, 0x20, 0x69, 0x6e, 0x20, 0x6f, 0x6e, 0x65, 0x20, 0x70, 0x6c, 0x61, 
        0x63, 0x65, 0x2e, 0x0a, 0x20, 0x2a, 0x0a, 0x20, 0x2a, 0x20, 0x54, 0x68, 
        0x65, 0x79, 0x20, 0x61, 0x72, 0x65, 0x20, 0x67, 0x61, 0x74, 0x68, 0x65, 
        0x72, 0x65, 0x64, 0x20, 0x69, 0x6e, 0x74, 0x6f, 0x20, 0x61, 0x20, 0x66, 
        0x69, 0x6c, 0x65, 0x20, 0x6f, 0x66, 0x20, 0x74, 0x68, 0x65, 0x69, 0x72, 
        0x20, 0x6f, 0x77, 0x6e, 0x20, 0x72, 0x61, 0x74, 0x68, 0x65, 0x72, 0x20, 
        0x74, 0x68, 0x61, 0x6e, 0x20, 0x73, 0x69, 0x74, 0x74, 0x69, 0x6e, 0x67, 
        0x20, 0x62, 0x65, 0x73, 0x69, 0x64, 0x65, 0x20, 0x74, 0x68, 0x65, 0x20, 
        0x66, 0x75, 0x6e, 0x63, 0x74, 0x69, 0x6f, 0x6e, 0x73, 0x20, 0x74, 0x68, 
        0x61, 0x74, 0x20, 0x63, 0x61, 0x6c, 0x6c, 0x0a, 0x20, 0x2a, 0x20, 0x74, 
        0x68, 0x65, 0x6d, 0x2c, 0x20, 0x62, 0x65, 0x63, 0x61, 0x75, 0x73, 0x65, 
        0x20, 0x2a, 0x2a, 0x61, 0x20, 0x43, 0x20, 0x73, 0x79, 0x6d, 0x62, 0x6f, 
        0x6c, 0x20, 0x6d, 0x61, 0x79, 0x20, 0x6f, 0x6e, 0x6c, 0x79, 0x20, 0x62, 
        0x65, 0x20, 0x64, 0x65, 0x63, 0x6c, 0x61, 0x72, 0x65, 0x64, 0x20, 0x6f, 
        0x6e, 0x63, 0x65, 0x20, 0x70, 0x65, 0x72, 0x20, 0x6d, 0x6f, 0x64, 0x75, 
        0x6c, 0x65, 0x2a, 0x2a, 0x3a, 0x20, 0x74, 0x77, 0x6f, 0x20, 0x60, 0x65, 
        0x78, 0x74, 0x65, 0x72, 0x6e, 0x60, 0x20, 0x62, 0x6c, 0x6f, 0x63, 0x6b, 
        0x73, 0x20, 0x6e, 0x61, 0x6d, 0x69, 0x6e, 0x67, 0x0a, 0x20, 0x2a, 0x20, 
        0x60, 0x67, 0x65, 0x74, 0x65, 0x6e, 0x76, 0x60, 0x20, 0x77, 0x69, 0x74, 
        0x68, 0x20, 0x73, 0x69, 0x67, 0x6e, 0x61, 0x74, 0x75, 0x72, 0x65, 0x73, 
        0x20, 0x74, 0x68, 0x61, 0x74, 0x20, 0x64, 0x69, 0x73, 0x61, 0x67, 0x72, 
        0x65, 0x65, 0x20, 0x69, 0x73, 0x20, 0x61, 0x20, 0x64, 0x69, 0x61, 0x67, 
        0x6e, 0x6f, 0x73, 0x74, 0x69, 0x63, 0x2c, 0x20, 0x61, 0x6e, 0x64, 0x20, 
        0x6f, 0x6e, 0x65, 0x20, 0x70, 0x6c, 0x61, 0x63, 0x65, 0x20, 0x74, 0x6f, 
        0x20, 0x64, 0x65, 0x63, 0x6c, 0x61, 0x72, 0x65, 0x20, 0x61, 0x20, 0x73, 
        0x79, 0x6d, 0x62, 0x6f, 0x6c, 0x20, 0x69, 0x73, 0x20, 0x6f, 0x6e, 0x65, 
        0x0a, 0x20, 0x2a, 0x20, 0x70, 0x6c, 0x61, 0x63, 0x65, 0x20, 0x66, 0x6f, 
        0x72, 0x20, 0x74, 0x68, 0x61, 0x74, 0x20, 0x74, 0x6f, 0x20, 0x62, 0x65, 
        0x20, 0x74, 0x72, 0x75, 0x65, 0x2e, 0x20, 0x60, 0x54, 0x79, 0x70, 0x65, 
        0x4c, 0x6f, 0x77, 0x65, 0x72, 0x69, 0x6e, 0x67, 0x60, 0x20, 0x75, 0x6e, 
        0x69, 0x66, 0x69, 0x65, 0x73, 0x20, 0x6d, 0x61, 0x74, 0x63, 0x68, 0x69, 
        0x6e, 0x67, 0x20, 0x64, 0x65, 0x63, 0x6c, 0x61, 0x72, 0x61, 0x74, 0x69, 
        0x6f, 0x6e, 0x73, 0x20, 0x74, 0x68, 0x72, 0x6f, 0x75, 0x67, 0x68, 0x0a, 
        0x20, 0x2a, 0x20, 0x60, 0x67, 0x65, 0x74, 0x4f, 0x72, 0x49, 0x6e, 0x73, 
        0x65, 0x72, 0x74, 0x46, 0x75, 0x6e, 0x63, 0x74, 0x69, 0x6f, 0x6e, 0x60, 
        0x20, 0x61, 0x6e, 0x64, 0x20, 0x72, 0x65, 0x66, 0x75, 0x73, 0x65, 0x73, 
        0x20, 0x6d, 0x69, 0x73, 0x6d, 0x61, 0x74, 0x63, 0x68, 0x65, 0x64, 0x20, 
        0x6f, 0x6e, 0x65, 0x73, 0x2c, 0x20, 0x73, 0x6f, 0x20, 0x74, 0x68, 0x65, 
        0x20, 0x66, 0x61, 0x69, 0x6c, 0x75, 0x72, 0x65, 0x20, 0x69, 0x73, 0x20, 
        0x6c, 0x6f, 0x75, 0x64, 0x20, 0x2d, 0x20, 0x62, 0x75, 0x74, 0x20, 0x69, 
        0x74, 0x20, 0x69, 0x73, 0x20, 0x61, 0x20, 0x66, 0x61, 0x69, 0x6c, 0x75, 
        0x72, 0x65, 0x0a, 0x20, 0x2a, 0x20, 0x74, 0x68, 0x69, 0x73, 0x20, 0x66, 
        0x69, 0x6c, 0x65, 0x27, 0x73, 0x20, 0x65, 0x78, 0x69, 0x73, 0x74, 0x65, 
        0x6e, 0x63, 0x65, 0x20, 0x6d, 0x65, 0x61, 0x6e, 0x73, 0x20, 0x6e, 0x6f, 
        0x62, 0x6f, 0x64, 0x79, 0x20, 0x68, 0x61, 0x73, 0x20, 0x74, 0x6f, 0x20, 
        0x74, 0x68, 0x69, 0x6e, 0x6b, 0x20, 0x61, 0x62, 0x6f, 0x75, 0x74, 0x2e, 
        0x0a, 0x20, 0x2a, 0x0a, 0x20, 0x2a, 0x20, 0x4e, 0x6f, 0x74, 0x68, 0x69, 
        0x6e, 0x67, 0x20, 0x68, 0x65, 0x72, 0x65, 0x20, 0x69, 0x73, 0x20, 0x6d, 
        0x65, 0x61, 0x6e, 0x74, 0x20, 0x74, 0x6f, 0x20, 0x62, 0x65, 0x20, 0x63, 
        0x61, 0x6c, 0x6c, 0x65, 0x64, 0x20, 0x66, 0x72, 0x6f, 0x6d, 0x20, 0x6f, 
        0x75, 0x74, 0x73, 0x69, 0x64, 0x65, 0x20, 0x60, 0x73, 0x74, 0x64, 0x3a, 
        0x3a, 0x65, 0x6e, 0x76, 0x60, 0x2e, 0x20, 0x54, 0x68, 0x65, 0x72, 0x65, 
        0x20, 0x61, 0x72, 0x65, 0x20, 0x6e, 0x6f, 0x20, 0x76, 0x69, 0x73, 0x69, 
        0x62, 0x69, 0x6c, 0x69, 0x74, 0x79, 0x20, 0x6d, 0x6f, 0x64, 0x69, 0x66, 
        0x69, 0x65, 0x72, 0x73, 0x0a, 0x20, 0x2a, 0x20, 0x79, 0x65, 0x74, 0x2c, 
        0x20, 0x73, 0x6f, 0x20, 0x74, 0x68, 0x65, 0x20, 0x60, 0x63, 0x5f, 0x60, 
        0x20, 0x70, 0x72, 0x65, 0x66, 0x69, 0x78, 0x20, 0x69, 0x73, 0x20, 0x77, 
        0x68, 0x61, 0x74, 0x20, 0x73, 0x61, 0x79, 0x73, 0x20, 0x73, 0x6f, 0x2e, 
        0x0a, 0x20, 0x2a, 0x0a, 0x20, 0x2a, 0x20, 0x2a, 0x2a, 0x54, 0x79, 0x70, 
        0x65, 0x73, 0x20, 0x61, 0x72, 0x65, 0x20, 0x6f, 0x75, 0x72, 0x73, 0x20, 
        0x74, 0x6f, 0x20, 0x67, 0x65, 0x74, 0x20, 0x72, 0x69, 0x67, 0x68, 0x74, 
        0x2a, 0x2a, 0x20, 0x2d, 0x20, 0x6e, 0x6f, 0x74, 0x68, 0x69, 0x6e, 0x67, 
        0x20, 0x63, 0x68, 0x65, 0x63, 0x6b, 0x73, 0x20, 0x61, 0x20, 0x64, 0x65, 
        0x63, 0x6c, 0x61, 0x72, 0x61, 0x74, 0x69, 0x6f, 0x6e, 0x20, 0x61, 0x67, 
        0x61, 0x69, 0x6e, 0x73, 0x74, 0x20, 0x74, 0x68, 0x65, 0x20, 0x72, 0x65, 
        0x61, 0x6c, 0x20, 0x43, 0x20, 0x68, 0x65, 0x61, 0x64, 0x65, 0x72, 0x2e, 
        0x20, 0x60, 0x75, 0x73, 0x69, 0x7a, 0x65, 0x60, 0x0a, 0x20, 0x2a, 0x20, 
        0x73, 0x74, 0x61, 0x6e, 0x64, 0x73, 0x20, 0x69, 0x6e, 0x20, 0x66, 0x6f, 
        0x72, 0x20, 0x60, 0x73, 0x69, 0x7a, 0x65, 0x5f, 0x74, 0x60, 0x20, 0x61, 
        0x6e, 0x64, 0x20, 0x60, 0x69, 0x6e, 0x74, 0x33, 0x32, 0x60, 0x20, 0x66, 
        0x6f, 0x72, 0x20, 0x43, 0x27, 0x73, 0x20, 0x60, 0x69, 0x6e, 0x74, 0x60, 
        0x2e, 0x0a, 0x20, 0x2a, 0x2f, 0x0a, 0x0a, 0x6e, 0x61, 0x6d, 0x65, 0x73, 
        0x70, 0x61, 0x63, 0x65, 0x20, 0x73, 0x74, 0x64, 0x3a, 0x3a, 0x65, 0x6e, 
        0x76, 0x3b, 0x0a, 0x0a, 0x65, 0x78, 0x74, 0x65, 0x72, 0x6e, 0x20, 0x7b, 
        0x0a, 0x20, 0x20, 0x20, 0x20, 0x2f, 0x2f, 0x20, 0x72, 0x65, 0x74, 0x75, 
        0x72, 0x6e, 0x73, 0x20, 0x6e, 0x75, 0x6c, 0x6c, 0x20, 0x77, 0x68, 0x65, 
        0x6e, 0x20, 0x74, 0x68, 0x65, 0x20, 0x6e, 0x61, 0x6d, 0x65, 0x20, 0x69, 
        0x73, 0x20, 0x6e, 0x6f, 0x74, 0x20, 0x73, 0x65, 0x74, 0x2c, 0x20, 0x61, 
        0x6e, 0x64, 0x20, 0x61, 0x20, 0x70, 0x6f, 0x69, 0x6e, 0x74, 0x65, 0x72, 
        0x20, 0x69, 0x6e, 0x74, 0x6f, 0x20, 0x74, 0x68, 0x65, 0x20, 0x65, 0x6e, 
        0x76, 0x69, 0x72, 0x6f, 0x6e, 0x6d, 0x65, 0x6e, 0x74, 0x20, 0x62, 0x6c, 
        0x6f, 0x63, 0x6b, 0x20, 0x77, 0x68, 0x65, 0x6e, 0x20, 0x69, 0x74, 0x20, 
        0x69, 0x73, 0x2e, 0x0a, 0x20, 0x20, 0x20, 0x20, 0x2f, 0x2f, 0x20, 0x74, 
        0x68, 0x65, 0x20, 0x62, 0x79, 0x74, 0x65, 0x73, 0x20, 0x62, 0x65, 0x6c, 
        0x6f, 0x6e, 0x67, 0x20, 0x74, 0x6f, 0x20, 0x74, 0x68, 0x65, 0x20, 0x70, 
        0x72, 0x6f, 0x63, 0x65, 0x73, 0x73, 0x2c, 0x20, 0x6e, 0x6f, 0x74, 0x20, 
        0x74, 0x6f, 0x20, 0x74, 0x68, 0x65, 0x20, 0x63, 0x61, 0x6c, 0x6c, 0x65, 
        0x72, 0x0a, 0x20, 0x20, 0x20, 0x20, 0x66, 0x75, 0x6e, 0x63, 0x74, 0x69, 
        0x6f, 0x6e, 0x20, 0x67, 0x65, 0x74, 0x65, 0x6e, 0x76, 0x20, 0x61, 0x73, 
        0x20, 0x63, 0x5f, 0x67, 0x65, 0x74, 0x65, 0x6e, 0x76, 0x28, 0x70, 0x74, 
        0x72, 0x3c, 0x63, 0x6f, 0x6e, 0x73, 0x74, 0x20, 0x75, 0x69, 0x6e, 0x74, 
        0x38, 0x3e, 0x20, 0x24, 0x6e, 0x61, 0x6d, 0x65, 0x29, 0x20, 0x3a, 0x20, 
        0x70, 0x74, 0x72, 0x3c, 0x75, 0x69, 0x6e, 0x74, 0x38, 0x3e, 0x3b, 0x0a, 
        0x0a, 0x20, 0x20, 0x20, 0x20, 0x2f, 0x2f, 0x20, 0x77, 0x72, 0x69, 0x74, 
        0x65, 0x73, 0x20, 0x74, 0x68, 0x65, 0x20, 0x70, 0x61, 0x74, 0x68, 0x20, 
        0x69, 0x6e, 0x74, 0x6f, 0x20, 0x60, 0x24, 0x62, 0x75, 0x66, 0x60, 0x20, 
        0x61, 0x6e, 0x64, 0x20, 0x68, 0x61, 0x6e, 0x64, 0x73, 0x20, 0x69, 0x74, 
        0x20, 0x62, 0x61, 0x63, 0x6b, 0x2c, 0x20, 0x6f, 0x72, 0x20, 0x6e, 0x75, 
        0x6c, 0x6c, 0x20, 0x77, 0x68, 0x65, 0x6e, 0x20, 0x69, 0x74, 0x20, 0x64, 
        0x6f, 0x65, 0x73, 0x20, 0x6e, 0x6f, 0x74, 0x20, 0x66, 0x69, 0x74, 0x20, 
        0x2d, 0x20, 0x77, 0x68, 0x69, 0x63, 0x68, 0x20, 0x69, 0x73, 0x20, 0x74, 
        0x68, 0x65, 0x0a, 0x20, 0x20, 0x20, 0x20, 0x2f, 0x2f, 0x20, 0x6f, 0x6e, 
        0x6c, 0x79, 0x20, 0x66, 0x61, 0x69, 0x6c, 0x75, 0x72, 0x65, 0x20, 0x60, 
        0x77, 0x6f, 0x72, 0x6b, 0x69, 0x6e, 0x67, 0x5f, 0x64, 0x69, 0x72, 0x60, 
        0x20, 0x68, 0x61, 0x73, 0x20, 0x74, 0x6f, 0x20, 0x64, 0x69, 0x73, 0x74, 
        0x69, 0x6e, 0x67, 0x75, 0x69, 0x73, 0x68, 0x2c, 0x20, 0x61, 0x6e, 0x64, 
        0x20, 0x77, 0x68, 0x79, 0x20, 0x69, 0x74, 0x20, 0x67, 0x72, 0x6f, 0x77, 
        0x73, 0x20, 0x69, 0x74, 0x73, 0x20, 0x62, 0x75, 0x66, 0x66, 0x65, 0x72, 
        0x20, 0x72, 0x61, 0x74, 0x68, 0x65, 0x72, 0x20, 0x74, 0x68, 0x61, 0x6e, 
        0x0a, 0x20, 0x20, 0x20, 0x20, 0x2f, 0x2f, 0x20, 0x72, 0x65, 0x61, 0x64, 
        0x69, 0x6e, 0x67, 0x20, 0x65, 0x72, 0x72, 0x6e, 0x6f, 0x0a, 0x20, 0x20, 
        0x20, 0x20, 0x66, 0x75, 0x6e, 0x63, 0x74, 0x69, 0x6f, 0x6e, 0x20, 0x67, 
        0x65, 0x74, 0x63, 0x77, 0x64, 0x20, 0x61, 0x73, 0x20, 0x63, 0x5f, 0x67, 
        0x65, 0x74, 0x63, 0x77, 0x64, 0x28, 0x70, 0x74, 0x72, 0x3c, 0x75, 0x69, 
        0x6e, 0x74, 0x38, 0x3e, 0x20, 0x24, 0x62, 0x75, 0x66, 0x2c, 0x20, 0x75, 
        0x73, 0x69, 0x7a, 0x65, 0x20, 0x24, 0x73, 0x69, 0x7a, 0x65, 0x29, 0x20, 
        0x3a, 0x20, 0x70, 0x74, 0x72, 0x3c, 0x75, 0x69, 0x6e, 0x74, 0x38, 0x3e, 
        0x3b, 0x0a, 0x0a, 0x20, 0x20, 0x20, 0x20, 0x66, 0x75, 0x6e, 0x63, 0x74, 
        0x69, 0x6f, 0x6e, 0x20, 0x67, 0x65, 0x74, 0x70, 0x69, 0x64, 0x20, 0x61, 
        0x73, 0x20, 0x63, 0x5f, 0x67, 0x65, 0x74, 0x70, 0x69, 0x64, 0x28, 0x29, 
        0x20, 0x3a, 0x20, 0x69, 0x6e, 0x74, 0x33, 0x32, 0x3b, 0x0a, 0x7d, 0x0a, 
        0x0a, 0x2f, 0x2f, 0x20, 0x2a, 0x2a, 0x74, 0x68, 0x65, 0x20, 0x6f, 0x6e, 
        0x65, 0x20, 0x70, 0x6c, 0x61, 0x74, 0x66, 0x6f, 0x72, 0x6d, 0x2d, 0x73, 
        0x70, 0x65, 0x63, 0x69, 0x66, 0x69, 0x63, 0x20, 0x62, 0x69, 0x6e, 0x64, 
        0x69, 0x6e, 0x67, 0x20, 0x69, 0x6e, 0x20, 0x74, 0x68, 0x65, 0x20, 0x6d, 
        0x6f, 0x64, 0x75, 0x6c, 0x65, 0x2a, 0x2a, 0x2c, 0x20, 0x61, 0x6e, 0x64, 
        0x20, 0x74, 0x68, 0x65, 0x20, 0x72, 0x65, 0x61, 0x73, 0x6f, 0x6e, 0x20, 
        0x63, 0x6f, 0x6e, 0x64, 0x69, 0x74, 0x69, 0x6f, 0x6e, 0x61, 0x6c, 0x20, 
        0x63, 0x6f, 0x6d, 0x70, 0x69, 0x6c, 0x61, 0x74, 0x69, 0x6f, 0x6e, 0x20, 
        0x65, 0x78, 0x69, 0x73, 0x74, 0x73, 0x2e, 0x0a, 0x2f, 0x2f, 0x0a, 0x2f, 
        0x2f, 0x20, 0x74, 0x68, 0x65, 0x72, 0x65, 0x20, 0x69, 0x73, 0x20, 0x6e, 
        0x6f, 0x20, 0x70, 0x6f, 0x72, 0x74, 0x61, 0x62, 0x6c, 0x65, 0x20, 0x63, 
        0x61, 0x6c, 0x6c, 0x20, 0x66, 0x6f, 0x72, 0x20, 0x22, 0x77, 0x68, 0x65, 
        0x72, 0x65, 0x20, 0x69, 0x73, 0x20, 0x74, 0x68, 0x69, 0x73, 0x20, 0x65, 
        0x78, 0x65, 0x63, 0x75, 0x74, 0x61, 0x62, 0x6c, 0x65, 0x22, 0x2e, 0x20, 
        0x45, 0x61, 0x63, 0x68, 0x20, 0x70, 0x6c, 0x61, 0x74, 0x66, 0x6f, 0x72, 
        0x6d, 0x20, 0x68, 0x61, 0x73, 0x20, 0x65, 0x78, 0x61, 0x63, 0x74, 0x6c, 
        0x79, 0x20, 0x6f, 0x6e, 0x65, 0x2c, 0x20, 0x6e, 0x6f, 0x6e, 0x65, 0x20, 
        0x6f, 0x66, 0x20, 0x74, 0x68, 0x65, 0x6d, 0x0a, 0x2f, 0x2f, 0x20, 0x65, 
        0x78, 0x69, 0x73, 0x74, 0x73, 0x20, 0x61, 0x6e, 0x79, 0x77, 0x68, 0x65, 
        0x72, 0x65, 0x20, 0x65, 0x6c, 0x73, 0x65, 0x2c, 0x20, 0x61, 0x6e, 0x64, 
        0x20, 0x61, 0x20, 0x64, 0x65, 0x63, 0x6c, 0x61, 0x72, 0x61, 0x74, 0x69, 
        0x6f, 0x6e, 0x20, 0x6f, 0x66, 0x20, 0x74, 0x68, 0x65, 0x20, 0x77, 0x72, 
        0x6f, 0x6e, 0x67, 0x20, 0x6f, 0x6e, 0x65, 0x20, 0x69, 0x73, 0x20, 0x61, 
        0x20, 0x2a, 0x6c, 0x69, 0x6e, 0x6b, 0x2a, 0x20, 0x65, 0x72, 0x72, 0x6f, 
        0x72, 0x20, 0x72, 0x61, 0x74, 0x68, 0x65, 0x72, 0x20, 0x74, 0x68, 0x61, 
        0x6e, 0x20, 0x61, 0x20, 0x63, 0x6f, 0x6d, 0x70, 0x69, 0x6c, 0x65, 0x20, 
        0x65, 0x72, 0x72, 0x6f, 0x72, 0x20, 0x2d, 0x0a, 0x2f, 0x2f, 0x20, 0x73, 
        0x6f, 0x20, 0x74, 0x68, 0x65, 0x20, 0x64, 0x65, 0x63, 0x6c, 0x61, 0x72, 
        0x61, 0x74, 0x69, 0x6f, 0x6e, 0x20, 0x68, 0x61, 0x73, 0x20, 0x74, 0x6f, 
        0x20, 0x62, 0x65, 0x20, 0x61, 0x62, 0x73, 0x65, 0x6e, 0x74, 0x20, 0x6f, 
        0x6e, 0x20, 0x74, 0x68, 0x65, 0x20, 0x70, 0x6c, 0x61, 0x74, 0x66, 0x6f, 
        0x72, 0x6d, 0x73, 0x20, 0x74, 0x68, 0x61, 0x74, 0x20, 0x6c, 0x61, 0x63, 
        0x6b, 0x20, 0x69, 0x74, 0x2c, 0x20, 0x77, 0x68, 0x69, 0x63, 0x68, 0x20, 
        0x69, 0x73, 0x20, 0x77, 0x68, 0x61, 0x74, 0x20, 0x74, 0x68, 0x65, 0x20, 
        0x66, 0x69, 0x6c, 0x74, 0x65, 0x72, 0x20, 0x62, 0x75, 0x79, 0x73, 0x2e, 
        0x20, 0x54, 0x68, 0x65, 0x0a, 0x2f, 0x2f, 0x20, 0x61, 0x72, 0x6d, 0x73, 
        0x20, 0x61, 0x72, 0x65, 0x20, 0x74, 0x68, 0x65, 0x20, 0x62, 0x6c, 0x6f, 
        0x63, 0x6b, 0x2c, 0x20, 0x6e, 0x6f, 0x74, 0x20, 0x6a, 0x75, 0x73, 0x74, 
        0x20, 0x74, 0x68, 0x65, 0x20, 0x62, 0x6f, 0x64, 0x79, 0x2e, 0x0a, 0x23, 
        0x5b, 0x69, 0x66, 0x3a, 0x20, 0x6f, 0x73, 0x20, 0x3d, 0x3d, 0x20, 0x64, 
        0x61, 0x72, 0x77, 0x69, 0x6e, 0x5d, 0x0a, 0x65, 0x78, 0x74, 0x65, 0x72, 
        0x6e, 0x20, 0x7b, 0x0a, 0x20, 0x20, 0x20, 0x20, 0x2f, 0x2f, 0x20, 0x77, 
        0x72, 0x69, 0x74, 0x65, 0x73, 0x20, 0x74, 0x68, 0x65, 0x20, 0x70, 0x61, 
        0x74, 0x68, 0x20, 0x69, 0x6e, 0x74, 0x6f, 0x20, 0x60, 0x24, 0x62, 0x75, 
        0x66, 0x60, 0x20, 0x61, 0x6e, 0x64, 0x20, 0x74, 0x68, 0x65, 0x20, 0x6c, 
        0x65, 0x6e, 0x67, 0x74, 0x68, 0x20, 0x69, 0x74, 0x20, 0x6e, 0x65, 0x65, 
        0x64, 0x65, 0x64, 0x20, 0x69, 0x6e, 0x74, 0x6f, 0x20, 0x60, 0x24, 0x73, 
        0x69, 0x7a, 0x65, 0x60, 0x2e, 0x20, 0x30, 0x20, 0x6f, 0x6e, 0x20, 0x73, 
        0x75, 0x63, 0x63, 0x65, 0x73, 0x73, 0x2c, 0x20, 0x2d, 0x31, 0x20, 0x77, 
        0x68, 0x65, 0x6e, 0x20, 0x74, 0x68, 0x65, 0x20, 0x62, 0x75, 0x66, 0x66, 
        0x65, 0x72, 0x0a, 0x20, 0x20, 0x20, 0x20, 0x2f, 0x2f, 0x20, 0x77, 0x61, 
        0x73, 0x20, 0x74, 0x6f, 0x6f, 0x20, 0x73, 0x6d, 0x61, 0x6c, 0x6c, 0x20, 
        0x2d, 0x20, 0x61, 0x6e, 0x64, 0x20, 0x6f, 0x6e, 0x20, 0x74, 0x68, 0x61, 
        0x74, 0x20, 0x70, 0x61, 0x74, 0x68, 0x20, 0x69, 0x74, 0x20, 0x68, 0x61, 
        0x73, 0x20, 0x61, 0x6c, 0x72, 0x65, 0x61, 0x64, 0x79, 0x20, 0x6f, 0x76, 
        0x65, 0x72, 0x77, 0x72, 0x69, 0x74, 0x74, 0x65, 0x6e, 0x20, 0x60, 0x24, 
        0x73, 0x69, 0x7a, 0x65, 0x60, 0x20, 0x77, 0x69, 0x74, 0x68, 0x20, 0x74, 
        0x68, 0x65, 0x20, 0x6c, 0x65, 0x6e, 0x67, 0x74, 0x68, 0x20, 0x72, 0x65, 
        0x71, 0x75, 0x69, 0x72, 0x65, 0x64, 0x2c, 0x20, 0x77, 0x68, 0x69, 0x63, 
        0x68, 0x0a, 0x20, 0x20, 0x20, 0x20, 0x2f, 0x2f, 0x20, 0x69, 0x73, 0x20, 
        0x77, 0x68, 0x61, 0x74, 0x20, 0x6d, 0x61, 0x6b, 0x65, 0x73, 0x20, 0x74, 
        0x68, 0x65, 0x20, 0x72, 0x65, 0x74, 0x72, 0x79, 0x20, 0x65, 0x78, 0x61, 
        0x63, 0x74, 0x20, 0x72, 0x61, 0x74, 0x68, 0x65, 0x72, 0x20, 0x74, 0x68, 
        0x61, 0x6e, 0x20, 0x61, 0x20, 0x64, 0x6f, 0x75, 0x62, 0x6c, 0x69, 0x6e, 
        0x67, 0x20, 0x67, 0x75, 0x65, 0x73, 0x73, 0x0a, 0x20, 0x20, 0x20, 0x20, 
        0x66, 0x75, 0x6e, 0x63, 0x74, 0x69, 0x6f, 0x6e, 0x20, 0x5f, 0x4e, 0x53, 
        0x47, 0x65, 0x74, 0x45, 0x78, 0x65, 0x63, 0x75, 0x74, 0x61, 0x62, 0x6c, 
        0x65, 0x50, 0x61, 0x74, 0x68, 0x20, 0x61, 0x73, 0x20, 0x63, 0x5f, 0x65, 
        0x78, 0x65, 0x5f, 0x70, 0x61, 0x74, 0x68, 0x28, 0x70, 0x74, 0x72, 0x3c, 
        0x75, 0x69, 0x6e, 0x74, 0x38, 0x3e, 0x20, 0x24, 0x62, 0x75, 0x66, 0x2c, 
        0x20, 0x70, 0x74, 0x72, 0x3c, 0x75, 0x69, 0x6e, 0x74, 0x33, 0x32, 0x3e, 
        0x20, 0x24, 0x73, 0x69, 0x7a, 0x65, 0x29, 0x20, 0x3a, 0x20, 0x69, 0x6e, 
        0x74, 0x33, 0x32, 0x3b, 0x0a, 0x7d, 0x0a, 0x23, 0x5b, 0x65, 0x6c, 0x69, 
        0x66, 0x3a, 0x20, 0x6f, 0x73, 0x20, 0x3d, 0x3d, 0x20, 0x6c, 0x69, 0x6e, 
        0x75, 0x78, 0x5d, 0x0a, 0x65, 0x78, 0x74, 0x65, 0x72, 0x6e, 0x20, 0x7b, 
        0x0a, 0x20, 0x20, 0x20, 0x20, 0x2f, 0x2f, 0x20, 0x74, 0x68, 0x65, 0x20, 
        0x62, 0x79, 0x74, 0x65, 0x20, 0x63, 0x6f, 0x75, 0x6e, 0x74, 0x20, 0x77, 
        0x72, 0x69, 0x74, 0x74, 0x65, 0x6e, 0x2c, 0x20, 0x6f, 0x72, 0x20, 0x2d, 
        0x31, 0x2e, 0x20, 0x49, 0x74, 0x20, 0x64, 0x6f, 0x65, 0x73, 0x20, 0x2a, 
        0x2a, 0x6e, 0x6f, 0x74, 0x2a, 0x2a, 0x20, 0x74, 0x65, 0x72, 0x6d, 0x69, 
        0x6e, 0x61, 0x74, 0x65, 0x2c, 0x20, 0x77, 0x68, 0x69, 0x63, 0x68, 0x20, 
        0x69, 0x73, 0x20, 0x74, 0x68, 0x65, 0x20, 0x6f, 0x6e, 0x65, 0x20, 0x74, 
        0x68, 0x69, 0x6e, 0x67, 0x20, 0x61, 0x20, 0x63, 0x61, 0x6c, 0x6c, 0x65, 
        0x72, 0x20, 0x68, 0x65, 0x72, 0x65, 0x20, 0x68, 0x61, 0x73, 0x20, 0x74, 
        0x6f, 0x0a, 0x20, 0x20, 0x20, 0x20, 0x2f, 0x2f, 0x20, 0x72, 0x65, 0x6d, 
        0x65, 0x6d, 0x62, 0x65, 0x72, 0x20, 0x2d, 0x20, 0x60, 0x73, 0x74, 0x72, 
        0x3a, 0x3a, 0x66, 0x72, 0x6f, 0x6d, 0x5f, 0x63, 0x5f, 0x73, 0x74, 0x72, 
        0x60, 0x20, 0x77, 0x6f, 0x75, 0x6c, 0x64, 0x20, 0x72, 0x65, 0x61, 0x64, 
        0x20, 0x70, 0x61, 0x73, 0x74, 0x20, 0x74, 0x68, 0x65, 0x20, 0x65, 0x6e, 
        0x64, 0x0a, 0x20, 0x20, 0x20, 0x20, 0x66, 0x75, 0x6e, 0x63, 0x74, 0x69, 
        0x6f, 0x6e, 0x20, 0x72, 0x65, 0x61, 0x64, 0x6c, 0x69, 0x6e, 0x6b, 0x20, 
        0x61, 0x73, 0x20, 0x63, 0x5f, 0x72, 0x65, 0x61, 0x64, 0x6c, 0x69, 0x6e, 
        0x6b, 0x28, 0x70, 0x74, 0x72, 0x3c, 0x63, 0x6f, 0x6e, 0x73, 0x74, 0x20, 
        0x75, 0x69, 0x6e, 0x74, 0x38, 0x3e, 0x20, 0x24, 0x70, 0x61, 0x74, 0x68, 
        0x2c, 0x20, 0x70, 0x74, 0x72, 0x3c, 0x75, 0x69, 0x6e, 0x74, 0x38, 0x3e, 
        0x20, 0x24, 0x62, 0x75, 0x66, 0x2c, 0x20, 0x75, 0x73, 0x69, 0x7a, 0x65, 
        0x20, 0x24, 0x73, 0x69, 0x7a, 0x65, 0x29, 0x20, 0x3a, 0x20, 0x69, 0x6e, 
        0x74, 0x36, 0x34, 0x3b, 0x0a, 0x7d, 0x0a, 0x23, 0x5b, 0x65, 0x6e, 0x64, 
        0x5d, 0x0a, 
    };
    file_11.set_content(reinterpret_cast<const char*>(file_11_data), sizeof(file_11_data));
    auto &file_12 = module.add_file("stdlib:/std/env/process.eco");
    static const unsigned char file_12_data[] = {
        0x2f, 0x2a, 0x2a, 0x0a, 0x20, 0x2a, 0x20, 0x54, 0x68, 0x65, 0x20, 0x70, 
        0x72, 0x6f, 0x63, 0x65, 0x73, 0x73, 0x20, 0x69, 0x74, 0x73, 0x65, 0x6c, 
        0x66, 0x3a, 0x20, 0x77, 0x68, 0x6f, 0x20, 0x69, 0x74, 0x20, 0x69, 0x73, 
        0x2c, 0x20, 0x77, 0x68, 0x61, 0x74, 0x20, 0x69, 0x74, 0x20, 0x77, 0x61, 
        0x73, 0x20, 0x73, 0x74, 0x61, 0x72, 0x74, 0x65, 0x64, 0x20, 0x77, 0x69, 
        0x74, 0x68, 0x2c, 0x20, 0x61, 0x6e, 0x64, 0x20, 0x68, 0x6f, 0x77, 0x20, 
        0x69, 0x74, 0x20, 0x73, 0x74, 0x6f, 0x70, 0x73, 0x2e, 0x0a, 0x20, 0x2a, 
        0x2f, 0x0a, 0x0a, 0x6e, 0x61, 0x6d, 0x65, 0x73, 0x70, 0x61, 0x63, 0x65, 
        0x20, 0x73, 0x74, 0x64, 0x3a, 0x3a, 0x65, 0x6e, 0x76, 0x3b, 0x0a, 0x0a, 
        0x2f, 0x2a, 0x2a, 0x0a, 0x20, 0x2a, 0x20, 0x54, 0x68, 0x65, 0x20, 0x70, 
        0x72, 0x6f, 0x63, 0x65, 0x73, 0x73, 0x20, 0x69, 0x64, 0x2e, 0x0a, 0x20, 
        0x2a, 0x2f, 0x0a, 0x23, 0x5b, 0x69, 0x6e, 0x6c, 0x69, 0x6e, 0x65, 0x5d, 
        0x0a, 0x66, 0x75, 0x6e, 0x63, 0x74, 0x69, 0x6f, 0x6e, 0x20, 0x70, 0x69, 
        0x64, 0x28, 0x29, 0x20, 0x3a, 0x20, 0x69, 0x6e, 0x74, 0x33, 0x32, 0x0a, 
        0x7b, 0x0a, 0x20, 0x20, 0x20, 0x20, 0x72, 0x65, 0x74, 0x75, 0x72, 0x6e, 
        0x20, 0x63, 0x5f, 0x67, 0x65, 0x74, 0x70, 0x69, 0x64, 0x28, 0x29, 0x3b, 
        0x0a, 0x7d, 0x0a, 0x0a, 0x2f, 0x2a, 0x2a, 0x0a, 0x20, 0x2a, 0x20, 0x48, 
        0x6f, 0x77, 0x20, 0x6d, 0x61, 0x6e, 0x79, 0x20, 0x61, 0x72, 0x67, 0x75, 
        0x6d, 0x65, 0x6e, 0x74, 0x73, 0x20, 0x74, 0x68, 0x65, 0x20, 0x70, 0x72, 
        0x6f, 0x67, 0x72, 0x61, 0x6d, 0x20, 0x77, 0x61, 0x73, 0x20, 0x73, 0x74, 
        0x61, 0x72, 0x74, 0x65, 0x64, 0x20, 0x77, 0x69, 0x74, 0x68, 0x2c, 0x20, 
        0x69, 0x6e, 0x63, 0x6c, 0x75, 0x64, 0x69, 0x6e, 0x67, 0x20, 0x74, 0x68, 
        0x65, 0x20, 0x70, 0x72, 0x6f, 0x67, 0x72, 0x61, 0x6d, 0x20, 0x6e, 0x61, 
        0x6d, 0x65, 0x20, 0x61, 0x74, 0x20, 0x69, 0x6e, 0x64, 0x65, 0x78, 0x20, 
        0x30, 0x2e, 0x0a, 0x20, 0x2a, 0x0a, 0x20, 0x2a, 0x20, 0x53, 0x6f, 0x20, 
        0x61, 0x20, 0x70, 0x72, 0x6f, 0x67, 0x72, 0x61, 0x6d, 0x20, 0x69, 0x6e, 
        0x76, 0x6f, 0x6b, 0x65, 0x64, 0x20, 0x77, 0x69, 0x74, 0x68, 0x20, 0x6e, 
        0x6f, 0x20, 0x61, 0x72, 0x67, 0x75, 0x6d, 0x65, 0x6e, 0x74, 0x73, 0x20, 
        0x61, 0x6e, 0x73, 0x77, 0x65, 0x72, 0x73, 0x20, 0x31, 0x2c, 0x20, 0x74, 
        0x68, 0x65, 0x20, 0x77, 0x61, 0x79, 0x20, 0x43, 0x27, 0x73, 0x20, 0x60, 
        0x61, 0x72, 0x67, 0x63, 0x60, 0x20, 0x64, 0x6f, 0x65, 0x73, 0x2e, 0x0a, 
        0x20, 0x2a, 0x2f, 0x0a, 0x23, 0x5b, 0x62, 0x75, 0x69, 0x6c, 0x74, 0x69, 
        0x6e, 0x3a, 0x20, 0x22, 0x70, 0x72, 0x6f, 0x63, 0x65, 0x73, 0x73, 0x5f, 
        0x61, 0x72, 0x67, 0x63, 0x22, 0x5d, 0x0a, 0x66, 0x75, 0x6e, 0x63, 0x74, 
        0x69, 0x6f, 0x6e, 0x20, 0x61, 0x72, 0x67, 0x63, 0x28, 0x29, 0x20, 0x3a, 
        0x20, 0x75, 0x73, 0x69, 0x7a, 0x65, 0x3b, 0x0a, 0x0a, 0x2f, 0x2a, 0x2a, 
        0x0a, 0x20, 0x2a, 0x20, 0x54, 0x68, 0x65, 0x20, 0x72, 0x61, 0x77, 0x20, 
        0x60, 0x61, 0x72, 0x67, 0x76, 0x60, 0x20, 0x62, 0x6c, 0x6f, 0x63, 0x6b, 
        0x3a, 0x20, 0x60, 0x24, 0x61, 0x72, 0x67, 0x63, 0x60, 0x20, 0x70, 0x6f, 
        0x69, 0x6e, 0x74, 0x65, 0x72, 0x73, 0x20, 0x74, 0x6f, 0x20, 0x4e, 0x55, 
        0x4c, 0x2d, 0x74, 0x65, 0x72, 0x6d, 0x69, 0x6e, 0x61, 0x74, 0x65, 0x64, 
        0x20, 0x73, 0x74, 0x72, 0x69, 0x6e, 0x67, 0x73, 0x2e, 0x0a, 0x20, 0x2a, 
        0x0a, 0x20, 0x2a, 0x20, 0x54, 0x68, 0x65, 0x20, 0x6c, 0x6f, 0x77, 0x2d, 
        0x6c, 0x65, 0x76, 0x65, 0x6c, 0x20, 0x73, 0x65, 0x61, 0x6d, 0x2c, 0x20, 
        0x68, 0x65, 0x72, 0x65, 0x20, 0x62, 0x65, 0x63, 0x61, 0x75, 0x73, 0x65, 
        0x20, 0x60, 0x61, 0x72, 0x67, 0x60, 0x20, 0x61, 0x6e, 0x64, 0x20, 0x60, 
        0x61, 0x72, 0x67, 0x73, 0x60, 0x20, 0x61, 0x72, 0x65, 0x20, 0x62, 0x75, 
        0x69, 0x6c, 0x74, 0x20, 0x6f, 0x6e, 0x20, 0x69, 0x74, 0x20, 0x61, 0x6e, 
        0x64, 0x20, 0x74, 0x68, 0x65, 0x72, 0x65, 0x20, 0x61, 0x72, 0x65, 0x20, 
        0x6e, 0x6f, 0x20, 0x76, 0x69, 0x73, 0x69, 0x62, 0x69, 0x6c, 0x69, 0x74, 
        0x79, 0x0a, 0x20, 0x2a, 0x20, 0x6d, 0x6f, 0x64, 0x69, 0x66, 0x69, 0x65, 
        0x72, 0x73, 0x20, 0x79, 0x65, 0x74, 0x2e, 0x20, 0x50, 0x72, 0x65, 0x66, 
        0x65, 0x72, 0x20, 0x74, 0x68, 0x6f, 0x73, 0x65, 0x20, 0x2d, 0x20, 0x74, 
        0x68, 0x65, 0x79, 0x20, 0x64, 0x6f, 0x20, 0x74, 0x68, 0x65, 0x20, 0x62, 
        0x6f, 0x75, 0x6e, 0x64, 0x73, 0x20, 0x63, 0x68, 0x65, 0x63, 0x6b, 0x20, 
        0x61, 0x6e, 0x64, 0x20, 0x68, 0x61, 0x6e, 0x64, 0x20, 0x62, 0x61, 0x63, 
        0x6b, 0x20, 0x61, 0x20, 0x60, 0x73, 0x74, 0x72, 0x69, 0x6e, 0x67, 0x3a, 
        0x3a, 0x76, 0x69, 0x65, 0x77, 0x60, 0x2e, 0x0a, 0x20, 0x2a, 0x2f, 0x0a, 
        0x23, 0x5b, 0x62, 0x75, 0x69, 0x6c, 0x74, 0x69, 0x6e, 0x3a, 0x20, 0x22, 
        0x70, 0x72, 0x6f, 0x63, 0x65, 0x73, 0x73, 0x5f, 0x61, 0x72, 0x67, 0x76, 
        0x22, 0x5d, 0x0a, 0x66, 0x75, 0x6e, 0x63, 0x74, 0x69, 0x6f, 0x6e, 0x20, 
        0x72, 0x61, 0x77, 0x5f, 0x61, 0x72, 0x67, 0x76, 0x28, 0x29, 0x20, 0x3a, 
        0x20, 0x70, 0x74, 0x72, 0x3c, 0x70, 0x74, 0x72, 0x3c, 0x75, 0x69, 0x6e, 
        0x74, 0x38, 0x3e, 0x3e, 0x3b, 0x0a, 0x0a, 0x2f, 0x2a, 0x2a, 0x0a, 0x20, 
        0x2a, 0x20, 0x54, 0x68, 0x65, 0x20, 0x72, 0x61, 0x77, 0x20, 0x65, 0x6e, 
        0x76, 0x69, 0x72, 0x6f, 0x6e, 0x6d, 0x65, 0x6e, 0x74, 0x20, 0x62, 0x6c, 
        0x6f, 0x63, 0x6b, 0x3a, 0x20, 0x61, 0x20, 0x6e, 0x75, 0x6c, 0x6c, 0x2d, 
        0x74, 0x65, 0x72, 0x6d, 0x69, 0x6e, 0x61, 0x74, 0x65, 0x64, 0x20, 0x72, 
        0x75, 0x6e, 0x20, 0x6f, 0x66, 0x20, 0x70, 0x6f, 0x69, 0x6e, 0x74, 0x65, 
        0x72, 0x73, 0x20, 0x74, 0x6f, 0x20, 0x60, 0x4b, 0x45, 0x59, 0x3d, 0x56, 
        0x41, 0x4c, 0x55, 0x45, 0x60, 0x20, 0x73, 0x74, 0x72, 0x69, 0x6e, 0x67, 
        0x73, 0x2e, 0x0a, 0x20, 0x2a, 0x0a, 0x20, 0x2a, 0x20, 0x54, 0x68, 0x65, 
        0x20, 0x73, 0x65, 0x61, 0x6d, 0x20, 0x60, 0x76, 0x61, 0x72, 0x73, 0x60, 
        0x20, 0x69, 0x73, 0x20, 0x62, 0x75, 0x69, 0x6c, 0x74, 0x20, 0x6f, 0x6e, 
        0x2c, 0x20, 0x61, 0x6e, 0x64, 0x20, 0x74, 0x68, 0x65, 0x20, 0x72, 0x65, 
        0x61, 0x73, 0x6f, 0x6e, 0x20, 0x74, 0x68, 0x69, 0x73, 0x20, 0x6d, 0x6f, 
        0x64, 0x75, 0x6c, 0x65, 0x20, 0x6e, 0x65, 0x65, 0x64, 0x73, 0x20, 0x6e, 
        0x6f, 0x20, 0x70, 0x6c, 0x61, 0x74, 0x66, 0x6f, 0x72, 0x6d, 0x20, 0x63, 
        0x6f, 0x6e, 0x64, 0x69, 0x74, 0x69, 0x6f, 0x6e, 0x61, 0x6c, 0x73, 0x20, 
        0x2d, 0x20, 0x74, 0x68, 0x65, 0x20, 0x62, 0x6c, 0x6f, 0x63, 0x6b, 0x0a, 
        0x20, 0x2a, 0x20, 0x61, 0x72, 0x72, 0x69, 0x76, 0x65, 0x73, 0x20, 0x61, 
        0x73, 0x20, 0x74, 0x68, 0x65, 0x20, 0x65, 0x6e, 0x74, 0x72, 0x79, 0x20, 
        0x70, 0x6f, 0x69, 0x6e, 0x74, 0x27, 0x73, 0x20, 0x74, 0x68, 0x69, 0x72, 
        0x64, 0x20, 0x61, 0x72, 0x67, 0x75, 0x6d, 0x65, 0x6e, 0x74, 0x20, 0x72, 
        0x61, 0x74, 0x68, 0x65, 0x72, 0x20, 0x74, 0x68, 0x61, 0x6e, 0x20, 0x74, 
        0x68, 0x72, 0x6f, 0x75, 0x67, 0x68, 0x20, 0x60, 0x65, 0x6e, 0x76, 0x69, 
        0x72, 0x6f, 0x6e, 0x60, 0x2c, 0x20, 0x77, 0x68, 0x69, 0x63, 0x68, 0x20, 
        0x69, 0x73, 0x20, 0x61, 0x20, 0x64, 0x61, 0x74, 0x61, 0x20, 0x73, 0x79, 
        0x6d, 0x62, 0x6f, 0x6c, 0x0a, 0x20, 0x2a, 0x20, 0x61, 0x6e, 0x20, 0x60, 
        0x65, 0x78, 0x74, 0x65, 0x72, 0x6e, 0x60, 0x20, 0x62, 0x6c, 0x6f, 0x63, 
        0x6b, 0x20, 0x68, 0x61, 0x73, 0x20, 0x6e, 0x6f, 0x20, 0x77, 0x61, 0x79, 
        0x20, 0x74, 0x6f, 0x20, 0x62, 0x69, 0x6e, 0x64, 0x20, 0x61, 0x6e, 0x64, 
        0x20, 0x77, 0x68, 0x69, 0x63, 0x68, 0x20, 0x44, 0x61, 0x72, 0x77, 0x69, 
        0x6e, 0x20, 0x64, 0x6f, 0x65, 0x73, 0x20, 0x6e, 0x6f, 0x74, 0x20, 0x65, 
        0x78, 0x70, 0x6f, 0x72, 0x74, 0x20, 0x75, 0x6e, 0x64, 0x65, 0x72, 0x20, 
        0x74, 0x68, 0x61, 0x74, 0x20, 0x6e, 0x61, 0x6d, 0x65, 0x20, 0x61, 0x6e, 
        0x79, 0x77, 0x61, 0x79, 0x2e, 0x0a, 0x20, 0x2a, 0x2f, 0x0a, 0x23, 0x5b, 
        0x62, 0x75, 0x69, 0x6c, 0x74, 0x69, 0x6e, 0x3a, 0x20, 0x22, 0x70, 0x72, 
        0x6f, 0x63, 0x65, 0x73, 0x73, 0x5f, 0x65, 0x6e, 0x76, 0x70, 0x22, 0x5d, 
        0x0a, 0x66, 0x75, 0x6e, 0x63, 0x74, 0x69, 0x6f, 0x6e, 0x20, 0x72, 0x61, 
        0x77, 0x5f, 0x65, 0x6e, 0x76, 0x70, 0x28, 0x29, 0x20, 0x3a, 0x20, 0x70, 
        0x74, 0x72, 0x3c, 0x70, 0x74, 0x72, 0x3c, 0x75, 0x69, 0x6e, 0x74, 0x38, 
        0x3e, 0x3e, 0x3b, 0x0a, 0x0a, 0x2f, 0x2a, 0x2a, 0x0a, 0x20, 0x2a, 0x20, 
        0x41, 0x20, 0x63, 0x75, 0x72, 0x73, 0x6f, 0x72, 0x20, 0x6f, 0x76, 0x65, 
        0x72, 0x20, 0x74, 0x68, 0x65, 0x20, 0x70, 0x72, 0x6f, 0x67, 0x72, 0x61, 
        0x6d, 0x27, 0x73, 0x20, 0x61, 0x72, 0x67, 0x75, 0x6d, 0x65, 0x6e, 0x74, 
        0x73, 0x2c, 0x20, 0x60, 0x61, 0x72, 0x67, 0x76, 0x5b, 0x30, 0x5d, 0x60, 
        0x20, 0x69, 0x6e, 0x63, 0x6c, 0x75, 0x64, 0x65, 0x64, 0x2e, 0x0a, 0x20, 
        0x2a, 0x0a, 0x20, 0x2a, 0x20, 0x54, 0x68, 0x65, 0x20, 0x76, 0x69, 0x65, 
        0x77, 0x20, 0x60, 0x63, 0x75, 0x72, 0x72, 0x65, 0x6e, 0x74, 0x28, 0x29, 
        0x60, 0x20, 0x68, 0x61, 0x6e, 0x64, 0x73, 0x20, 0x62, 0x61, 0x63, 0x6b, 
        0x20, 0x69, 0x73, 0x20, 0x2a, 0x2a, 0x73, 0x74, 0x6f, 0x72, 0x65, 0x64, 
        0x2a, 0x2a, 0x20, 0x72, 0x61, 0x74, 0x68, 0x65, 0x72, 0x20, 0x74, 0x68, 
        0x61, 0x6e, 0x20, 0x63, 0x6f, 0x6d, 0x70, 0x75, 0x74, 0x65, 0x64, 0x2c, 
        0x20, 0x61, 0x6e, 0x64, 0x20, 0x74, 0x68, 0x61, 0x74, 0x20, 0x69, 0x73, 
        0x20, 0x74, 0x68, 0x65, 0x20, 0x70, 0x72, 0x6f, 0x74, 0x6f, 0x63, 0x6f, 
        0x6c, 0x27, 0x73, 0x20, 0x64, 0x6f, 0x69, 0x6e, 0x67, 0x0a, 0x20, 0x2a, 
        0x20, 0x72, 0x61, 0x74, 0x68, 0x65, 0x72, 0x20, 0x74, 0x68, 0x61, 0x6e, 
        0x20, 0x61, 0x20, 0x63, 0x68, 0x6f, 0x69, 0x63, 0x65, 0x3a, 0x20, 0x60, 
        0x63, 0x6f, 0x6e, 0x74, 0x72, 0x61, 0x63, 0x74, 0x3a, 0x3a, 0x69, 0x74, 
        0x65, 0x72, 0x61, 0x74, 0x6f, 0x72, 0x60, 0x20, 0x73, 0x61, 0x79, 0x73, 
        0x20, 0x60, 0x63, 0x75, 0x72, 0x72, 0x65, 0x6e, 0x74, 0x28, 0x29, 0x60, 
        0x20, 0x72, 0x65, 0x74, 0x75, 0x72, 0x6e, 0x73, 0x20, 0x61, 0x20, 0x60, 
        0x56, 0x26, 0x60, 0x2c, 0x20, 0x73, 0x6f, 0x20, 0x74, 0x68, 0x65, 0x72, 
        0x65, 0x20, 0x68, 0x61, 0x73, 0x20, 0x74, 0x6f, 0x20, 0x62, 0x65, 0x0a, 
        0x20, 0x2a, 0x20, 0x73, 0x6f, 0x6d, 0x65, 0x74, 0x68, 0x69, 0x6e, 0x67, 
        0x20, 0x66, 0x6f, 0x72, 0x20, 0x74, 0x68, 0x65, 0x20, 0x62, 0x6f, 0x72, 
        0x72, 0x6f, 0x77, 0x20, 0x74, 0x6f, 0x20, 0x6e, 0x61, 0x6d, 0x65, 0x2e, 
        0x20, 0x60, 0x61, 0x64, 0x76, 0x61, 0x6e, 0x63, 0x65, 0x28, 0x29, 0x60, 
        0x20, 0x6f, 0x76, 0x65, 0x72, 0x77, 0x72, 0x69, 0x74, 0x65, 0x73, 0x20, 
        0x69, 0x74, 0x2c, 0x20, 0x73, 0x6f, 0x20, 0x61, 0x20, 0x76, 0x69, 0x65, 
        0x77, 0x20, 0x74, 0x61, 0x6b, 0x65, 0x6e, 0x20, 0x66, 0x72, 0x6f, 0x6d, 
        0x20, 0x6f, 0x6e, 0x65, 0x20, 0x73, 0x74, 0x65, 0x70, 0x20, 0x69, 0x73, 
        0x20, 0x73, 0x74, 0x61, 0x6c, 0x65, 0x0a, 0x20, 0x2a, 0x20, 0x6f, 0x6e, 
        0x20, 0x74, 0x68, 0x65, 0x20, 0x6e, 0x65, 0x78, 0x74, 0x20, 0x2d, 0x20, 
        0x63, 0x6f, 0x70, 0x79, 0x20, 0x69, 0x74, 0x20, 0x69, 0x66, 0x20, 0x79, 
        0x6f, 0x75, 0x20, 0x6d, 0x65, 0x61, 0x6e, 0x20, 0x74, 0x6f, 0x20, 0x6b, 
        0x65, 0x65, 0x70, 0x20, 0x69, 0x74, 0x2e, 0x0a, 0x20, 0x2a, 0x0a, 0x20, 
        0x2a, 0x20, 0x54, 0x68, 0x65, 0x20, 0x70, 0x6f, 0x69, 0x6e, 0x74, 0x65, 
        0x72, 0x20, 0x62, 0x6c, 0x6f, 0x63, 0x6b, 0x20, 0x69, 0x73, 0x20, 0x68, 
        0x65, 0x6c, 0x64, 0x20, 0x72, 0x61, 0x74, 0x68, 0x65, 0x72, 0x20, 0x74, 
        0x68, 0x61, 0x6e, 0x20, 0x72, 0x65, 0x2d, 0x72, 0x65, 0x61, 0x64, 0x20, 
        0x65, 0x61, 0x63, 0x68, 0x20, 0x73, 0x74, 0x65, 0x70, 0x20, 0x66, 0x6f, 
        0x72, 0x20, 0x60, 0x73, 0x6c, 0x69, 0x63, 0x65, 0x5f, 0x69, 0x74, 0x65, 
        0x72, 0x61, 0x74, 0x6f, 0x72, 0x60, 0x27, 0x73, 0x20, 0x72, 0x65, 0x61, 
        0x73, 0x6f, 0x6e, 0x3a, 0x20, 0x69, 0x74, 0x20, 0x63, 0x61, 0x6e, 0x6e, 
        0x6f, 0x74, 0x0a, 0x20, 0x2a, 0x20, 0x63, 0x68, 0x61, 0x6e, 0x67, 0x65, 
        0x2c, 0x20, 0x61, 0x6e, 0x64, 0x20, 0x72, 0x65, 0x6c, 0x6f, 0x61, 0x64, 
        0x69, 0x6e, 0x67, 0x20, 0x69, 0x74, 0x20, 0x74, 0x68, 0x72, 0x6f, 0x75, 
        0x67, 0x68, 0x20, 0x61, 0x20, 0x67, 0x6c, 0x6f, 0x62, 0x61, 0x6c, 0x20, 
        0x65, 0x76, 0x65, 0x72, 0x79, 0x20, 0x74, 0x75, 0x72, 0x6e, 0x20, 0x77, 
        0x6f, 0x75, 0x6c, 0x64, 0x20, 0x64, 0x65, 0x66, 0x65, 0x61, 0x74, 0x20, 
        0x61, 0x6e, 0x79, 0x20, 0x68, 0x6f, 0x69, 0x73, 0x74, 0x69, 0x6e, 0x67, 
        0x2e, 0x0a, 0x20, 0x2a, 0x2f, 0x0a, 0x73, 0x74, 0x72, 0x75, 0x63, 0x74, 
        0x20, 0x61, 0x72, 0x67, 0x5f, 0x69, 0x74, 0x65, 0x72, 0x61, 0x74, 0x6f, 
        0x72, 0x20, 0x3a, 0x20, 0x63, 0x6f, 0x6e, 0x74, 0x72, 0x61, 0x63, 0x74, 
        0x3a, 0x3a, 0x69, 0x74, 0x65, 0x72, 0x61, 0x74, 0x6f, 0x72, 0x3c, 0x73, 
        0x74, 0x72, 0x69, 0x6e, 0x67, 0x3a, 0x3a, 0x76, 0x69, 0x65, 0x77, 0x3e, 
        0x2c, 0x20, 0x63, 0x6f, 0x6e, 0x74, 0x72, 0x61, 0x63, 0x74, 0x3a, 0x3a, 
        0x6b, 0x65, 0x79, 0x65, 0x64, 0x3c, 0x75, 0x73, 0x69, 0x7a, 0x65, 0x3e, 
        0x0a, 0x7b, 0x0a, 0x20, 0x20, 0x20, 0x20, 0x70, 0x74, 0x72, 0x3c, 0x70, 
        0x74, 0x72, 0x3c, 0x75, 0x69, 0x6e, 0x74, 0x38, 0x3e, 0x3e, 0x20, 0x24, 
        0x62, 0x6c, 0x6f, 0x63, 0x6b, 0x3b, 0x0a, 0x20, 0x20, 0x20, 0x20, 0x75, 
        0x73, 0x69, 0x7a, 0x65, 0x20, 0x24, 0x63, 0x6f, 0x75, 0x6e, 0x74, 0x3b, 
        0x0a, 0x0a, 0x20, 0x20, 0x20, 0x20, 0x2f, 0x2f, 0x20, 0x74, 0x68, 0x65, 
        0x20, 0x69, 0x6e, 0x64, 0x65, 0x78, 0x20, 0x6f, 0x6e, 0x65, 0x20, 0x2a, 
        0x70, 0x61, 0x73, 0x74, 0x2a, 0x20, 0x74, 0x68, 0x65, 0x20, 0x65, 0x6c, 
        0x65, 0x6d, 0x65, 0x6e, 0x74, 0x20, 0x60, 0x63, 0x75, 0x72, 0x72, 0x65, 
        0x6e, 0x74, 0x28, 0x29, 0x60, 0x20, 0x6e, 0x61, 0x6d, 0x65, 0x73, 0x2c, 
        0x20, 0x73, 0x6f, 0x20, 0x74, 0x68, 0x65, 0x20, 0x63, 0x75, 0x72, 0x73, 
        0x6f, 0x72, 0x20, 0x73, 0x74, 0x61, 0x72, 0x74, 0x73, 0x20, 0x62, 0x65, 
        0x66, 0x6f, 0x72, 0x65, 0x20, 0x74, 0x68, 0x65, 0x20, 0x66, 0x69, 0x72, 
        0x73, 0x74, 0x20, 0x6f, 0x6e, 0x65, 0x0a, 0x20, 0x20, 0x20, 0x20, 0x2f, 
        0x2f, 0x20, 0x77, 0x69, 0x74, 0x68, 0x6f, 0x75, 0x74, 0x20, 0x6e, 0x65, 
        0x65, 0x64, 0x69, 0x6e, 0x67, 0x20, 0x61, 0x20, 0x73, 0x69, 0x67, 0x6e, 
        0x65, 0x64, 0x20, 0x74, 0x79, 0x70, 0x65, 0x20, 0x6f, 0x72, 0x20, 0x61, 
        0x20, 0x22, 0x68, 0x61, 0x76, 0x65, 0x20, 0x77, 0x65, 0x20, 0x73, 0x74, 
        0x61, 0x72, 0x74, 0x65, 0x64, 0x22, 0x20, 0x66, 0x6c, 0x61, 0x67, 0x0a, 
        0x20, 0x20, 0x20, 0x20, 0x75, 0x73, 0x69, 0x7a, 0x65, 0x20, 0x24, 0x70, 
        0x6f, 0x73, 0x3b, 0x0a, 0x0a, 0x20, 0x20, 0x20, 0x20, 0x73, 0x74, 0x72, 
        0x69, 0x6e, 0x67, 0x3a, 0x3a, 0x76, 0x69, 0x65, 0x77, 0x20, 0x24, 0x63, 
        0x75, 0x72, 0x72, 0x65, 0x6e, 0x74, 0x3b, 0x0a, 0x0a, 0x20, 0x20, 0x20, 
        0x20, 0x63, 0x6f, 0x6e, 0x73, 0x74, 0x72, 0x75, 0x63, 0x74, 0x6f, 0x72, 
        0x28, 0x29, 0x0a, 0x20, 0x20, 0x20, 0x20, 0x7b, 0x0a, 0x20, 0x20, 0x20, 
        0x20, 0x20, 0x20, 0x20, 0x20, 0x2f, 0x2f, 0x20, 0x72, 0x65, 0x2d, 0x73, 
        0x65, 0x61, 0x74, 0x65, 0x64, 0x20, 0x74, 0x68, 0x72, 0x6f, 0x75, 0x67, 
        0x68, 0x20, 0x60, 0x3a, 0x24, 0x60, 0x2c, 0x20, 0x62, 0x65, 0x63, 0x61, 
        0x75, 0x73, 0x65, 0x20, 0x61, 0x20, 0x70, 0x6c, 0x61, 0x69, 0x6e, 0x20, 
        0x60, 0x3d, 0x60, 0x20, 0x6f, 0x6e, 0x20, 0x61, 0x20, 0x70, 0x6f, 0x69, 
        0x6e, 0x74, 0x65, 0x72, 0x20, 0x70, 0x72, 0x6f, 0x70, 0x65, 0x72, 0x74, 
        0x79, 0x20, 0x77, 0x72, 0x69, 0x74, 0x65, 0x73, 0x20, 0x2a, 0x74, 0x68, 
        0x72, 0x6f, 0x75, 0x67, 0x68, 0x2a, 0x20, 0x69, 0x74, 0x20, 0x69, 0x6e, 
        0x74, 0x6f, 0x20, 0x61, 0x0a, 0x20, 0x20, 0x20, 0x20, 0x20, 0x20, 0x20, 
        0x20, 0x2f, 0x2f, 0x20, 0x70, 0x6f, 0x69, 0x6e, 0x74, 0x65, 0x65, 0x20, 
        0x74, 0x68, 0x61, 0x74, 0x20, 0x64, 0x6f, 0x65, 0x73, 0x20, 0x6e, 0x6f, 
        0x74, 0x20, 0x65, 0x78, 0x69, 0x73, 0x74, 0x20, 0x79, 0x65, 0x74, 0x2e, 
        0x20, 0x74, 0x68, 0x65, 0x20, 0x66, 0x6f, 0x72, 0x6d, 0x20, 0x60, 0x73, 
        0x74, 0x72, 0x3a, 0x3a, 0x62, 0x75, 0x66, 0x3a, 0x3a, 0x72, 0x65, 0x73, 
        0x65, 0x72, 0x76, 0x65, 0x60, 0x20, 0x75, 0x73, 0x65, 0x73, 0x2c, 0x20, 
        0x66, 0x6f, 0x72, 0x20, 0x74, 0x68, 0x65, 0x20, 0x73, 0x61, 0x6d, 0x65, 
        0x20, 0x72, 0x65, 0x61, 0x73, 0x6f, 0x6e, 0x0a, 0x20, 0x20, 0x20, 0x20, 
        0x20, 0x20, 0x20, 0x20, 0x24, 0x74, 0x68, 0x69, 0x73, 0x2d, 0x3e, 0x62, 
        0x6c, 0x6f, 0x63, 0x6b, 0x3a, 0x24, 0x20, 0x3d, 0x20, 0x72, 0x61, 0x77, 
        0x5f, 0x61, 0x72, 0x67, 0x76, 0x28, 0x29, 0x3b, 0x0a, 0x20, 0x20, 0x20, 
        0x20, 0x20, 0x20, 0x20, 0x20, 0x24, 0x74, 0x68, 0x69, 0x73, 0x2d, 0x3e, 
        0x63, 0x6f, 0x75, 0x6e, 0x74, 0x20, 0x3d, 0x20, 0x61, 0x72, 0x67, 0x63, 
        0x28, 0x29, 0x3b, 0x0a, 0x20, 0x20, 0x20, 0x20, 0x20, 0x20, 0x20, 0x20, 
        0x24, 0x74, 0x68, 0x69, 0x73, 0x2d, 0x3e, 0x70, 0x6f, 0x73, 0x20, 0x3d, 
        0x20, 0x30, 0x3b, 0x0a, 0x20, 0x20, 0x20, 0x20, 0x20, 0x20, 0x20, 0x20, 
        0x24, 0x74, 0x68, 0x69, 0x73, 0x2d, 0x3e, 0x63, 0x75, 0x72, 0x72, 0x65, 
        0x6e, 0x74, 0x20, 0x3d, 0x20, 0x73, 0x74, 0x72, 0x69, 0x6e, 0x67, 0x3a, 
        0x3a, 0x76, 0x69, 0x65, 0x77, 0x28, 0x6e, 0x75, 0x6c, 0x6c, 0x2c, 0x20, 
        0x30, 0x29, 0x3b, 0x0a, 0x20, 0x20, 0x20, 0x20, 0x7d, 0x0a, 0x0a, 0x20, 
        0x20, 0x20, 0x20, 0x66, 0x75, 0x6e, 0x63, 0x74, 0x69, 0x6f, 0x6e, 0x20, 
        0x61, 0x64, 0x76, 0x61, 0x6e, 0x63, 0x65, 0x28, 0x29, 0x20, 0x3a, 0x20, 
        0x62, 0x6f, 0x6f, 0x6c, 0x0a, 0x20, 0x20, 0x20, 0x20, 0x7b, 0x0a, 0x20, 
        0x20, 0x20, 0x20, 0x20, 0x20, 0x20, 0x20, 0x69, 0x66, 0x20, 0x28, 0x24, 
        0x74, 0x68, 0x69, 0x73, 0x2d, 0x3e, 0x70, 0x6f, 0x73, 0x20, 0x3e, 0x3d, 
        0x20, 0x24, 0x74, 0x68, 0x69, 0x73, 0x2d, 0x3e, 0x63, 0x6f, 0x75, 0x6e, 
        0x74, 0x29, 0x20, 0x7b, 0x0a, 0x20, 0x20, 0x20, 0x20, 0x20, 0x20, 0x20, 
        0x20, 0x20, 0x20, 0x20, 0x20, 0x72, 0x65, 0x74, 0x75, 0x72, 0x6e, 0x20, 
        0x66, 0x61, 0x6c, 0x73, 0x65, 0x3b, 0x0a, 0x20, 0x20, 0x20, 0x20, 0x20, 
        0x20, 0x20, 0x20, 0x7d, 0x0a, 0x0a, 0x20, 0x20, 0x20, 0x20, 0x20, 0x20, 
        0x20, 0x20, 0x24, 0x74, 0x68, 0x69, 0x73, 0x2d, 0x3e, 0x63, 0x75, 0x72, 
        0x72, 0x65, 0x6e, 0x74, 0x20, 0x3d, 0x20, 0x73, 0x74, 0x72, 0x3a, 0x3a, 
        0x76, 0x69, 0x65, 0x77, 0x5f, 0x6f, 0x66, 0x5f, 0x63, 0x5f, 0x73, 0x74, 
        0x72, 0x28, 0x24, 0x74, 0x68, 0x69, 0x73, 0x2d, 0x3e, 0x62, 0x6c, 0x6f, 
        0x63, 0x6b, 0x3a, 0x24, 0x5b, 0x24, 0x74, 0x68, 0x69, 0x73, 0x2d, 0x3e, 
        0x70, 0x6f, 0x73, 0x5d, 0x29, 0x3b, 0x0a, 0x20, 0x20, 0x20, 0x20, 0x20, 
        0x20, 0x20, 0x20, 0x24, 0x74, 0x68, 0x69, 0x73, 0x2d, 0x3e, 0x70, 0x6f, 
        0x73, 0x20, 0x3d, 0x20, 0x24, 0x74, 0x68, 0x69, 0x73, 0x2d, 0x3e, 0x70, 
        0x6f, 0x73, 0x20, 0x2b, 0x20, 0x31, 0x3b, 0x0a, 0x0a, 0x20, 0x20, 0x20, 
        0x20, 0x20, 0x20, 0x20, 0x20, 0x72, 0x65, 0x74, 0x75, 0x72, 0x6e, 0x20, 
        0x74, 0x72, 0x75, 0x65, 0x3b, 0x0a, 0x20, 0x20, 0x20, 0x20, 0x7d, 0x0a, 
        0x0a, 0x20, 0x20, 0x20, 0x20, 0x66, 0x75, 0x6e, 0x63, 0x74, 0x69, 0x6f, 
        0x6e, 0x20, 0x63, 0x75, 0x72, 0x72, 0x65, 0x6e, 0x74, 0x28, 0x29, 0x20, 
        0x3a, 0x20, 0x73, 0x74, 0x72, 0x69, 0x6e, 0x67, 0x3a, 0x3a, 0x76, 0x69, 
        0x65, 0x77, 0x26, 0x0a, 0x20, 0x20, 0x20, 0x20, 0x7b, 0x0a, 0x20, 0x20, 
        0x20, 0x20, 0x20, 0x20, 0x20, 0x20, 0x72, 0x65, 0x74, 0x75, 0x72, 0x6e, 
        0x20, 0x26, 0x24, 0x74, 0x68, 0x69, 0x73, 0x2d, 0x3e, 0x63, 0x75, 0x72, 
        0x72, 0x65, 0x6e, 0x74, 0x3b, 0x0a, 0x20, 0x20, 0x20, 0x20, 0x7d, 0x0a, 
        0x0a, 0x20, 0x20, 0x20, 0x20, 0x66, 0x75, 0x6e, 0x63, 0x74, 0x69, 0x6f, 
        0x6e, 0x20, 0x6b, 0x65, 0x79, 0x28, 0x29, 0x20, 0x3a, 0x20, 0x75, 0x73, 
        0x69, 0x7a, 0x65, 0x0a, 0x20, 0x20, 0x20, 0x20, 0x7b, 0x0a, 0x20, 0x20, 
        0x20, 0x20, 0x20, 0x20, 0x20, 0x20, 0x72, 0x65, 0x74, 0x75, 0x72, 0x6e, 
        0x20, 0x24, 0x74, 0x68, 0x69, 0x73, 0x2d, 0x3e, 0x70, 0x6f, 0x73, 0x20, 
        0x2d, 0x20, 0x31, 0x3b, 0x0a, 0x20, 0x20, 0x20, 0x20, 0x7d, 0x0a, 0x7d, 
        0x0a, 0x0a, 0x2f, 0x2a, 0x2a, 0x0a, 0x20, 0x2a, 0x20, 0x54, 0x68, 0x65, 
        0x20, 0x61, 0x72, 0x67, 0x75, 0x6d, 0x65, 0x6e, 0x74, 0x20, 0x61, 0x74, 
        0x20, 0x60, 0x24, 0x69, 0x6e, 0x64, 0x65, 0x78, 0x60, 0x2c, 0x20, 0x63, 
        0x6f, 0x75, 0x6e, 0x74, 0x69, 0x6e, 0x67, 0x20, 0x74, 0x68, 0x65, 0x20, 
        0x70, 0x72, 0x6f, 0x67, 0x72, 0x61, 0x6d, 0x20, 0x6e, 0x61, 0x6d, 0x65, 
        0x20, 0x61, 0x73, 0x20, 0x30, 0x2e, 0x0a, 0x20, 0x2a, 0x0a, 0x20, 0x2a, 
        0x20, 0x43, 0x68, 0x65, 0x63, 0x6b, 0x65, 0x64, 0x20, 0x77, 0x69, 0x74, 
        0x68, 0x20, 0x60, 0x61, 0x73, 0x73, 0x65, 0x72, 0x74, 0x60, 0x2c, 0x20, 
        0x74, 0x68, 0x65, 0x20, 0x62, 0x61, 0x72, 0x67, 0x61, 0x69, 0x6e, 0x20, 
        0x60, 0x73, 0x74, 0x72, 0x69, 0x6e, 0x67, 0x3a, 0x3a, 0x76, 0x69, 0x65, 
        0x77, 0x3a, 0x3a, 0x62, 0x79, 0x74, 0x65, 0x5f, 0x61, 0x74, 0x60, 0x20, 
        0x6d, 0x61, 0x6b, 0x65, 0x73, 0x3a, 0x20, 0x72, 0x65, 0x61, 0x64, 0x69, 
        0x6e, 0x67, 0x20, 0x70, 0x61, 0x73, 0x74, 0x20, 0x60, 0x61, 0x72, 0x67, 
        0x63, 0x28, 0x29, 0x60, 0x20, 0x69, 0x73, 0x20, 0x61, 0x20, 0x6d, 0x69, 
        0x73, 0x74, 0x61, 0x6b, 0x65, 0x0a, 0x20, 0x2a, 0x20, 0x69, 0x6e, 0x20, 
        0x74, 0x68, 0x65, 0x20, 0x63, 0x61, 0x6c, 0x6c, 0x65, 0x72, 0x20, 0x72, 
        0x61, 0x74, 0x68, 0x65, 0x72, 0x20, 0x74, 0x68, 0x61, 0x6e, 0x20, 0x61, 
        0x20, 0x63, 0x6f, 0x6e, 0x64, 0x69, 0x74, 0x69, 0x6f, 0x6e, 0x20, 0x74, 
        0x6f, 0x20, 0x72, 0x65, 0x63, 0x6f, 0x76, 0x65, 0x72, 0x20, 0x66, 0x72, 
        0x6f, 0x6d, 0x2e, 0x0a, 0x20, 0x2a, 0x2f, 0x0a, 0x66, 0x75, 0x6e, 0x63, 
        0x74, 0x69, 0x6f, 0x6e, 0x20, 0x61, 0x72, 0x67, 0x28, 0x75, 0x73, 0x69, 
        0x7a, 0x65, 0x20, 0x24, 0x69, 0x6e, 0x64, 0x65, 0x78, 0x29, 0x20, 0x3a, 
        0x20, 0x73, 0x74, 0x72, 0x69, 0x6e, 0x67, 0x3a, 0x3a, 0x76, 0x69, 0x65, 
        0x77, 0x0a, 0x7b, 0x0a, 0x20, 0x20, 0x20, 0x20, 0x61, 0x73, 0x73, 0x65, 
        0x72, 0x74, 0x28, 0x24, 0x69, 0x6e, 0x64, 0x65, 0x78, 0x20, 0x3c, 0x20, 
        0x61, 0x72, 0x67, 0x63, 0x28, 0x29, 0x2c, 0x20, 0x27, 0x61, 0x72, 0x67, 
        0x75, 0x6d, 0x65, 0x6e, 0x74, 0x20, 0x69, 0x6e, 0x64, 0x65, 0x78, 0x20, 
        0x6f, 0x75, 0x74, 0x20, 0x6f, 0x66, 0x20, 0x62, 0x6f, 0x75, 0x6e, 0x64, 
        0x73, 0x27, 0x29, 0x3b, 0x0a, 0x0a, 0x20, 0x20, 0x20, 0x20, 0x2f, 0x2f, 
        0x20, 0x62, 0x6f, 0x75, 0x6e, 0x64, 0x20, 0x74, 0x6f, 0x20, 0x61, 0x20, 
        0x6c, 0x6f, 0x63, 0x61, 0x6c, 0x20, 0x62, 0x65, 0x63, 0x61, 0x75, 0x73, 
        0x65, 0x20, 0x60, 0x3a, 0x24, 0x60, 0x20, 0x6e, 0x65, 0x65, 0x64, 0x73, 
        0x20, 0x61, 0x20, 0x70, 0x6c, 0x61, 0x63, 0x65, 0x20, 0x74, 0x6f, 0x20, 
        0x72, 0x65, 0x61, 0x63, 0x68, 0x20, 0x74, 0x68, 0x65, 0x20, 0x70, 0x6f, 
        0x69, 0x6e, 0x74, 0x65, 0x72, 0x20, 0x6f, 0x66, 0x2c, 0x20, 0x61, 0x6e, 
        0x64, 0x20, 0x61, 0x20, 0x63, 0x61, 0x6c, 0x6c, 0x20, 0x72, 0x65, 0x73, 
        0x75, 0x6c, 0x74, 0x20, 0x68, 0x61, 0x73, 0x20, 0x6e, 0x6f, 0x0a, 0x20, 
        0x20, 0x20, 0x20, 0x2f, 0x2f, 0x20, 0x73, 0x74, 0x6f, 0x72, 0x61, 0x67, 
        0x65, 0x20, 0x2d, 0x20, 0x41, 0x53, 0x54, 0x3a, 0x3a, 0x73, 0x74, 0x6f, 
        0x72, 0x61, 0x67, 0x65, 0x5f, 0x6f, 0x66, 0x20, 0x63, 0x61, 0x6c, 0x6c, 
        0x73, 0x20, 0x74, 0x68, 0x61, 0x74, 0x20, 0x61, 0x64, 0x64, 0x72, 0x65, 
        0x73, 0x73, 0x6c, 0x65, 0x73, 0x73, 0x0a, 0x20, 0x20, 0x20, 0x20, 0x70, 
        0x74, 0x72, 0x3c, 0x70, 0x74, 0x72, 0x3c, 0x75, 0x69, 0x6e, 0x74, 0x38, 
        0x3e, 0x3e, 0x20, 0x24, 0x62, 0x6c, 0x6f, 0x63, 0x6b, 0x20, 0x3d, 0x20, 
        0x72, 0x61, 0x77, 0x5f, 0x61, 0x72, 0x67, 0x76, 0x28, 0x29, 0x3b, 0x0a, 
        0x0a, 0x20, 0x20, 0x20, 0x20, 0x72, 0x65, 0x74, 0x75, 0x72, 0x6e, 0x20, 
        0x73, 0x74, 0x72, 0x3a, 0x3a, 0x76, 0x69, 0x65, 0x77, 0x5f, 0x6f, 0x66, 
        0x5f, 0x63, 0x5f, 0x73, 0x74, 0x72, 0x28, 0x24, 0x62, 0x6c, 0x6f, 0x63, 
        0x6b, 0x3a, 0x24, 0x5b, 0x24, 0x69, 0x6e, 0x64, 0x65, 0x78, 0x5d, 0x29, 
        0x3b, 0x0a, 0x7d, 0x0a, 0x0a, 0x2f, 0x2a, 0x2a, 0x0a, 0x20, 0x2a, 0x20, 
        0x41, 0x20, 0x63, 0x75, 0x72, 0x73, 0x6f, 0x72, 0x20, 0x6f, 0x76, 0x65, 
        0x72, 0x20, 0x65, 0x76, 0x65, 0x72, 0x79, 0x20, 0x61, 0x72, 0x67, 0x75, 
        0x6d, 0x65, 0x6e, 0x74, 0x2c, 0x20, 0x66, 0x6f, 0x72, 0x20, 0x60, 0x66, 
        0x6f, 0x72, 0x65, 0x61, 0x63, 0x68, 0x60, 0x2e, 0x20, 0x41, 0x6c, 0x6c, 
        0x6f, 0x63, 0x61, 0x74, 0x65, 0x73, 0x20, 0x6e, 0x6f, 0x74, 0x68, 0x69, 
        0x6e, 0x67, 0x2e, 0x0a, 0x20, 0x2a, 0x2f, 0x0a, 0x23, 0x5b, 0x69, 0x6e, 
        0x6c, 0x69, 0x6e, 0x65, 0x5d, 0x0a, 0x66, 0x75, 0x6e, 0x63, 0x74, 0x69, 
        0x6f, 0x6e, 0x20, 0x61, 0x72, 0x67, 0x73, 0x28, 0x29, 0x20, 0x3a, 0x20, 
        0x61, 0x72, 0x67, 0x5f, 0x69, 0x74, 0x65, 0x72, 0x61, 0x74, 0x6f, 0x72, 
        0x0a, 0x7b, 0x0a, 0x20, 0x20, 0x20, 0x20, 0x72, 0x65, 0x74, 0x75, 0x72, 
        0x6e, 0x20, 0x61, 0x72, 0x67, 0x5f, 0x69, 0x74, 0x65, 0x72, 0x61, 0x74, 
        0x6f, 0x72, 0x28, 0x29, 0x3b, 0x0a, 0x7d, 0x0a, 0x0a, 0x2f, 0x2a, 0x2a, 
        0x0a, 0x20, 0x2a, 0x20, 0x45, 0x76, 0x65, 0x72, 0x79, 0x20, 0x61, 0x72, 
        0x67, 0x75, 0x6d, 0x65, 0x6e, 0x74, 0x2c, 0x20, 0x61, 0x73, 0x20, 0x61, 
        0x6e, 0x20, 0x61, 0x72, 0x72, 0x61, 0x79, 0x2e, 0x0a, 0x20, 0x2a, 0x0a, 
        0x20, 0x2a, 0x20, 0x60, 0x61, 0x72, 0x67, 0x73, 0x28, 0x29, 0x60, 0x20, 
        0x77, 0x69, 0x74, 0x68, 0x6f, 0x75, 0x74, 0x20, 0x74, 0x68, 0x65, 0x20, 
        0x6c, 0x6f, 0x6f, 0x70, 0x2c, 0x20, 0x66, 0x6f, 0x72, 0x20, 0x77, 0x68, 
        0x65, 0x6e, 0x20, 0x74, 0x68, 0x65, 0x20, 0x6c, 0x69, 0x73, 0x74, 0x20, 
        0x69, 0x73, 0x20, 0x74, 0x68, 0x65, 0x20, 0x74, 0x68, 0x69, 0x6e, 0x67, 
        0x20, 0x79, 0x6f, 0x75, 0x20, 0x77, 0x61, 0x6e, 0x74, 0x20, 0x72, 0x61, 
        0x74, 0x68, 0x65, 0x72, 0x20, 0x74, 0x68, 0x61, 0x6e, 0x20, 0x74, 0x68, 
        0x65, 0x20, 0x77, 0x61, 0x6c, 0x6b, 0x2e, 0x20, 0x54, 0x68, 0x65, 0x20, 
        0x6f, 0x6e, 0x65, 0x0a, 0x20, 0x2a, 0x20, 0x66, 0x75, 0x6e, 0x63, 0x74, 
        0x69, 0x6f, 0x6e, 0x20, 0x69, 0x6e, 0x20, 0x74, 0x68, 0x69, 0x73, 0x20, 
        0x6d, 0x6f, 0x64, 0x75, 0x6c, 0x65, 0x20, 0x74, 0x68, 0x61, 0x74, 0x20, 
        0x61, 0x6c, 0x6c, 0x6f, 0x63, 0x61, 0x74, 0x65, 0x73, 0x20, 0x6f, 0x6e, 
        0x20, 0x70, 0x75, 0x72, 0x70, 0x6f, 0x73, 0x65, 0x2c, 0x20, 0x73, 0x6f, 
        0x20, 0x69, 0x74, 0x20, 0x69, 0x73, 0x20, 0x61, 0x20, 0x63, 0x61, 0x6c, 
        0x6c, 0x20, 0x61, 0x6e, 0x64, 0x20, 0x6e, 0x6f, 0x74, 0x20, 0x61, 0x20, 
        0x70, 0x72, 0x6f, 0x70, 0x65, 0x72, 0x74, 0x79, 0x3a, 0x20, 0x6e, 0x6f, 
        0x74, 0x68, 0x69, 0x6e, 0x67, 0x20, 0x69, 0x73, 0x0a, 0x20, 0x2a, 0x20, 
        0x62, 0x75, 0x69, 0x6c, 0x74, 0x20, 0x75, 0x6e, 0x6c, 0x65, 0x73, 0x73, 
        0x20, 0x79, 0x6f, 0x75, 0x20, 0x61, 0x73, 0x6b, 0x2e, 0x0a, 0x20, 0x2a, 
        0x0a, 0x20, 0x2a, 0x20, 0x60, 0x61, 0x72, 0x72, 0x61, 0x79, 0x3c, 0x73, 
        0x74, 0x72, 0x69, 0x6e, 0x67, 0x3a, 0x3a, 0x76, 0x69, 0x65, 0x77, 0x3e, 
        0x60, 0x20, 0x72, 0x61, 0x74, 0x68, 0x65, 0x72, 0x20, 0x74, 0x68, 0x61, 
        0x6e, 0x20, 0x60, 0x61, 0x72, 0x72, 0x61, 0x79, 0x3c, 0x73, 0x74, 0x72, 
        0x69, 0x6e, 0x67, 0x3e, 0x60, 0x20, 0x64, 0x65, 0x6c, 0x69, 0x62, 0x65, 
        0x72, 0x61, 0x74, 0x65, 0x6c, 0x79, 0x20, 0x2d, 0x20, 0x74, 0x68, 0x65, 
        0x20, 0x61, 0x72, 0x72, 0x61, 0x79, 0x20, 0x63, 0x6f, 0x70, 0x79, 0x20, 
        0x63, 0x6f, 0x6e, 0x73, 0x74, 0x72, 0x75, 0x63, 0x74, 0x6f, 0x72, 0x20, 
        0x69, 0x73, 0x20, 0x61, 0x0a, 0x20, 0x2a, 0x20, 0x62, 0x69, 0x74, 0x77, 
        0x69, 0x73, 0x65, 0x20, 0x60, 0x6d, 0x65, 0x6d, 0x3a, 0x3a, 0x63, 0x6f, 
        0x70, 0x79, 0x60, 0x2c, 0x20, 0x77, 0x68, 0x69, 0x63, 0x68, 0x20, 0x69, 
        0x73, 0x20, 0x63, 0x6f, 0x72, 0x72, 0x65, 0x63, 0x74, 0x20, 0x66, 0x6f, 
        0x72, 0x20, 0x61, 0x20, 0x76, 0x69, 0x65, 0x77, 0x20, 0x61, 0x6e, 0x64, 
        0x20, 0x77, 0x6f, 0x75, 0x6c, 0x64, 0x20, 0x64, 0x6f, 0x75, 0x62, 0x6c, 
        0x65, 0x2d, 0x66, 0x72, 0x65, 0x65, 0x20, 0x61, 0x20, 0x60, 0x73, 0x74, 
        0x72, 0x69, 0x6e, 0x67, 0x60, 0x2e, 0x0a, 0x20, 0x2a, 0x2f, 0x0a, 0x66, 
        0x75, 0x6e, 0x63, 0x74, 0x69, 0x6f, 0x6e, 0x20, 0x61, 0x72, 0x67, 0x76, 
        0x28, 0x29, 0x20, 0x3a, 0x20, 0x61, 0x72, 0x72, 0x61, 0x79, 0x3c, 0x73, 
        0x74, 0x72, 0x69, 0x6e, 0x67, 0x3a, 0x3a, 0x76, 0x69, 0x65, 0x77, 0x3e, 
        0x0a, 0x7b, 0x0a, 0x20, 0x20, 0x20, 0x20, 0x75, 0x73, 0x69, 0x7a, 0x65, 
        0x20, 0x24, 0x63, 0x6f, 0x75, 0x6e, 0x74, 0x20, 0x3d, 0x20, 0x61, 0x72, 
        0x67, 0x63, 0x28, 0x29, 0x3b, 0x0a, 0x0a, 0x20, 0x20, 0x20, 0x20, 0x61, 
        0x72, 0x72, 0x61, 0x79, 0x3c, 0x73, 0x74, 0x72, 0x69, 0x6e, 0x67, 0x3a, 
        0x3a, 0x76, 0x69, 0x65, 0x77, 0x3e, 0x20, 0x24, 0x6f, 0x75, 0x74, 0x20, 
        0x3d, 0x20, 0x61, 0x72, 0x72, 0x61, 0x79, 0x3c, 0x73, 0x74, 0x72, 0x69, 
        0x6e, 0x67, 0x3a, 0x3a, 0x76, 0x69, 0x65, 0x77, 0x3e, 0x28, 0x29, 0x3b, 
        0x0a, 0x20, 0x20, 0x20, 0x20, 0x24, 0x6f, 0x75, 0x74, 0x2d, 0x3e, 0x72, 
        0x65, 0x73, 0x65, 0x72, 0x76, 0x65, 0x28, 0x24, 0x63, 0x6f, 0x75, 0x6e, 
        0x74, 0x29, 0x3b, 0x0a, 0x0a, 0x20, 0x20, 0x20, 0x20, 0x2f, 0x2f, 0x20, 
        0x69, 0x6e, 0x64, 0x65, 0x78, 0x65, 0x64, 0x20, 0x72, 0x61, 0x74, 0x68, 
        0x65, 0x72, 0x20, 0x74, 0x68, 0x61, 0x6e, 0x20, 0x60, 0x66, 0x6f, 0x72, 
        0x65, 0x61, 0x63, 0x68, 0x60, 0x65, 0x64, 0x2c, 0x20, 0x74, 0x68, 0x65, 
        0x20, 0x73, 0x68, 0x61, 0x70, 0x65, 0x20, 0x60, 0x61, 0x72, 0x72, 0x3a, 
        0x3a, 0x6d, 0x65, 0x72, 0x67, 0x65, 0x60, 0x20, 0x75, 0x73, 0x65, 0x73, 
        0x3a, 0x20, 0x61, 0x20, 0x63, 0x75, 0x72, 0x73, 0x6f, 0x72, 0x20, 0x62, 
        0x75, 0x79, 0x73, 0x20, 0x6e, 0x6f, 0x74, 0x68, 0x69, 0x6e, 0x67, 0x20, 
        0x77, 0x68, 0x65, 0x6e, 0x20, 0x74, 0x68, 0x65, 0x20, 0x63, 0x6f, 0x75, 
        0x6e, 0x74, 0x0a, 0x20, 0x20, 0x20, 0x20, 0x2f, 0x2f, 0x20, 0x61, 0x6e, 
        0x64, 0x20, 0x74, 0x68, 0x65, 0x20, 0x69, 0x6e, 0x64, 0x65, 0x78, 0x65, 
        0x64, 0x20, 0x61, 0x63, 0x63, 0x65, 0x73, 0x73, 0x6f, 0x72, 0x20, 0x61, 
        0x72, 0x65, 0x20, 0x62, 0x6f, 0x74, 0x68, 0x20, 0x61, 0x6c, 0x72, 0x65, 
        0x61, 0x64, 0x79, 0x20, 0x74, 0x6f, 0x20, 0x68, 0x61, 0x6e, 0x64, 0x2c, 
        0x20, 0x61, 0x6e, 0x64, 0x20, 0x74, 0x68, 0x65, 0x20, 0x6c, 0x6f, 0x6f, 
        0x70, 0x20, 0x72, 0x65, 0x61, 0x64, 0x73, 0x20, 0x61, 0x73, 0x20, 0x77, 
        0x68, 0x61, 0x74, 0x20, 0x69, 0x74, 0x20, 0x69, 0x73, 0x0a, 0x20, 0x20, 
        0x20, 0x20, 0x75, 0x73, 0x69, 0x7a, 0x65, 0x20, 0x24, 0x69, 0x20, 0x3d, 
        0x20, 0x30, 0x3b, 0x0a, 0x0a, 0x20, 0x20, 0x20, 0x20, 0x77, 0x68, 0x69, 
        0x6c, 0x65, 0x20, 0x28, 0x24, 0x69, 0x20, 0x3c, 0x20, 0x24, 0x63, 0x6f, 
        0x75, 0x6e, 0x74, 0x29, 0x20, 0x7b, 0x0a, 0x20, 0x20, 0x20, 0x20, 0x20, 
        0x20, 0x20, 0x20, 0x24, 0x6f, 0x75, 0x74, 0x5b, 0x5d, 0x20, 0x3d, 0x20, 
        0x61, 0x72, 0x67, 0x28, 0x24, 0x69, 0x29, 0x3b, 0x0a, 0x20, 0x20, 0x20, 
        0x20, 0x20, 0x20, 0x20, 0x20, 0x24, 0x69, 0x20, 0x3d, 0x20, 0x24, 0x69, 
        0x20, 0x2b, 0x20, 0x31, 0x3b, 0x0a, 0x20, 0x20, 0x20, 0x20, 0x7d, 0x0a, 
        0x0a, 0x20, 0x20, 0x20, 0x20, 0x72, 0x65, 0x74, 0x75, 0x72, 0x6e, 0x20, 
        0x24, 0x6f, 0x75, 0x74, 0x3b, 0x0a, 0x7d, 0x0a, 0x0a, 0x2f, 0x2a, 0x2a, 
        0x0a, 0x20, 0x2a, 0x20, 0x54, 0x68, 0x65, 0x20, 0x70, 0x61, 0x74, 0x68, 
        0x20, 0x74, 0x6f, 0x20, 0x74, 0x68, 0x65, 0x20, 0x72, 0x75, 0x6e, 0x6e, 
        0x69, 0x6e, 0x67, 0x20, 0x65, 0x78, 0x65, 0x63, 0x75, 0x74, 0x61, 0x62, 
        0x6c, 0x65, 0x2e, 0x0a, 0x20, 0x2a, 0x0a, 0x20, 0x2a, 0x20, 0x41, 0x6e, 
        0x20, 0x6f, 0x77, 0x6e, 0x69, 0x6e, 0x67, 0x20, 0x60, 0x73, 0x74, 0x72, 
        0x69, 0x6e, 0x67, 0x60, 0x20, 0x72, 0x61, 0x74, 0x68, 0x65, 0x72, 0x20, 
        0x74, 0x68, 0x61, 0x6e, 0x20, 0x61, 0x20, 0x76, 0x69, 0x65, 0x77, 0x2c, 
        0x20, 0x61, 0x6e, 0x64, 0x20, 0x74, 0x68, 0x61, 0x74, 0x20, 0x69, 0x73, 
        0x20, 0x66, 0x6f, 0x72, 0x63, 0x65, 0x64, 0x20, 0x72, 0x61, 0x74, 0x68, 
        0x65, 0x72, 0x20, 0x74, 0x68, 0x61, 0x6e, 0x20, 0x63, 0x68, 0x6f, 0x73, 
        0x65, 0x6e, 0x3a, 0x20, 0x62, 0x6f, 0x74, 0x68, 0x20, 0x70, 0x6c, 0x61, 
        0x74, 0x66, 0x6f, 0x72, 0x6d, 0x20, 0x63, 0x61, 0x6c, 0x6c, 0x73, 0x20, 
        0x77, 0x72, 0x69, 0x74, 0x65, 0x0a, 0x20, 0x2a, 0x20, 0x69, 0x6e, 0x74, 
        0x6f, 0x20, 0x61, 0x20, 0x62, 0x75, 0x66, 0x66, 0x65, 0x72, 0x20, 0x74, 
        0x68, 0x69, 0x73, 0x20, 0x66, 0x75, 0x6e, 0x63, 0x74, 0x69, 0x6f, 0x6e, 
        0x20, 0x61, 0x6c, 0x6c, 0x6f, 0x63, 0x61, 0x74, 0x65, 0x64, 0x2c, 0x20, 
        0x73, 0x6f, 0x20, 0x61, 0x20, 0x77, 0x69, 0x6e, 0x64, 0x6f, 0x77, 0x20, 
        0x6f, 0x76, 0x65, 0x72, 0x20, 0x74, 0x68, 0x65, 0x6d, 0x20, 0x77, 0x6f, 
        0x75, 0x6c, 0x64, 0x20, 0x64, 0x61, 0x6e, 0x67, 0x6c, 0x65, 0x20, 0x74, 
        0x68, 0x65, 0x20, 0x6d, 0x6f, 0x6d, 0x65, 0x6e, 0x74, 0x20, 0x69, 0x74, 
        0x20, 0x77, 0x61, 0x73, 0x20, 0x68, 0x61, 0x6e, 0x64, 0x65, 0x64, 0x0a, 
        0x20, 0x2a, 0x20, 0x62, 0x61, 0x63, 0x6b, 0x2e, 0x20, 0x54, 0x68, 0x65, 
        0x20, 0x73, 0x61, 0x6d, 0x65, 0x20, 0x72, 0x65, 0x61, 0x73, 0x6f, 0x6e, 
        0x20, 0x60, 0x77, 0x6f, 0x72, 0x6b, 0x69, 0x6e, 0x67, 0x5f, 0x64, 0x69, 
        0x72, 0x60, 0x20, 0x6f, 0x77, 0x6e, 0x73, 0x20, 0x69, 0x74, 0x73, 0x20, 
        0x61, 0x6e, 0x73, 0x77, 0x65, 0x72, 0x2e, 0x0a, 0x20, 0x2a, 0x0a, 0x20, 
        0x2a, 0x20, 0x2a, 0x2a, 0x4f, 0x6e, 0x20, 0x61, 0x20, 0x70, 0x6c, 0x61, 
        0x74, 0x66, 0x6f, 0x72, 0x6d, 0x20, 0x74, 0x68, 0x69, 0x73, 0x20, 0x6d, 
        0x6f, 0x64, 0x75, 0x6c, 0x65, 0x20, 0x68, 0x61, 0x73, 0x20, 0x6e, 0x6f, 
        0x74, 0x20, 0x62, 0x65, 0x65, 0x6e, 0x20, 0x74, 0x61, 0x75, 0x67, 0x68, 
        0x74, 0x2c, 0x20, 0x69, 0x74, 0x20, 0x66, 0x61, 0x6c, 0x6c, 0x73, 0x20, 
        0x62, 0x61, 0x63, 0x6b, 0x20, 0x74, 0x6f, 0x20, 0x60, 0x61, 0x72, 0x67, 
        0x76, 0x5b, 0x30, 0x5d, 0x60, 0x2a, 0x2a, 0x20, 0x2d, 0x20, 0x74, 0x68, 
        0x65, 0x20, 0x70, 0x61, 0x74, 0x68, 0x20, 0x61, 0x73, 0x20, 0x69, 0x6e, 
        0x76, 0x6f, 0x6b, 0x65, 0x64, 0x2c, 0x0a, 0x20, 0x2a, 0x20, 0x77, 0x68, 
        0x69, 0x63, 0x68, 0x20, 0x69, 0x73, 0x20, 0x61, 0x62, 0x73, 0x6f, 0x6c, 
        0x75, 0x74, 0x65, 0x20, 0x77, 0x68, 0x65, 0x6e, 0x20, 0x74, 0x68, 0x65, 
        0x20, 0x70, 0x72, 0x6f, 0x67, 0x72, 0x61, 0x6d, 0x20, 0x77, 0x61, 0x73, 
        0x20, 0x6c, 0x61, 0x75, 0x6e, 0x63, 0x68, 0x65, 0x64, 0x20, 0x62, 0x79, 
        0x20, 0x61, 0x6e, 0x20, 0x61, 0x62, 0x73, 0x6f, 0x6c, 0x75, 0x74, 0x65, 
        0x20, 0x70, 0x61, 0x74, 0x68, 0x20, 0x61, 0x6e, 0x64, 0x20, 0x77, 0x68, 
        0x61, 0x74, 0x65, 0x76, 0x65, 0x72, 0x20, 0x74, 0x68, 0x65, 0x20, 0x63, 
        0x61, 0x6c, 0x6c, 0x65, 0x72, 0x20, 0x66, 0x65, 0x6c, 0x74, 0x20, 0x6c, 
        0x69, 0x6b, 0x65, 0x0a, 0x20, 0x2a, 0x20, 0x6f, 0x74, 0x68, 0x65, 0x72, 
        0x77, 0x69, 0x73, 0x65, 0x2e, 0x20, 0x54, 0x68, 0x61, 0x74, 0x20, 0x61, 
        0x72, 0x6d, 0x20, 0x69, 0x73, 0x20, 0x61, 0x20, 0x66, 0x61, 0x6c, 0x6c, 
        0x62, 0x61, 0x63, 0x6b, 0x20, 0x72, 0x61, 0x74, 0x68, 0x65, 0x72, 0x20, 
        0x74, 0x68, 0x61, 0x6e, 0x20, 0x61, 0x20, 0x72, 0x65, 0x66, 0x75, 0x73, 
        0x61, 0x6c, 0x20, 0x6f, 0x6e, 0x20, 0x70, 0x75, 0x72, 0x70, 0x6f, 0x73, 
        0x65, 0x3a, 0x20, 0x61, 0x20, 0x6e, 0x65, 0x77, 0x20, 0x74, 0x61, 0x72, 
        0x67, 0x65, 0x74, 0x20, 0x73, 0x68, 0x6f, 0x75, 0x6c, 0x64, 0x20, 0x63, 
        0x6f, 0x6d, 0x70, 0x69, 0x6c, 0x65, 0x20, 0x77, 0x69, 0x74, 0x68, 0x20, 
        0x61, 0x6e, 0x0a, 0x20, 0x2a, 0x20, 0x61, 0x70, 0x70, 0x72, 0x6f, 0x78, 
        0x69, 0x6d, 0x61, 0x74, 0x69, 0x6f, 0x6e, 0x20, 0x72, 0x61, 0x74, 0x68, 
        0x65, 0x72, 0x20, 0x74, 0x68, 0x61, 0x6e, 0x20, 0x66, 0x61, 0x69, 0x6c, 
        0x20, 0x74, 0x6f, 0x20, 0x72, 0x65, 0x73, 0x6f, 0x6c, 0x76, 0x65, 0x20, 
        0x60, 0x65, 0x78, 0x65, 0x28, 0x29, 0x60, 0x20, 0x61, 0x74, 0x20, 0x61, 
        0x6c, 0x6c, 0x2e, 0x0a, 0x20, 0x2a, 0x0a, 0x20, 0x2a, 0x20, 0x2a, 0x2a, 
        0x55, 0x6e, 0x64, 0x65, 0x72, 0x20, 0x60, 0x65, 0x63, 0x68, 0x6f, 0x63, 
        0x20, 0x72, 0x75, 0x6e, 0x60, 0x20, 0x74, 0x68, 0x69, 0x73, 0x20, 0x69, 
        0x73, 0x20, 0x60, 0x65, 0x63, 0x68, 0x6f, 0x63, 0x60, 0x20, 0x69, 0x74, 
        0x73, 0x65, 0x6c, 0x66, 0x2a, 0x2a, 0x2c, 0x20, 0x61, 0x6e, 0x64, 0x20, 
        0x74, 0x68, 0x61, 0x74, 0x20, 0x69, 0x73, 0x20, 0x74, 0x68, 0x65, 0x20, 
        0x74, 0x72, 0x75, 0x74, 0x68, 0x20, 0x72, 0x61, 0x74, 0x68, 0x65, 0x72, 
        0x20, 0x74, 0x68, 0x61, 0x6e, 0x20, 0x61, 0x20, 0x77, 0x61, 0x72, 0x74, 
        0x3a, 0x20, 0x61, 0x20, 0x4a, 0x49, 0x54, 0x27, 0x64, 0x20, 0x70, 0x72, 
        0x6f, 0x67, 0x72, 0x61, 0x6d, 0x0a, 0x20, 0x2a, 0x20, 0x68, 0x61, 0x73, 
        0x20, 0x6e, 0x6f, 0x20, 0x65, 0x78, 0x65, 0x63, 0x75, 0x74, 0x61, 0x62, 
        0x6c, 0x65, 0x20, 0x6f, 0x66, 0x20, 0x69, 0x74, 0x73, 0x20, 0x6f, 0x77, 
        0x6e, 0x2c, 0x20, 0x69, 0x74, 0x20, 0x72, 0x75, 0x6e, 0x73, 0x20, 0x69, 
        0x6e, 0x73, 0x69, 0x64, 0x65, 0x20, 0x74, 0x68, 0x65, 0x20, 0x63, 0x6f, 
        0x6d, 0x70, 0x69, 0x6c, 0x65, 0x72, 0x27, 0x73, 0x20, 0x70, 0x72, 0x6f, 
        0x63, 0x65, 0x73, 0x73, 0x2c, 0x20, 0x61, 0x6e, 0x64, 0x20, 0x74, 0x68, 
        0x65, 0x20, 0x70, 0x6c, 0x61, 0x74, 0x66, 0x6f, 0x72, 0x6d, 0x20, 0x69, 
        0x73, 0x20, 0x61, 0x6e, 0x73, 0x77, 0x65, 0x72, 0x69, 0x6e, 0x67, 0x20, 
        0x61, 0x62, 0x6f, 0x75, 0x74, 0x0a, 0x20, 0x2a, 0x20, 0x74, 0x68, 0x65, 
        0x20, 0x70, 0x72, 0x6f, 0x63, 0x65, 0x73, 0x73, 0x2e, 0x20, 0x52, 0x65, 
        0x61, 0x63, 0x68, 0x20, 0x66, 0x6f, 0x72, 0x20, 0x60, 0x61, 0x72, 0x67, 
        0x28, 0x30, 0x29, 0x60, 0x20, 0x77, 0x68, 0x65, 0x6e, 0x20, 0x77, 0x68, 
        0x61, 0x74, 0x20, 0x79, 0x6f, 0x75, 0x20, 0x77, 0x61, 0x6e, 0x74, 0x20, 
        0x69, 0x73, 0x20, 0x74, 0x68, 0x65, 0x20, 0x6e, 0x61, 0x6d, 0x65, 0x20, 
        0x74, 0x68, 0x65, 0x20, 0x70, 0x72, 0x6f, 0x67, 0x72, 0x61, 0x6d, 0x20, 
        0x77, 0x61, 0x73, 0x20, 0x69, 0x6e, 0x76, 0x6f, 0x6b, 0x65, 0x64, 0x20, 
        0x75, 0x6e, 0x64, 0x65, 0x72, 0x20, 0x2d, 0x20, 0x74, 0x68, 0x61, 0x74, 
        0x20, 0x6f, 0x6e, 0x65, 0x0a, 0x20, 0x2a, 0x20, 0x2a, 0x69, 0x73, 0x2a, 
        0x20, 0x74, 0x68, 0x65, 0x20, 0x73, 0x6f, 0x75, 0x72, 0x63, 0x65, 0x20, 
        0x66, 0x69, 0x6c, 0x65, 0x20, 0x74, 0x68, 0x65, 0x72, 0x65, 0x2e, 0x0a, 
        0x20, 0x2a, 0x2f, 0x0a, 0x66, 0x75, 0x6e, 0x63, 0x74, 0x69, 0x6f, 0x6e, 
        0x20, 0x65, 0x78, 0x65, 0x28, 0x29, 0x20, 0x3a, 0x20, 0x73, 0x74, 0x72, 
        0x69, 0x6e, 0x67, 0x0a, 0x7b, 0x0a, 0x23, 0x5b, 0x69, 0x66, 0x3a, 0x20, 
        0x6f, 0x73, 0x20, 0x3d, 0x3d, 0x20, 0x64, 0x61, 0x72, 0x77, 0x69, 0x6e, 
        0x5d, 0x0a, 0x20, 0x20, 0x20, 0x20, 0x2f, 0x2f, 0x20, 0x60, 0x5f, 0x4e, 
        0x53, 0x47, 0x65, 0x74, 0x45, 0x78, 0x65, 0x63, 0x75, 0x74, 0x61, 0x62, 
        0x6c, 0x65, 0x50, 0x61, 0x74, 0x68, 0x60, 0x20, 0x72, 0x65, 0x70, 0x6f, 
        0x72, 0x74, 0x73, 0x20, 0x74, 0x68, 0x65, 0x20, 0x73, 0x69, 0x7a, 0x65, 
        0x20, 0x69, 0x74, 0x20, 0x6e, 0x65, 0x65, 0x64, 0x73, 0x20, 0x74, 0x68, 
        0x72, 0x6f, 0x75, 0x67, 0x68, 0x20, 0x74, 0x68, 0x65, 0x20, 0x73, 0x61, 
        0x6d, 0x65, 0x20, 0x70, 0x61, 0x72, 0x61, 0x6d, 0x65, 0x74, 0x65, 0x72, 
        0x20, 0x69, 0x74, 0x20, 0x72, 0x65, 0x61, 0x64, 0x73, 0x2c, 0x20, 0x73, 
        0x6f, 0x20, 0x74, 0x68, 0x65, 0x20, 0x72, 0x65, 0x74, 0x72, 0x79, 0x20, 
        0x69, 0x73, 0x0a, 0x20, 0x20, 0x20, 0x20, 0x2f, 0x2f, 0x20, 0x65, 0x78, 
        0x61, 0x63, 0x74, 0x3a, 0x20, 0x61, 0x73, 0x6b, 0x20, 0x77, 0x69, 0x74, 
        0x68, 0x20, 0x6e, 0x6f, 0x74, 0x68, 0x69, 0x6e, 0x67, 0x2c, 0x20, 0x62, 
        0x65, 0x20, 0x74, 0x6f, 0x6c, 0x64, 0x20, 0x68, 0x6f, 0x77, 0x20, 0x6d, 
        0x75, 0x63, 0x68, 0x2c, 0x20, 0x61, 0x73, 0x6b, 0x20, 0x61, 0x67, 0x61, 
        0x69, 0x6e, 0x2e, 0x20, 0x41, 0x20, 0x66, 0x69, 0x72, 0x73, 0x74, 0x20, 
        0x63, 0x61, 0x6c, 0x6c, 0x20, 0x73, 0x69, 0x7a, 0x65, 0x64, 0x20, 0x30, 
        0x20, 0x69, 0x73, 0x20, 0x74, 0x68, 0x65, 0x20, 0x64, 0x6f, 0x63, 0x75, 
        0x6d, 0x65, 0x6e, 0x74, 0x65, 0x64, 0x20, 0x77, 0x61, 0x79, 0x20, 0x74, 
        0x6f, 0x0a, 0x20, 0x20, 0x20, 0x20, 0x2f, 0x2f, 0x20, 0x71, 0x75, 0x65, 
        0x72, 0x79, 0x2c, 0x20, 0x61, 0x6e, 0x64, 0x20, 0x74, 0x68, 0x65, 0x20, 
        0x73, 0x65, 0x63, 0x6f, 0x6e, 0x64, 0x20, 0x63, 0x61, 0x6e, 0x6e, 0x6f, 
        0x74, 0x20, 0x66, 0x61, 0x69, 0x6c, 0x20, 0x66, 0x6f, 0x72, 0x20, 0x73, 
        0x70, 0x61, 0x63, 0x65, 0x0a, 0x20, 0x20, 0x20, 0x20, 0x75, 0x69, 0x6e, 
        0x74, 0x33, 0x32, 0x20, 0x24, 0x6e, 0x65, 0x65, 0x64, 0x65, 0x64, 0x20, 
        0x3d, 0x20, 0x30, 0x3b, 0x0a, 0x20, 0x20, 0x20, 0x20, 0x70, 0x74, 0x72, 
        0x3c, 0x75, 0x69, 0x6e, 0x74, 0x38, 0x3e, 0x20, 0x24, 0x70, 0x72, 0x6f, 
        0x62, 0x65, 0x20, 0x3d, 0x20, 0x6d, 0x65, 0x6d, 0x3a, 0x3a, 0x61, 0x6c, 
        0x6c, 0x6f, 0x63, 0x3c, 0x75, 0x69, 0x6e, 0x74, 0x38, 0x3e, 0x28, 0x31, 
        0x29, 0x3b, 0x0a, 0x0a, 0x20, 0x20, 0x20, 0x20, 0x63, 0x5f, 0x65, 0x78, 
        0x65, 0x5f, 0x70, 0x61, 0x74, 0x68, 0x28, 0x24, 0x70, 0x72, 0x6f, 0x62, 
        0x65, 0x2c, 0x20, 0x26, 0x24, 0x6e, 0x65, 0x65, 0x64, 0x65, 0x64, 0x29, 
        0x3b, 0x0a, 0x20, 0x20, 0x20, 0x20, 0x6d, 0x65, 0x6d, 0x3a, 0x3a, 0x66, 
        0x72, 0x65, 0x65, 0x28, 0x24, 0x70, 0x72, 0x6f, 0x62, 0x65, 0x29, 0x3b, 
        0x0a, 0x0a, 0x20, 0x20, 0x20, 0x20, 0x70, 0x74, 0x72, 0x3c, 0x75, 0x69, 
        0x6e, 0x74, 0x38, 0x3e, 0x20, 0x24, 0x72, 0x61, 0x77, 0x20, 0x3d, 0x20, 
        0x6d, 0x65, 0x6d, 0x3a, 0x3a, 0x61, 0x6c, 0x6c, 0x6f, 0x63, 0x3c, 0x75, 
        0x69, 0x6e, 0x74, 0x38, 0x3e, 0x28, 0x24, 0x6e, 0x65, 0x65, 0x64, 0x65, 
        0x64, 0x20, 0x2b, 0x20, 0x31, 0x29, 0x3b, 0x0a, 0x20, 0x20, 0x20, 0x20, 
        0x24, 0x72, 0x61, 0x77, 0x3a, 0x24, 0x5b, 0x24, 0x6e, 0x65, 0x65, 0x64, 
        0x65, 0x64, 0x5d, 0x20, 0x3d, 0x20, 0x30, 0x3b, 0x0a, 0x0a, 0x20, 0x20, 
        0x20, 0x20, 0x69, 0x66, 0x20, 0x28, 0x63, 0x5f, 0x65, 0x78, 0x65, 0x5f, 
        0x70, 0x61, 0x74, 0x68, 0x28, 0x24, 0x72, 0x61, 0x77, 0x2c, 0x20, 0x26, 
        0x24, 0x6e, 0x65, 0x65, 0x64, 0x65, 0x64, 0x29, 0x20, 0x21, 0x3d, 0x20, 
        0x30, 0x29, 0x20, 0x7b, 0x0a, 0x20, 0x20, 0x20, 0x20, 0x20, 0x20, 0x20, 
        0x20, 0x6d, 0x65, 0x6d, 0x3a, 0x3a, 0x66, 0x72, 0x65, 0x65, 0x28, 0x24, 
        0x72, 0x61, 0x77, 0x29, 0x3b, 0x0a, 0x20, 0x20, 0x20, 0x20, 0x20, 0x20, 
        0x20, 0x20, 0x64, 0x69, 0x65, 0x28, 0x27, 0x5f, 0x4e, 0x53, 0x47, 0x65, 
        0x74, 0x45, 0x78, 0x65, 0x63, 0x75, 0x74, 0x61, 0x62, 0x6c, 0x65, 0x50, 
        0x61, 0x74, 0x68, 0x20, 0x72, 0x65, 0x66, 0x75, 0x73, 0x65, 0x64, 0x20, 
        0x61, 0x20, 0x62, 0x75, 0x66, 0x66, 0x65, 0x72, 0x20, 0x69, 0x74, 0x20, 
        0x61, 0x73, 0x6b, 0x65, 0x64, 0x20, 0x66, 0x6f, 0x72, 0x27, 0x29, 0x3b, 
        0x0a, 0x20, 0x20, 0x20, 0x20, 0x7d, 0x0a, 0x0a, 0x20, 0x20, 0x20, 0x20, 
        0x73, 0x74, 0x72, 0x69, 0x6e, 0x67, 0x20, 0x24, 0x70, 0x61, 0x74, 0x68, 
        0x20, 0x3d, 0x20, 0x73, 0x74, 0x72, 0x3a, 0x3a, 0x66, 0x72, 0x6f, 0x6d, 
        0x5f, 0x63, 0x5f, 0x73, 0x74, 0x72, 0x28, 0x24, 0x72, 0x61, 0x77, 0x29, 
        0x3b, 0x0a, 0x20, 0x20, 0x20, 0x20, 0x6d, 0x65, 0x6d, 0x3a, 0x3a, 0x66, 
        0x72, 0x65, 0x65, 0x28, 0x24, 0x72, 0x61, 0x77, 0x29, 0x3b, 0x0a, 0x0a, 
        0x20, 0x20, 0x20, 0x20, 0x72, 0x65, 0x74, 0x75, 0x72, 0x6e, 0x20, 0x24, 
        0x70, 0x61, 0x74, 0x68, 0x3b, 0x0a, 0x23, 0x5b, 0x65, 0x6c, 0x69, 0x66, 
        0x3a, 0x20, 0x6f, 0x73, 0x20, 0x3d, 0x3d, 0x20, 0x6c, 0x69, 0x6e, 0x75, 
        0x78, 0x5d, 0x0a, 0x20, 0x20, 0x20, 0x20, 0x2f, 0x2f, 0x20, 0x60, 0x72, 
        0x65, 0x61, 0x64, 0x6c, 0x69, 0x6e, 0x6b, 0x60, 0x20, 0x64, 0x6f, 0x65, 
        0x73, 0x20, 0x6e, 0x6f, 0x74, 0x20, 0x74, 0x65, 0x72, 0x6d, 0x69, 0x6e, 
        0x61, 0x74, 0x65, 0x20, 0x77, 0x68, 0x61, 0x74, 0x20, 0x69, 0x74, 0x20, 
        0x77, 0x72, 0x69, 0x74, 0x65, 0x73, 0x20, 0x61, 0x6e, 0x64, 0x20, 0x77, 
        0x69, 0x6c, 0x6c, 0x20, 0x6e, 0x6f, 0x74, 0x20, 0x73, 0x61, 0x79, 0x20, 
        0x68, 0x6f, 0x77, 0x20, 0x6d, 0x75, 0x63, 0x68, 0x20, 0x69, 0x74, 0x20, 
        0x6e, 0x65, 0x65, 0x64, 0x65, 0x64, 0x2c, 0x20, 0x73, 0x6f, 0x20, 0x74, 
        0x68, 0x65, 0x20, 0x62, 0x75, 0x66, 0x66, 0x65, 0x72, 0x20, 0x69, 0x73, 
        0x0a, 0x20, 0x20, 0x20, 0x20, 0x2f, 0x2f, 0x20, 0x67, 0x72, 0x6f, 0x77, 
        0x6e, 0x20, 0x75, 0x6e, 0x74, 0x69, 0x6c, 0x20, 0x74, 0x68, 0x65, 0x20, 
        0x61, 0x6e, 0x73, 0x77, 0x65, 0x72, 0x20, 0x73, 0x74, 0x6f, 0x70, 0x73, 
        0x20, 0x66, 0x69, 0x6c, 0x6c, 0x69, 0x6e, 0x67, 0x20, 0x69, 0x74, 0x20, 
        0x2d, 0x20, 0x61, 0x20, 0x72, 0x65, 0x73, 0x75, 0x6c, 0x74, 0x20, 0x73, 
        0x68, 0x6f, 0x72, 0x74, 0x65, 0x72, 0x20, 0x74, 0x68, 0x61, 0x6e, 0x20, 
        0x74, 0x68, 0x65, 0x20, 0x62, 0x75, 0x66, 0x66, 0x65, 0x72, 0x20, 0x69, 
        0x73, 0x20, 0x74, 0x68, 0x65, 0x20, 0x70, 0x72, 0x6f, 0x6f, 0x66, 0x20, 
        0x69, 0x74, 0x20, 0x66, 0x69, 0x74, 0x0a, 0x20, 0x20, 0x20, 0x20, 0x75, 
        0x73, 0x69, 0x7a, 0x65, 0x20, 0x24, 0x63, 0x61, 0x70, 0x61, 0x63, 0x69, 
        0x74, 0x79, 0x20, 0x3d, 0x20, 0x32, 0x35, 0x36, 0x3b, 0x0a, 0x0a, 0x20, 
        0x20, 0x20, 0x20, 0x2f, 0x2f, 0x20, 0x62, 0x6f, 0x75, 0x6e, 0x64, 0x20, 
        0x74, 0x6f, 0x20, 0x61, 0x20, 0x6c, 0x6f, 0x63, 0x61, 0x6c, 0x20, 0x62, 
        0x65, 0x63, 0x61, 0x75, 0x73, 0x65, 0x20, 0x60, 0x2d, 0x3e, 0x60, 0x20, 
        0x6f, 0x6e, 0x20, 0x61, 0x20, 0x6c, 0x69, 0x74, 0x65, 0x72, 0x61, 0x6c, 
        0x20, 0x69, 0x73, 0x20, 0x6e, 0x6f, 0x74, 0x20, 0x61, 0x20, 0x72, 0x65, 
        0x61, 0x64, 0x61, 0x62, 0x6c, 0x65, 0x20, 0x65, 0x78, 0x70, 0x72, 0x65, 
        0x73, 0x73, 0x69, 0x6f, 0x6e, 0x20, 0x2d, 0x20, 0x61, 0x20, 0x6d, 0x65, 
        0x74, 0x68, 0x6f, 0x64, 0x20, 0x63, 0x61, 0x6c, 0x6c, 0x20, 0x6e, 0x65, 
        0x65, 0x64, 0x73, 0x0a, 0x20, 0x20, 0x20, 0x20, 0x2f, 0x2f, 0x20, 0x73, 
        0x6f, 0x6d, 0x65, 0x74, 0x68, 0x69, 0x6e, 0x67, 0x20, 0x77, 0x69, 0x74, 
        0x68, 0x20, 0x73, 0x74, 0x6f, 0x72, 0x61, 0x67, 0x65, 0x20, 0x74, 0x6f, 
        0x20, 0x62, 0x65, 0x20, 0x74, 0x68, 0x65, 0x20, 0x72, 0x65, 0x63, 0x65, 
        0x69, 0x76, 0x65, 0x72, 0x0a, 0x20, 0x20, 0x20, 0x20, 0x73, 0x74, 0x72, 
        0x69, 0x6e, 0x67, 0x20, 0x24, 0x6c, 0x69, 0x6e, 0x6b, 0x20, 0x3d, 0x20, 
        0x27, 0x2f, 0x70, 0x72, 0x6f, 0x63, 0x2f, 0x73, 0x65, 0x6c, 0x66, 0x2f, 
        0x65, 0x78, 0x65, 0x27, 0x3b, 0x0a, 0x0a, 0x20, 0x20, 0x20, 0x20, 0x77, 
        0x68, 0x69, 0x6c, 0x65, 0x20, 0x28, 0x24, 0x63, 0x61, 0x70, 0x61, 0x63, 
        0x69, 0x74, 0x79, 0x20, 0x3c, 0x3d, 0x20, 0x36, 0x35, 0x35, 0x33, 0x36, 
        0x29, 0x20, 0x7b, 0x0a, 0x20, 0x20, 0x20, 0x20, 0x20, 0x20, 0x20, 0x20, 
        0x70, 0x74, 0x72, 0x3c, 0x75, 0x69, 0x6e, 0x74, 0x38, 0x3e, 0x20, 0x24, 
        0x72, 0x61, 0x77, 0x20, 0x3d, 0x20, 0x6d, 0x65, 0x6d, 0x3a, 0x3a, 0x61, 
        0x6c, 0x6c, 0x6f, 0x63, 0x3c, 0x75, 0x69, 0x6e, 0x74, 0x38, 0x3e, 0x28, 
        0x24, 0x63, 0x61, 0x70, 0x61, 0x63, 0x69, 0x74, 0x79, 0x20, 0x2b, 0x20, 
        0x31, 0x29, 0x3b, 0x0a, 0x20, 0x20, 0x20, 0x20, 0x20, 0x20, 0x20, 0x20, 
        0x69, 0x6e, 0x74, 0x36, 0x34, 0x20, 0x24, 0x77, 0x72, 0x69, 0x74, 0x74, 
        0x65, 0x6e, 0x20, 0x3d, 0x20, 0x63, 0x5f, 0x72, 0x65, 0x61, 0x64, 0x6c, 
        0x69, 0x6e, 0x6b, 0x28, 0x24, 0x6c, 0x69, 0x6e, 0x6b, 0x2d, 0x3e, 0x63, 
        0x5f, 0x73, 0x74, 0x72, 0x28, 0x29, 0x2c, 0x20, 0x24, 0x72, 0x61, 0x77, 
        0x2c, 0x20, 0x24, 0x63, 0x61, 0x70, 0x61, 0x63, 0x69, 0x74, 0x79, 0x29, 
        0x3b, 0x0a, 0x0a, 0x20, 0x20, 0x20, 0x20, 0x20, 0x20, 0x20, 0x20, 0x69, 
        0x66, 0x20, 0x28, 0x24, 0x77, 0x72, 0x69, 0x74, 0x74, 0x65, 0x6e, 0x20, 
        0x3c, 0x20, 0x30, 0x29, 0x20, 0x7b, 0x0a, 0x20, 0x20, 0x20, 0x20, 0x20, 
        0x20, 0x20, 0x20, 0x20, 0x20, 0x20, 0x20, 0x6d, 0x65, 0x6d, 0x3a, 0x3a, 
        0x66, 0x72, 0x65, 0x65, 0x28, 0x24, 0x72, 0x61, 0x77, 0x29, 0x3b, 0x0a, 
        0x20, 0x20, 0x20, 0x20, 0x20, 0x20, 0x20, 0x20, 0x20, 0x20, 0x20, 0x20, 
        0x64, 0x69, 0x65, 0x28, 0x27, 0x72, 0x65, 0x61, 0x64, 0x6c, 0x69, 0x6e, 
        0x6b, 0x28, 0x22, 0x2f, 0x70, 0x72, 0x6f, 0x63, 0x2f, 0x73, 0x65, 0x6c, 
        0x66, 0x2f, 0x65, 0x78, 0x65, 0x22, 0x29, 0x20, 0x66, 0x61, 0x69, 0x6c, 
        0x65, 0x64, 0x27, 0x29, 0x3b, 0x0a, 0x20, 0x20, 0x20, 0x20, 0x20, 0x20, 
        0x20, 0x20, 0x7d, 0x0a, 0x0a, 0x20, 0x20, 0x20, 0x20, 0x20, 0x20, 0x20, 
        0x20, 0x69, 0x66, 0x20, 0x28, 0x24, 0x77, 0x72, 0x69, 0x74, 0x74, 0x65, 
        0x6e, 0x20, 0x3e, 0x3d, 0x20, 0x24, 0x63, 0x61, 0x70, 0x61, 0x63, 0x69, 
        0x74, 0x79, 0x29, 0x20, 0x7b, 0x0a, 0x20, 0x20, 0x20, 0x20, 0x20, 0x20, 
        0x20, 0x20, 0x20, 0x20, 0x20, 0x20, 0x6d, 0x65, 0x6d, 0x3a, 0x3a, 0x66, 
        0x72, 0x65, 0x65, 0x28, 0x24, 0x72, 0x61, 0x77, 0x29, 0x3b, 0x0a, 0x20, 
        0x20, 0x20, 0x20, 0x20, 0x20, 0x20, 0x20, 0x20, 0x20, 0x20, 0x20, 0x24, 
        0x63, 0x61, 0x70, 0x61, 0x63, 0x69, 0x74, 0x79, 0x20, 0x3d, 0x20, 0x24, 
        0x63, 0x61, 0x70, 0x61, 0x63, 0x69, 0x74, 0x79, 0x20, 0x2a, 0x20, 0x32, 
        0x3b, 0x0a, 0x20, 0x20, 0x20, 0x20, 0x20, 0x20, 0x20, 0x20, 0x20, 0x20, 
        0x20, 0x20, 0x63, 0x6f, 0x6e, 0x74, 0x69, 0x6e, 0x75, 0x65, 0x3b, 0x0a, 
        0x20, 0x20, 0x20, 0x20, 0x20, 0x20, 0x20, 0x20, 0x7d, 0x0a, 0x0a, 0x20, 
        0x20, 0x20, 0x20, 0x20, 0x20, 0x20, 0x20, 0x2f, 0x2f, 0x20, 0x74, 0x68, 
        0x65, 0x20, 0x74, 0x65, 0x72, 0x6d, 0x69, 0x6e, 0x61, 0x74, 0x6f, 0x72, 
        0x20, 0x72, 0x65, 0x61, 0x64, 0x6c, 0x69, 0x6e, 0x6b, 0x20, 0x64, 0x69, 
        0x64, 0x20, 0x6e, 0x6f, 0x74, 0x20, 0x77, 0x72, 0x69, 0x74, 0x65, 0x0a, 
        0x20, 0x20, 0x20, 0x20, 0x20, 0x20, 0x20, 0x20, 0x24, 0x72, 0x61, 0x77, 
        0x3a, 0x24, 0x5b, 0x24, 0x77, 0x72, 0x69, 0x74, 0x74, 0x65, 0x6e, 0x5d, 
        0x20, 0x3d, 0x20, 0x30, 0x3b, 0x0a, 0x0a, 0x20, 0x20, 0x20, 0x20, 0x20, 
        0x20, 0x20, 0x20, 0x73, 0x74, 0x72, 0x69, 0x6e, 0x67, 0x20, 0x24, 0x70, 
        0x61, 0x74, 0x68, 0x20, 0x3d, 0x20, 0x73, 0x74, 0x72, 0x3a, 0x3a, 0x66, 
        0x72, 0x6f, 0x6d, 0x5f, 0x63, 0x5f, 0x73, 0x74, 0x72, 0x28, 0x24, 0x72, 
        0x61, 0x77, 0x29, 0x3b, 0x0a, 0x20, 0x20, 0x20, 0x20, 0x20, 0x20, 0x20, 
        0x20, 0x6d, 0x65, 0x6d, 0x3a, 0x3a, 0x66, 0x72, 0x65, 0x65, 0x28, 0x24, 
        0x72, 0x61, 0x77, 0x29, 0x3b, 0x0a, 0x0a, 0x20, 0x20, 0x20, 0x20, 0x20, 
        0x20, 0x20, 0x20, 0x72, 0x65, 0x74, 0x75, 0x72, 0x6e, 0x20, 0x24, 0x70, 
        0x61, 0x74, 0x68, 0x3b, 0x0a, 0x20, 0x20, 0x20, 0x20, 0x7d, 0x0a, 0x0a, 
        0x20, 0x20, 0x20, 0x20, 0x64, 0x69, 0x65, 0x28, 0x27, 0x74, 0x68, 0x65, 
        0x20, 0x65, 0x78, 0x65, 0x63, 0x75, 0x74, 0x61, 0x62, 0x6c, 0x65, 0x20, 
        0x70, 0x61, 0x74, 0x68, 0x20, 0x64, 0x6f, 0x65, 0x73, 0x20, 0x6e, 0x6f, 
        0x74, 0x20, 0x66, 0x69, 0x74, 0x20, 0x69, 0x6e, 0x20, 0x36, 0x34, 0x20, 
        0x4b, 0x69, 0x42, 0x27, 0x29, 0x3b, 0x0a, 0x23, 0x5b, 0x65, 0x6c, 0x73, 
        0x65, 0x5d, 0x0a, 0x20, 0x20, 0x20, 0x20, 0x72, 0x65, 0x74, 0x75, 0x72, 
        0x6e, 0x20, 0x73, 0x74, 0x72, 0x3a, 0x3a, 0x66, 0x72, 0x6f, 0x6d, 0x5f, 
        0x63, 0x5f, 0x73, 0x74, 0x72, 0x28, 0x61, 0x72, 0x67, 0x28, 0x30, 0x29, 
        0x2d, 0x3e, 0x63, 0x5f, 0x73, 0x74, 0x72, 0x28, 0x29, 0x29, 0x3b, 0x0a, 
        0x23, 0x5b, 0x65, 0x6e, 0x64, 0x5d, 0x0a, 0x7d, 0x0a, 0x0a, 0x2f, 0x2a, 
        0x2a, 0x0a, 0x20, 0x2a, 0x20, 0x53, 0x74, 0x6f, 0x70, 0x73, 0x20, 0x74, 
        0x68, 0x65, 0x20, 0x70, 0x72, 0x6f, 0x67, 0x72, 0x61, 0x6d, 0x20, 0x77, 
        0x69, 0x74, 0x68, 0x20, 0x60, 0x24, 0x63, 0x6f, 0x64, 0x65, 0x60, 0x2c, 
        0x20, 0x72, 0x69, 0x67, 0x68, 0x74, 0x20, 0x68, 0x65, 0x72, 0x65, 0x2e, 
        0x0a, 0x20, 0x2a, 0x0a, 0x20, 0x2a, 0x20, 0x4e, 0x6f, 0x74, 0x68, 0x69, 
        0x6e, 0x67, 0x20, 0x61, 0x66, 0x74, 0x65, 0x72, 0x20, 0x74, 0x68, 0x65, 
        0x20, 0x63, 0x61, 0x6c, 0x6c, 0x20, 0x72, 0x75, 0x6e, 0x73, 0x2c, 0x20, 
        0x73, 0x6f, 0x20, 0x6e, 0x6f, 0x20, 0x64, 0x65, 0x73, 0x74, 0x72, 0x75, 
        0x63, 0x74, 0x6f, 0x72, 0x20, 0x72, 0x75, 0x6e, 0x73, 0x20, 0x65, 0x69, 
        0x74, 0x68, 0x65, 0x72, 0x20, 0x61, 0x6e, 0x64, 0x20, 0x6e, 0x6f, 0x20, 
        0x60, 0x5b, 0x6d, 0x65, 0x6d, 0x6f, 0x72, 0x79, 0x5d, 0x60, 0x20, 0x72, 
        0x65, 0x70, 0x6f, 0x72, 0x74, 0x20, 0x69, 0x73, 0x20, 0x70, 0x72, 0x69, 
        0x6e, 0x74, 0x65, 0x64, 0x20, 0x2d, 0x0a, 0x20, 0x2a, 0x20, 0x74, 0x68, 
        0x65, 0x20, 0x73, 0x61, 0x6d, 0x65, 0x20, 0x62, 0x61, 0x72, 0x67, 0x61, 
        0x69, 0x6e, 0x20, 0x60, 0x64, 0x69, 0x65, 0x60, 0x20, 0x6d, 0x61, 0x6b, 
        0x65, 0x73, 0x2c, 0x20, 0x66, 0x6f, 0x72, 0x20, 0x74, 0x68, 0x65, 0x20, 
        0x73, 0x61, 0x6d, 0x65, 0x20, 0x72, 0x65, 0x61, 0x73, 0x6f, 0x6e, 0x3a, 
        0x20, 0x74, 0x68, 0x65, 0x72, 0x65, 0x20, 0x69, 0x73, 0x20, 0x6e, 0x6f, 
        0x20, 0x70, 0x6f, 0x73, 0x74, 0x2d, 0x74, 0x65, 0x61, 0x72, 0x64, 0x6f, 
        0x77, 0x6e, 0x20, 0x6d, 0x6f, 0x6d, 0x65, 0x6e, 0x74, 0x20, 0x6c, 0x65, 
        0x66, 0x74, 0x20, 0x77, 0x68, 0x65, 0x6e, 0x20, 0x74, 0x68, 0x65, 0x0a, 
        0x20, 0x2a, 0x20, 0x63, 0x61, 0x6c, 0x6c, 0x20, 0x69, 0x73, 0x20, 0x6d, 
        0x61, 0x64, 0x65, 0x20, 0x66, 0x72, 0x6f, 0x6d, 0x20, 0x74, 0x68, 0x65, 
        0x20, 0x6d, 0x69, 0x64, 0x64, 0x6c, 0x65, 0x20, 0x6f, 0x66, 0x20, 0x61, 
        0x20, 0x73, 0x63, 0x6f, 0x70, 0x65, 0x20, 0x74, 0x68, 0x61, 0x74, 0x20, 
        0x73, 0x74, 0x69, 0x6c, 0x6c, 0x20, 0x6f, 0x77, 0x6e, 0x73, 0x20, 0x74, 
        0x68, 0x69, 0x6e, 0x67, 0x73, 0x2e, 0x20, 0x52, 0x65, 0x74, 0x75, 0x72, 
        0x6e, 0x20, 0x6f, 0x75, 0x74, 0x20, 0x6f, 0x66, 0x20, 0x60, 0x6d, 0x61, 
        0x69, 0x6e, 0x60, 0x20, 0x69, 0x6e, 0x73, 0x74, 0x65, 0x61, 0x64, 0x20, 
        0x69, 0x66, 0x0a, 0x20, 0x2a, 0x20, 0x79, 0x6f, 0x75, 0x20, 0x77, 0x61, 
        0x6e, 0x74, 0x20, 0x61, 0x6e, 0x20, 0x6f, 0x72, 0x64, 0x65, 0x72, 0x6c, 
        0x79, 0x20, 0x66, 0x69, 0x6e, 0x69, 0x73, 0x68, 0x2e, 0x0a, 0x20, 0x2a, 
        0x0a, 0x20, 0x2a, 0x20, 0x54, 0x68, 0x65, 0x20, 0x65, 0x78, 0x69, 0x74, 
        0x20, 0x63, 0x6f, 0x64, 0x65, 0x20, 0x69, 0x73, 0x20, 0x77, 0x68, 0x61, 
        0x74, 0x20, 0x74, 0x68, 0x65, 0x20, 0x73, 0x68, 0x65, 0x6c, 0x6c, 0x20, 
        0x73, 0x65, 0x65, 0x73, 0x2e, 0x20, 0x60, 0x30, 0x60, 0x20, 0x6d, 0x65, 
        0x61, 0x6e, 0x73, 0x20, 0x73, 0x75, 0x63, 0x63, 0x65, 0x73, 0x73, 0x20, 
        0x62, 0x79, 0x20, 0x63, 0x6f, 0x6e, 0x76, 0x65, 0x6e, 0x74, 0x69, 0x6f, 
        0x6e, 0x2e, 0x0a, 0x20, 0x2a, 0x2f, 0x0a, 0x23, 0x5b, 0x62, 0x75, 0x69, 
        0x6c, 0x74, 0x69, 0x6e, 0x3a, 0x20, 0x22, 0x65, 0x78, 0x69, 0x74, 0x22, 
        0x5d, 0x0a, 0x66, 0x75, 0x6e, 0x63, 0x74, 0x69, 0x6f, 0x6e, 0x20, 0x65, 
        0x78, 0x69, 0x74, 0x28, 0x69, 0x6e, 0x74, 0x33, 0x32, 0x20, 0x24, 0x63, 
        0x6f, 0x64, 0x65, 0x29, 0x20, 0x3a, 0x20, 0x76, 0x6f, 0x69, 0x64, 0x3b, 
        0x0a, 
    };
    file_12.set_content(reinterpret_cast<const char*>(file_12_data), sizeof(file_12_data));
    auto &file_13 = module.add_file("stdlib:/std/env/vars.eco");
    static const unsigned char file_13_data[] = {
        0x2f, 0x2a, 0x2a, 0x0a, 0x20, 0x2a, 0x20, 0x45, 0x6e, 0x76, 0x69, 0x72, 
        0x6f, 0x6e, 0x6d, 0x65, 0x6e, 0x74, 0x20, 0x76, 0x61, 0x72, 0x69, 0x61, 
        0x62, 0x6c, 0x65, 0x73, 0x2e, 0x0a, 0x20, 0x2a, 0x0a, 0x20, 0x2a, 0x20, 
        0x4e, 0x6f, 0x74, 0x68, 0x69, 0x6e, 0x67, 0x20, 0x69, 0x73, 0x20, 0x72, 
        0x65, 0x61, 0x64, 0x20, 0x75, 0x6e, 0x74, 0x69, 0x6c, 0x20, 0x69, 0x74, 
        0x20, 0x69, 0x73, 0x20, 0x61, 0x73, 0x6b, 0x65, 0x64, 0x20, 0x66, 0x6f, 
        0x72, 0x2e, 0x20, 0x60, 0x76, 0x61, 0x72, 0x60, 0x20, 0x69, 0x73, 0x20, 
        0x61, 0x20, 0x60, 0x67, 0x65, 0x74, 0x65, 0x6e, 0x76, 0x60, 0x20, 0x63, 
        0x61, 0x6c, 0x6c, 0x20, 0x61, 0x6e, 0x64, 0x20, 0x6e, 0x6f, 0x20, 0x6d, 
        0x6f, 0x72, 0x65, 0x20, 0x2d, 0x20, 0x74, 0x68, 0x65, 0x72, 0x65, 0x20, 
        0x69, 0x73, 0x20, 0x6e, 0x6f, 0x20, 0x74, 0x61, 0x62, 0x6c, 0x65, 0x0a, 
        0x20, 0x2a, 0x20, 0x62, 0x75, 0x69, 0x6c, 0x74, 0x20, 0x61, 0x74, 0x20, 
        0x73, 0x74, 0x61, 0x72, 0x74, 0x75, 0x70, 0x2c, 0x20, 0x6e, 0x6f, 0x20, 
        0x63, 0x6f, 0x70, 0x79, 0x20, 0x6f, 0x66, 0x20, 0x74, 0x68, 0x65, 0x20, 
        0x65, 0x6e, 0x76, 0x69, 0x72, 0x6f, 0x6e, 0x6d, 0x65, 0x6e, 0x74, 0x20, 
        0x62, 0x6c, 0x6f, 0x63, 0x6b, 0x2c, 0x20, 0x61, 0x6e, 0x64, 0x20, 0x6e, 
        0x6f, 0x74, 0x68, 0x69, 0x6e, 0x67, 0x20, 0x74, 0x6f, 0x20, 0x69, 0x6e, 
        0x76, 0x61, 0x6c, 0x69, 0x64, 0x61, 0x74, 0x65, 0x2e, 0x20, 0x41, 0x20, 
        0x70, 0x72, 0x6f, 0x67, 0x72, 0x61, 0x6d, 0x20, 0x74, 0x68, 0x61, 0x74, 
        0x0a, 0x20, 0x2a, 0x20, 0x6e, 0x65, 0x76, 0x65, 0x72, 0x20, 0x61, 0x73, 
        0x6b, 0x73, 0x20, 0x64, 0x6f, 0x65, 0x73, 0x20, 0x6e, 0x6f, 0x20, 0x77, 
        0x6f, 0x72, 0x6b, 0x20, 0x61, 0x74, 0x20, 0x61, 0x6c, 0x6c, 0x2e, 0x0a, 
        0x20, 0x2a, 0x0a, 0x20, 0x2a, 0x20, 0x2a, 0x2a, 0x45, 0x76, 0x65, 0x72, 
        0x79, 0x20, 0x61, 0x6e, 0x73, 0x77, 0x65, 0x72, 0x20, 0x69, 0x73, 0x20, 
        0x61, 0x20, 0x60, 0x73, 0x74, 0x72, 0x69, 0x6e, 0x67, 0x3a, 0x3a, 0x76, 
        0x69, 0x65, 0x77, 0x60, 0x20, 0x74, 0x68, 0x61, 0x74, 0x20, 0x62, 0x6f, 
        0x72, 0x72, 0x6f, 0x77, 0x73, 0x20, 0x74, 0x68, 0x65, 0x20, 0x65, 0x6e, 
        0x76, 0x69, 0x72, 0x6f, 0x6e, 0x6d, 0x65, 0x6e, 0x74, 0x20, 0x62, 0x6c, 
        0x6f, 0x63, 0x6b, 0x2e, 0x2a, 0x2a, 0x20, 0x54, 0x68, 0x61, 0x74, 0x20, 
        0x69, 0x73, 0x20, 0x77, 0x68, 0x61, 0x74, 0x20, 0x6d, 0x61, 0x6b, 0x65, 
        0x73, 0x20, 0x74, 0x68, 0x65, 0x0a, 0x20, 0x2a, 0x20, 0x61, 0x62, 0x6f, 
        0x76, 0x65, 0x20, 0x74, 0x72, 0x75, 0x65, 0x3a, 0x20, 0x61, 0x20, 0x63, 
        0x6f, 0x70, 0x79, 0x20, 0x77, 0x6f, 0x75, 0x6c, 0x64, 0x20, 0x6e, 0x65, 
        0x65, 0x64, 0x20, 0x61, 0x6e, 0x20, 0x61, 0x6c, 0x6c, 0x6f, 0x63, 0x61, 
        0x74, 0x69, 0x6f, 0x6e, 0x2c, 0x20, 0x61, 0x6e, 0x64, 0x20, 0x74, 0x68, 
        0x65, 0x20, 0x62, 0x79, 0x74, 0x65, 0x73, 0x20, 0x61, 0x6c, 0x72, 0x65, 
        0x61, 0x64, 0x79, 0x20, 0x6c, 0x69, 0x76, 0x65, 0x20, 0x61, 0x73, 0x20, 
        0x6c, 0x6f, 0x6e, 0x67, 0x20, 0x61, 0x73, 0x20, 0x74, 0x68, 0x65, 0x20, 
        0x70, 0x72, 0x6f, 0x63, 0x65, 0x73, 0x73, 0x0a, 0x20, 0x2a, 0x20, 0x64, 
        0x6f, 0x65, 0x73, 0x2e, 0x20, 0x54, 0x68, 0x65, 0x20, 0x6f, 0x6e, 0x65, 
        0x20, 0x74, 0x68, 0x69, 0x6e, 0x67, 0x20, 0x69, 0x74, 0x20, 0x63, 0x6f, 
        0x73, 0x74, 0x73, 0x20, 0x69, 0x73, 0x20, 0x74, 0x68, 0x61, 0x74, 0x20, 
        0x61, 0x20, 0x76, 0x69, 0x65, 0x77, 0x20, 0x69, 0x73, 0x20, 0x73, 0x74, 
        0x61, 0x6c, 0x65, 0x20, 0x61, 0x66, 0x74, 0x65, 0x72, 0x20, 0x61, 0x20, 
        0x60, 0x73, 0x65, 0x74, 0x65, 0x6e, 0x76, 0x60, 0x20, 0x2d, 0x20, 0x77, 
        0x68, 0x69, 0x63, 0x68, 0x20, 0x74, 0x68, 0x69, 0x73, 0x20, 0x6d, 0x6f, 
        0x64, 0x75, 0x6c, 0x65, 0x20, 0x64, 0x6f, 0x65, 0x73, 0x20, 0x6e, 0x6f, 
        0x74, 0x0a, 0x20, 0x2a, 0x20, 0x6f, 0x66, 0x66, 0x65, 0x72, 0x2c, 0x20, 
        0x73, 0x6f, 0x20, 0x74, 0x6f, 0x64, 0x61, 0x79, 0x20, 0x74, 0x68, 0x65, 
        0x20, 0x6f, 0x6e, 0x6c, 0x79, 0x20, 0x77, 0x61, 0x79, 0x20, 0x74, 0x6f, 
        0x20, 0x72, 0x65, 0x61, 0x63, 0x68, 0x20, 0x74, 0x68, 0x61, 0x74, 0x20, 
        0x69, 0x73, 0x20, 0x74, 0x68, 0x72, 0x6f, 0x75, 0x67, 0x68, 0x20, 0x61, 
        0x20, 0x43, 0x20, 0x62, 0x69, 0x6e, 0x64, 0x69, 0x6e, 0x67, 0x20, 0x6f, 
        0x66, 0x20, 0x79, 0x6f, 0x75, 0x72, 0x20, 0x6f, 0x77, 0x6e, 0x2e, 0x20, 
        0x54, 0x61, 0x6b, 0x65, 0x20, 0x61, 0x20, 0x60, 0x63, 0x6c, 0x6f, 0x6e, 
        0x65, 0x28, 0x29, 0x60, 0x0a, 0x20, 0x2a, 0x20, 0x69, 0x66, 0x20, 0x79, 
        0x6f, 0x75, 0x20, 0x61, 0x72, 0x65, 0x20, 0x67, 0x6f, 0x69, 0x6e, 0x67, 
        0x20, 0x74, 0x6f, 0x2e, 0x0a, 0x20, 0x2a, 0x2f, 0x0a, 0x0a, 0x6e, 0x61, 
        0x6d, 0x65, 0x73, 0x70, 0x61, 0x63, 0x65, 0x20, 0x73, 0x74, 0x64, 0x3a, 
        0x3a, 0x65, 0x6e, 0x76, 0x3b, 0x0a, 0x0a, 0x2f, 0x2a, 0x2a, 0x0a, 0x20, 
        0x2a, 0x20, 0x54, 0x72, 0x75, 0x65, 0x20, 0x77, 0x68, 0x65, 0x6e, 0x20, 
        0x60, 0x24, 0x6b, 0x65, 0x79, 0x60, 0x20, 0x69, 0x73, 0x20, 0x73, 0x65, 
        0x74, 0x2c, 0x20, 0x77, 0x68, 0x61, 0x74, 0x65, 0x76, 0x65, 0x72, 0x20, 
        0x69, 0x74, 0x73, 0x20, 0x76, 0x61, 0x6c, 0x75, 0x65, 0x20, 0x2d, 0x20, 
        0x69, 0x6e, 0x63, 0x6c, 0x75, 0x64, 0x69, 0x6e, 0x67, 0x20, 0x65, 0x6d, 
        0x70, 0x74, 0x79, 0x2e, 0x0a, 0x20, 0x2a, 0x0a, 0x20, 0x2a, 0x20, 0x54, 
        0x68, 0x65, 0x20, 0x64, 0x69, 0x73, 0x74, 0x69, 0x6e, 0x63, 0x74, 0x69, 
        0x6f, 0x6e, 0x20, 0x60, 0x76, 0x61, 0x72, 0x60, 0x20, 0x63, 0x61, 0x6e, 
        0x6e, 0x6f, 0x74, 0x20, 0x6d, 0x61, 0x6b, 0x65, 0x20, 0x6f, 0x6e, 0x20, 
        0x69, 0x74, 0x73, 0x20, 0x6f, 0x77, 0x6e, 0x3a, 0x20, 0x61, 0x20, 0x76, 
        0x61, 0x72, 0x69, 0x61, 0x62, 0x6c, 0x65, 0x20, 0x73, 0x65, 0x74, 0x20, 
        0x74, 0x6f, 0x20, 0x74, 0x68, 0x65, 0x20, 0x65, 0x6d, 0x70, 0x74, 0x79, 
        0x20, 0x73, 0x74, 0x72, 0x69, 0x6e, 0x67, 0x20, 0x61, 0x6e, 0x64, 0x20, 
        0x61, 0x20, 0x76, 0x61, 0x72, 0x69, 0x61, 0x62, 0x6c, 0x65, 0x0a, 0x20, 
        0x2a, 0x20, 0x74, 0x68, 0x61, 0x74, 0x20, 0x69, 0x73, 0x20, 0x6e, 0x6f, 
        0x74, 0x20, 0x73, 0x65, 0x74, 0x20, 0x62, 0x6f, 0x74, 0x68, 0x20, 0x72, 
        0x65, 0x61, 0x64, 0x20, 0x61, 0x73, 0x20, 0x22, 0x6e, 0x6f, 0x74, 0x68, 
        0x69, 0x6e, 0x67, 0x20, 0x75, 0x73, 0x65, 0x66, 0x75, 0x6c, 0x20, 0x68, 
        0x65, 0x72, 0x65, 0x22, 0x20, 0x74, 0x68, 0x72, 0x6f, 0x75, 0x67, 0x68, 
        0x20, 0x74, 0x68, 0x65, 0x20, 0x66, 0x61, 0x6c, 0x6c, 0x62, 0x61, 0x63, 
        0x6b, 0x20, 0x6f, 0x76, 0x65, 0x72, 0x6c, 0x6f, 0x61, 0x64, 0x2c, 0x20, 
        0x61, 0x6e, 0x64, 0x20, 0x6f, 0x6e, 0x6c, 0x79, 0x20, 0x74, 0x68, 0x69, 
        0x73, 0x0a, 0x20, 0x2a, 0x20, 0x74, 0x65, 0x6c, 0x6c, 0x73, 0x20, 0x74, 
        0x68, 0x65, 0x6d, 0x20, 0x61, 0x70, 0x61, 0x72, 0x74, 0x2e, 0x0a, 0x20, 
        0x2a, 0x2f, 0x0a, 0x66, 0x75, 0x6e, 0x63, 0x74, 0x69, 0x6f, 0x6e, 0x20, 
        0x68, 0x61, 0x73, 0x28, 0x73, 0x74, 0x72, 0x69, 0x6e, 0x67, 0x3a, 0x3a, 
        0x76, 0x69, 0x65, 0x77, 0x20, 0x24, 0x6b, 0x65, 0x79, 0x29, 0x20, 0x3a, 
        0x20, 0x62, 0x6f, 0x6f, 0x6c, 0x0a, 0x7b, 0x0a, 0x20, 0x20, 0x20, 0x20, 
        0x70, 0x74, 0x72, 0x3c, 0x75, 0x69, 0x6e, 0x74, 0x38, 0x3e, 0x20, 0x24, 
        0x66, 0x6f, 0x75, 0x6e, 0x64, 0x20, 0x3d, 0x20, 0x63, 0x5f, 0x67, 0x65, 
        0x74, 0x65, 0x6e, 0x76, 0x28, 0x24, 0x6b, 0x65, 0x79, 0x2d, 0x3e, 0x63, 
        0x5f, 0x73, 0x74, 0x72, 0x28, 0x29, 0x29, 0x3b, 0x0a, 0x0a, 0x20, 0x20, 
        0x20, 0x20, 0x72, 0x65, 0x74, 0x75, 0x72, 0x6e, 0x20, 0x24, 0x66, 0x6f, 
        0x75, 0x6e, 0x64, 0x3a, 0x24, 0x20, 0x21, 0x3d, 0x20, 0x6e, 0x75, 0x6c, 
        0x6c, 0x3b, 0x0a, 0x7d, 0x0a, 0x0a, 0x2f, 0x2a, 0x2a, 0x0a, 0x20, 0x2a, 
        0x20, 0x54, 0x68, 0x65, 0x20, 0x76, 0x61, 0x6c, 0x75, 0x65, 0x20, 0x6f, 
        0x66, 0x20, 0x60, 0x24, 0x6b, 0x65, 0x79, 0x60, 0x2c, 0x20, 0x6f, 0x72, 
        0x20, 0x6e, 0x75, 0x6c, 0x6c, 0x20, 0x77, 0x68, 0x65, 0x6e, 0x20, 0x69, 
        0x74, 0x20, 0x69, 0x73, 0x20, 0x6e, 0x6f, 0x74, 0x20, 0x73, 0x65, 0x74, 
        0x2e, 0x0a, 0x20, 0x2a, 0x0a, 0x20, 0x2a, 0x20, 0x41, 0x62, 0x73, 0x65, 
        0x6e, 0x63, 0x65, 0x20, 0x69, 0x73, 0x20, 0x69, 0x6e, 0x20, 0x74, 0x68, 
        0x65, 0x20, 0x74, 0x79, 0x70, 0x65, 0x20, 0x72, 0x61, 0x74, 0x68, 0x65, 
        0x72, 0x20, 0x74, 0x68, 0x61, 0x6e, 0x20, 0x66, 0x6f, 0x6c, 0x64, 0x65, 
        0x64, 0x20, 0x69, 0x6e, 0x74, 0x6f, 0x20, 0x61, 0x6e, 0x20, 0x65, 0x6d, 
        0x70, 0x74, 0x79, 0x20, 0x73, 0x74, 0x72, 0x69, 0x6e, 0x67, 0x2c, 0x20, 
        0x73, 0x6f, 0x20, 0x61, 0x20, 0x63, 0x61, 0x6c, 0x6c, 0x65, 0x72, 0x20, 
        0x68, 0x61, 0x73, 0x20, 0x74, 0x6f, 0x20, 0x73, 0x61, 0x79, 0x20, 0x77, 
        0x68, 0x61, 0x74, 0x20, 0x69, 0x74, 0x0a, 0x20, 0x2a, 0x20, 0x6d, 0x65, 
        0x61, 0x6e, 0x73, 0x20, 0x62, 0x79, 0x20, 0x69, 0x74, 0x20, 0x2d, 0x20, 
        0x60, 0x67, 0x75, 0x61, 0x72, 0x64, 0x60, 0x2c, 0x20, 0x60, 0x3f, 0x3f, 
        0x60, 0x20, 0x6f, 0x72, 0x20, 0x60, 0x3f, 0x2d, 0x3e, 0x60, 0x2c, 0x20, 
        0x77, 0x68, 0x69, 0x63, 0x68, 0x65, 0x76, 0x65, 0x72, 0x20, 0x66, 0x69, 
        0x74, 0x73, 0x2e, 0x20, 0x54, 0x68, 0x65, 0x20, 0x74, 0x77, 0x6f, 0x2d, 
        0x61, 0x72, 0x67, 0x75, 0x6d, 0x65, 0x6e, 0x74, 0x20, 0x6f, 0x76, 0x65, 
        0x72, 0x6c, 0x6f, 0x61, 0x64, 0x20, 0x62, 0x65, 0x6c, 0x6f, 0x77, 0x20, 
        0x69, 0x73, 0x20, 0x74, 0x68, 0x65, 0x0a, 0x20, 0x2a, 0x20, 0x73, 0x68, 
        0x6f, 0x72, 0x74, 0x20, 0x73, 0x70, 0x65, 0x6c, 0x6c, 0x69, 0x6e, 0x67, 
        0x20, 0x6f, 0x66, 0x20, 0x74, 0x68, 0x65, 0x20, 0x63, 0x6f, 0x6d, 0x6d, 
        0x6f, 0x6e, 0x20, 0x63, 0x68, 0x6f, 0x69, 0x63, 0x65, 0x2e, 0x0a, 0x20, 
        0x2a, 0x0a, 0x20, 0x2a, 0x20, 0x60, 0x24, 0x6b, 0x65, 0x79, 0x60, 0x20, 
        0x69, 0x73, 0x20, 0x72, 0x65, 0x61, 0x64, 0x20, 0x74, 0x68, 0x72, 0x6f, 
        0x75, 0x67, 0x68, 0x20, 0x60, 0x2d, 0x3e, 0x63, 0x5f, 0x73, 0x74, 0x72, 
        0x28, 0x29, 0x60, 0x2c, 0x20, 0x77, 0x68, 0x69, 0x63, 0x68, 0x20, 0x6e, 
        0x65, 0x65, 0x64, 0x73, 0x20, 0x69, 0x74, 0x20, 0x4e, 0x55, 0x4c, 0x2d, 
        0x74, 0x65, 0x72, 0x6d, 0x69, 0x6e, 0x61, 0x74, 0x65, 0x64, 0x2e, 0x20, 
        0x45, 0x76, 0x65, 0x72, 0x79, 0x20, 0x6c, 0x69, 0x74, 0x65, 0x72, 0x61, 
        0x6c, 0x20, 0x69, 0x73, 0x2c, 0x20, 0x61, 0x6e, 0x64, 0x20, 0x73, 0x6f, 
        0x20, 0x69, 0x73, 0x0a, 0x20, 0x2a, 0x20, 0x65, 0x76, 0x65, 0x72, 0x79, 
        0x20, 0x77, 0x68, 0x6f, 0x6c, 0x65, 0x20, 0x60, 0x73, 0x74, 0x72, 0x69, 
        0x6e, 0x67, 0x60, 0x3b, 0x20, 0x61, 0x20, 0x2a, 0x2a, 0x73, 0x75, 0x62, 
        0x2d, 0x77, 0x69, 0x6e, 0x64, 0x6f, 0x77, 0x2a, 0x2a, 0x20, 0x6f, 0x66, 
        0x20, 0x6f, 0x6e, 0x65, 0x20, 0x69, 0x73, 0x20, 0x6e, 0x6f, 0x74, 0x2c, 
        0x20, 0x61, 0x6e, 0x64, 0x20, 0x61, 0x73, 0x6b, 0x69, 0x6e, 0x67, 0x20, 
        0x77, 0x69, 0x74, 0x68, 0x20, 0x6f, 0x6e, 0x65, 0x20, 0x69, 0x73, 0x20, 
        0x61, 0x20, 0x60, 0x64, 0x69, 0x65, 0x60, 0x2e, 0x20, 0x60, 0x63, 0x6c, 
        0x6f, 0x6e, 0x65, 0x28, 0x29, 0x60, 0x0a, 0x20, 0x2a, 0x20, 0x69, 0x74, 
        0x20, 0x66, 0x69, 0x72, 0x73, 0x74, 0x2e, 0x0a, 0x20, 0x2a, 0x2f, 0x0a, 
        0x66, 0x75, 0x6e, 0x63, 0x74, 0x69, 0x6f, 0x6e, 0x20, 0x76, 0x61, 0x72, 
        0x28, 0x73, 0x74, 0x72, 0x69, 0x6e, 0x67, 0x3a, 0x3a, 0x76, 0x69, 0x65, 
        0x77, 0x20, 0x24, 0x6b, 0x65, 0x79, 0x29, 0x20, 0x3a, 0x20, 0x73, 0x74, 
        0x72, 0x69, 0x6e, 0x67, 0x3a, 0x3a, 0x76, 0x69, 0x65, 0x77, 0x3f, 0x0a, 
        0x7b, 0x0a, 0x20, 0x20, 0x20, 0x20, 0x70, 0x74, 0x72, 0x3c, 0x75, 0x69, 
        0x6e, 0x74, 0x38, 0x3e, 0x20, 0x24, 0x66, 0x6f, 0x75, 0x6e, 0x64, 0x20, 
        0x3d, 0x20, 0x63, 0x5f, 0x67, 0x65, 0x74, 0x65, 0x6e, 0x76, 0x28, 0x24, 
        0x6b, 0x65, 0x79, 0x2d, 0x3e, 0x63, 0x5f, 0x73, 0x74, 0x72, 0x28, 0x29, 
        0x29, 0x3b, 0x0a, 0x0a, 0x20, 0x20, 0x20, 0x20, 0x69, 0x66, 0x20, 0x28, 
        0x24, 0x66, 0x6f, 0x75, 0x6e, 0x64, 0x3a, 0x24, 0x20, 0x3d, 0x3d, 0x20, 
        0x6e, 0x75, 0x6c, 0x6c, 0x29, 0x20, 0x7b, 0x0a, 0x20, 0x20, 0x20, 0x20, 
        0x20, 0x20, 0x20, 0x20, 0x72, 0x65, 0x74, 0x75, 0x72, 0x6e, 0x20, 0x6e, 
        0x75, 0x6c, 0x6c, 0x3b, 0x0a, 0x20, 0x20, 0x20, 0x20, 0x7d, 0x0a, 0x0a, 
        0x20, 0x20, 0x20, 0x20, 0x72, 0x65, 0x74, 0x75, 0x72, 0x6e, 0x20, 0x73, 
        0x74, 0x72, 0x3a, 0x3a, 0x76, 0x69, 0x65, 0x77, 0x5f, 0x6f, 0x66, 0x5f, 
        0x63, 0x5f, 0x73, 0x74, 0x72, 0x28, 0x24, 0x66, 0x6f, 0x75, 0x6e, 0x64, 
        0x29, 0x3b, 0x0a, 0x7d, 0x0a, 0x0a, 0x2f, 0x2a, 0x2a, 0x0a, 0x20, 0x2a, 
        0x20, 0x54, 0x68, 0x65, 0x20, 0x76, 0x61, 0x6c, 0x75, 0x65, 0x20, 0x6f, 
        0x66, 0x20, 0x60, 0x24, 0x6b, 0x65, 0x79, 0x60, 0x2c, 0x20, 0x6f, 0x72, 
        0x20, 0x60, 0x24, 0x66, 0x61, 0x6c, 0x6c, 0x62, 0x61, 0x63, 0x6b, 0x60, 
        0x20, 0x77, 0x68, 0x65, 0x6e, 0x20, 0x69, 0x74, 0x20, 0x69, 0x73, 0x20, 
        0x6e, 0x6f, 0x74, 0x20, 0x73, 0x65, 0x74, 0x2e, 0x0a, 0x20, 0x2a, 0x0a, 
        0x20, 0x2a, 0x20, 0x54, 0x68, 0x65, 0x20, 0x66, 0x61, 0x6c, 0x6c, 0x62, 
        0x61, 0x63, 0x6b, 0x20, 0x69, 0x73, 0x20, 0x61, 0x20, 0x76, 0x69, 0x65, 
        0x77, 0x20, 0x6c, 0x69, 0x6b, 0x65, 0x20, 0x65, 0x76, 0x65, 0x72, 0x79, 
        0x74, 0x68, 0x69, 0x6e, 0x67, 0x20, 0x65, 0x6c, 0x73, 0x65, 0x20, 0x68, 
        0x65, 0x72, 0x65, 0x2c, 0x20, 0x73, 0x6f, 0x20, 0x69, 0x74, 0x20, 0x68, 
        0x61, 0x73, 0x20, 0x74, 0x6f, 0x20, 0x6f, 0x75, 0x74, 0x6c, 0x69, 0x76, 
        0x65, 0x20, 0x74, 0x68, 0x65, 0x20, 0x72, 0x65, 0x73, 0x75, 0x6c, 0x74, 
        0x20, 0x2d, 0x20, 0x61, 0x20, 0x6c, 0x69, 0x74, 0x65, 0x72, 0x61, 0x6c, 
        0x0a, 0x20, 0x2a, 0x20, 0x61, 0x6c, 0x77, 0x61, 0x79, 0x73, 0x20, 0x64, 
        0x6f, 0x65, 0x73, 0x2c, 0x20, 0x61, 0x6e, 0x64, 0x20, 0x73, 0x6f, 0x20, 
        0x64, 0x6f, 0x65, 0x73, 0x20, 0x61, 0x6e, 0x79, 0x74, 0x68, 0x69, 0x6e, 
        0x67, 0x20, 0x68, 0x65, 0x6c, 0x64, 0x20, 0x69, 0x6e, 0x20, 0x61, 0x20, 
        0x76, 0x61, 0x72, 0x69, 0x61, 0x62, 0x6c, 0x65, 0x20, 0x74, 0x68, 0x65, 
        0x20, 0x63, 0x61, 0x6c, 0x6c, 0x65, 0x72, 0x20, 0x73, 0x74, 0x69, 0x6c, 
        0x6c, 0x20, 0x68, 0x61, 0x73, 0x2e, 0x20, 0x49, 0x74, 0x20, 0x69, 0x73, 
        0x20, 0x2a, 0x6e, 0x6f, 0x74, 0x2a, 0x20, 0x73, 0x61, 0x66, 0x65, 0x20, 
        0x74, 0x6f, 0x0a, 0x20, 0x2a, 0x20, 0x70, 0x61, 0x73, 0x73, 0x20, 0x61, 
        0x20, 0x74, 0x65, 0x6d, 0x70, 0x6f, 0x72, 0x61, 0x72, 0x79, 0x20, 0x62, 
        0x75, 0x69, 0x6c, 0x74, 0x20, 0x6f, 0x6e, 0x20, 0x74, 0x68, 0x65, 0x20, 
        0x73, 0x70, 0x6f, 0x74, 0x2e, 0x0a, 0x20, 0x2a, 0x2f, 0x0a, 0x66, 0x75, 
        0x6e, 0x63, 0x74, 0x69, 0x6f, 0x6e, 0x20, 0x76, 0x61, 0x72, 0x28, 0x73, 
        0x74, 0x72, 0x69, 0x6e, 0x67, 0x3a, 0x3a, 0x76, 0x69, 0x65, 0x77, 0x20, 
        0x24, 0x6b, 0x65, 0x79, 0x2c, 0x20, 0x73, 0x74, 0x72, 0x69, 0x6e, 0x67, 
        0x3a, 0x3a, 0x76, 0x69, 0x65, 0x77, 0x20, 0x24, 0x66, 0x61, 0x6c, 0x6c, 
        0x62, 0x61, 0x63, 0x6b, 0x29, 0x20, 0x3a, 0x20, 0x73, 0x74, 0x72, 0x69, 
        0x6e, 0x67, 0x3a, 0x3a, 0x76, 0x69, 0x65, 0x77, 0x0a, 0x7b, 0x0a, 0x20, 
        0x20, 0x20, 0x20, 0x72, 0x65, 0x74, 0x75, 0x72, 0x6e, 0x20, 0x76, 0x61, 
        0x72, 0x28, 0x24, 0x6b, 0x65, 0x79, 0x29, 0x20, 0x3f, 0x3f, 0x20, 0x24, 
        0x66, 0x61, 0x6c, 0x6c, 0x62, 0x61, 0x63, 0x6b, 0x3b, 0x0a, 0x7d, 0x0a, 
        0x0a, 0x2f, 0x2a, 0x2a, 0x0a, 0x20, 0x2a, 0x20, 0x41, 0x20, 0x63, 0x75, 
        0x72, 0x73, 0x6f, 0x72, 0x20, 0x6f, 0x76, 0x65, 0x72, 0x20, 0x74, 0x68, 
        0x65, 0x20, 0x77, 0x68, 0x6f, 0x6c, 0x65, 0x20, 0x65, 0x6e, 0x76, 0x69, 
        0x72, 0x6f, 0x6e, 0x6d, 0x65, 0x6e, 0x74, 0x2c, 0x20, 0x79, 0x69, 0x65, 
        0x6c, 0x64, 0x69, 0x6e, 0x67, 0x20, 0x60, 0x6b, 0x65, 0x79, 0x20, 0x3d, 
        0x3e, 0x20, 0x76, 0x61, 0x6c, 0x75, 0x65, 0x60, 0x2e, 0x0a, 0x20, 0x2a, 
        0x0a, 0x20, 0x2a, 0x20, 0x54, 0x68, 0x65, 0x20, 0x62, 0x6c, 0x6f, 0x63, 
        0x6b, 0x20, 0x69, 0x73, 0x20, 0x61, 0x20, 0x72, 0x75, 0x6e, 0x20, 0x6f, 
        0x66, 0x20, 0x60, 0x4b, 0x45, 0x59, 0x3d, 0x56, 0x41, 0x4c, 0x55, 0x45, 
        0x60, 0x20, 0x73, 0x74, 0x72, 0x69, 0x6e, 0x67, 0x73, 0x20, 0x65, 0x6e, 
        0x64, 0x69, 0x6e, 0x67, 0x20, 0x69, 0x6e, 0x20, 0x61, 0x20, 0x6e, 0x75, 
        0x6c, 0x6c, 0x20, 0x70, 0x6f, 0x69, 0x6e, 0x74, 0x65, 0x72, 0x2c, 0x20, 
        0x73, 0x6f, 0x20, 0x75, 0x6e, 0x6c, 0x69, 0x6b, 0x65, 0x20, 0x60, 0x61, 
        0x72, 0x67, 0x5f, 0x69, 0x74, 0x65, 0x72, 0x61, 0x74, 0x6f, 0x72, 0x60, 
        0x20, 0x74, 0x68, 0x65, 0x72, 0x65, 0x0a, 0x20, 0x2a, 0x20, 0x69, 0x73, 
        0x20, 0x6e, 0x6f, 0x20, 0x63, 0x6f, 0x75, 0x6e, 0x74, 0x20, 0x74, 0x6f, 
        0x20, 0x63, 0x6f, 0x6d, 0x70, 0x61, 0x72, 0x65, 0x20, 0x61, 0x67, 0x61, 
        0x69, 0x6e, 0x73, 0x74, 0x20, 0x2d, 0x20, 0x74, 0x68, 0x65, 0x20, 0x74, 
        0x65, 0x72, 0x6d, 0x69, 0x6e, 0x61, 0x74, 0x6f, 0x72, 0x20, 0x2a, 0x69, 
        0x73, 0x2a, 0x20, 0x74, 0x68, 0x65, 0x20, 0x65, 0x6e, 0x64, 0x2c, 0x20, 
        0x61, 0x6e, 0x64, 0x20, 0x60, 0x61, 0x64, 0x76, 0x61, 0x6e, 0x63, 0x65, 
        0x28, 0x29, 0x60, 0x20, 0x74, 0x65, 0x73, 0x74, 0x69, 0x6e, 0x67, 0x20, 
        0x69, 0x74, 0x20, 0x69, 0x73, 0x20, 0x74, 0x68, 0x65, 0x20, 0x77, 0x68, 
        0x6f, 0x6c, 0x65, 0x0a, 0x20, 0x2a, 0x20, 0x6f, 0x66, 0x20, 0x74, 0x68, 
        0x65, 0x20, 0x62, 0x6f, 0x75, 0x6e, 0x64, 0x2e, 0x0a, 0x20, 0x2a, 0x0a, 
        0x20, 0x2a, 0x20, 0x42, 0x6f, 0x74, 0x68, 0x20, 0x68, 0x61, 0x6c, 0x76, 
        0x65, 0x73, 0x20, 0x61, 0x72, 0x65, 0x20, 0x2a, 0x2a, 0x73, 0x74, 0x6f, 
        0x72, 0x65, 0x64, 0x2a, 0x2a, 0x2c, 0x20, 0x66, 0x6f, 0x72, 0x20, 0x60, 
        0x61, 0x72, 0x67, 0x5f, 0x69, 0x74, 0x65, 0x72, 0x61, 0x74, 0x6f, 0x72, 
        0x60, 0x27, 0x73, 0x20, 0x72, 0x65, 0x61, 0x73, 0x6f, 0x6e, 0x3a, 0x20, 
        0x60, 0x63, 0x75, 0x72, 0x72, 0x65, 0x6e, 0x74, 0x28, 0x29, 0x60, 0x20, 
        0x6f, 0x77, 0x65, 0x73, 0x20, 0x61, 0x20, 0x62, 0x6f, 0x72, 0x72, 0x6f, 
        0x77, 0x2c, 0x20, 0x73, 0x6f, 0x20, 0x74, 0x68, 0x65, 0x72, 0x65, 0x20, 
        0x68, 0x61, 0x73, 0x20, 0x74, 0x6f, 0x0a, 0x20, 0x2a, 0x20, 0x62, 0x65, 
        0x20, 0x73, 0x6f, 0x6d, 0x65, 0x74, 0x68, 0x69, 0x6e, 0x67, 0x20, 0x66, 
        0x6f, 0x72, 0x20, 0x69, 0x74, 0x20, 0x74, 0x6f, 0x20, 0x6e, 0x61, 0x6d, 
        0x65, 0x2e, 0x20, 0x60, 0x61, 0x64, 0x76, 0x61, 0x6e, 0x63, 0x65, 0x28, 
        0x29, 0x60, 0x20, 0x6f, 0x76, 0x65, 0x72, 0x77, 0x72, 0x69, 0x74, 0x65, 
        0x73, 0x20, 0x62, 0x6f, 0x74, 0x68, 0x2c, 0x20, 0x73, 0x6f, 0x20, 0x6e, 
        0x65, 0x69, 0x74, 0x68, 0x65, 0x72, 0x20, 0x73, 0x75, 0x72, 0x76, 0x69, 
        0x76, 0x65, 0x73, 0x20, 0x74, 0x68, 0x65, 0x20, 0x6e, 0x65, 0x78, 0x74, 
        0x20, 0x73, 0x74, 0x65, 0x70, 0x2e, 0x0a, 0x20, 0x2a, 0x0a, 0x20, 0x2a, 
        0x20, 0x45, 0x6e, 0x74, 0x72, 0x69, 0x65, 0x73, 0x20, 0x61, 0x72, 0x65, 
        0x20, 0x68, 0x61, 0x6e, 0x64, 0x65, 0x64, 0x20, 0x6f, 0x75, 0x74, 0x20, 
        0x69, 0x6e, 0x20, 0x74, 0x68, 0x65, 0x20, 0x6f, 0x72, 0x64, 0x65, 0x72, 
        0x20, 0x74, 0x68, 0x65, 0x20, 0x70, 0x6c, 0x61, 0x74, 0x66, 0x6f, 0x72, 
        0x6d, 0x20, 0x6c, 0x61, 0x69, 0x64, 0x20, 0x74, 0x68, 0x65, 0x6d, 0x20, 
        0x64, 0x6f, 0x77, 0x6e, 0x2c, 0x20, 0x77, 0x68, 0x69, 0x63, 0x68, 0x20, 
        0x69, 0x73, 0x20, 0x6e, 0x6f, 0x74, 0x20, 0x73, 0x6f, 0x72, 0x74, 0x65, 
        0x64, 0x20, 0x61, 0x6e, 0x64, 0x20, 0x6e, 0x6f, 0x74, 0x0a, 0x20, 0x2a, 
        0x20, 0x64, 0x65, 0x64, 0x75, 0x70, 0x6c, 0x69, 0x63, 0x61, 0x74, 0x65, 
        0x64, 0x2e, 0x20, 0x41, 0x20, 0x60, 0x4b, 0x45, 0x59, 0x60, 0x20, 0x61, 
        0x70, 0x70, 0x65, 0x61, 0x72, 0x69, 0x6e, 0x67, 0x20, 0x74, 0x77, 0x69, 
        0x63, 0x65, 0x20, 0x69, 0x73, 0x20, 0x79, 0x69, 0x65, 0x6c, 0x64, 0x65, 
        0x64, 0x20, 0x74, 0x77, 0x69, 0x63, 0x65, 0x2c, 0x20, 0x61, 0x6e, 0x64, 
        0x20, 0x60, 0x76, 0x61, 0x72, 0x60, 0x20, 0x77, 0x6f, 0x75, 0x6c, 0x64, 
        0x20, 0x61, 0x6e, 0x73, 0x77, 0x65, 0x72, 0x20, 0x77, 0x69, 0x74, 0x68, 
        0x20, 0x74, 0x68, 0x65, 0x20, 0x66, 0x69, 0x72, 0x73, 0x74, 0x2e, 0x0a, 
        0x20, 0x2a, 0x2f, 0x0a, 0x73, 0x74, 0x72, 0x75, 0x63, 0x74, 0x20, 0x76, 
        0x61, 0x72, 0x5f, 0x69, 0x74, 0x65, 0x72, 0x61, 0x74, 0x6f, 0x72, 0x20, 
        0x3a, 0x20, 0x63, 0x6f, 0x6e, 0x74, 0x72, 0x61, 0x63, 0x74, 0x3a, 0x3a, 
        0x69, 0x74, 0x65, 0x72, 0x61, 0x74, 0x6f, 0x72, 0x3c, 0x73, 0x74, 0x72, 
        0x69, 0x6e, 0x67, 0x3a, 0x3a, 0x76, 0x69, 0x65, 0x77, 0x3e, 0x2c, 0x20, 
        0x63, 0x6f, 0x6e, 0x74, 0x72, 0x61, 0x63, 0x74, 0x3a, 0x3a, 0x6b, 0x65, 
        0x79, 0x65, 0x64, 0x3c, 0x73, 0x74, 0x72, 0x69, 0x6e, 0x67, 0x3a, 0x3a, 
        0x76, 0x69, 0x65, 0x77, 0x3e, 0x0a, 0x7b, 0x0a, 0x20, 0x20, 0x20, 0x20, 
        0x70, 0x74, 0x72, 0x3c, 0x70, 0x74, 0x72, 0x3c, 0x75, 0x69, 0x6e, 0x74, 
        0x38, 0x3e, 0x3e, 0x20, 0x24, 0x62, 0x6c, 0x6f, 0x63, 0x6b, 0x3b, 0x0a, 
        0x20, 0x20, 0x20, 0x20, 0x75, 0x73, 0x69, 0x7a, 0x65, 0x20, 0x24, 0x70, 
        0x6f, 0x73, 0x3b, 0x0a, 0x0a, 0x20, 0x20, 0x20, 0x20, 0x73, 0x74, 0x72, 
        0x69, 0x6e, 0x67, 0x3a, 0x3a, 0x76, 0x69, 0x65, 0x77, 0x20, 0x24, 0x6b, 
        0x65, 0x79, 0x3b, 0x0a, 0x20, 0x20, 0x20, 0x20, 0x73, 0x74, 0x72, 0x69, 
        0x6e, 0x67, 0x3a, 0x3a, 0x76, 0x69, 0x65, 0x77, 0x20, 0x24, 0x76, 0x61, 
        0x6c, 0x75, 0x65, 0x3b, 0x0a, 0x0a, 0x20, 0x20, 0x20, 0x20, 0x63, 0x6f, 
        0x6e, 0x73, 0x74, 0x72, 0x75, 0x63, 0x74, 0x6f, 0x72, 0x28, 0x29, 0x0a, 
        0x20, 0x20, 0x20, 0x20, 0x7b, 0x0a, 0x20, 0x20, 0x20, 0x20, 0x20, 0x20, 
        0x20, 0x20, 0x2f, 0x2f, 0x20, 0x72, 0x65, 0x2d, 0x73, 0x65, 0x61, 0x74, 
        0x65, 0x64, 0x20, 0x74, 0x68, 0x72, 0x6f, 0x75, 0x67, 0x68, 0x20, 0x60, 
        0x3a, 0x24, 0x60, 0x20, 0x2d, 0x20, 0x61, 0x20, 0x70, 0x6c, 0x61, 0x69, 
        0x6e, 0x20, 0x60, 0x3d, 0x60, 0x20, 0x6f, 0x6e, 0x20, 0x61, 0x20, 0x70, 
        0x6f, 0x69, 0x6e, 0x74, 0x65, 0x72, 0x20, 0x70, 0x72, 0x6f, 0x70, 0x65, 
        0x72, 0x74, 0x79, 0x20, 0x77, 0x72, 0x69, 0x74, 0x65, 0x73, 0x20, 0x74, 
        0x68, 0x72, 0x6f, 0x75, 0x67, 0x68, 0x20, 0x69, 0x74, 0x2c, 0x20, 0x6e, 
        0x6f, 0x74, 0x20, 0x74, 0x6f, 0x20, 0x69, 0x74, 0x0a, 0x20, 0x20, 0x20, 
        0x20, 0x20, 0x20, 0x20, 0x20, 0x24, 0x74, 0x68, 0x69, 0x73, 0x2d, 0x3e, 
        0x62, 0x6c, 0x6f, 0x63, 0x6b, 0x3a, 0x24, 0x20, 0x3d, 0x20, 0x72, 0x61, 
        0x77, 0x5f, 0x65, 0x6e, 0x76, 0x70, 0x28, 0x29, 0x3b, 0x0a, 0x20, 0x20, 
        0x20, 0x20, 0x20, 0x20, 0x20, 0x20, 0x24, 0x74, 0x68, 0x69, 0x73, 0x2d, 
        0x3e, 0x70, 0x6f, 0x73, 0x20, 0x3d, 0x20, 0x30, 0x3b, 0x0a, 0x20, 0x20, 
        0x20, 0x20, 0x20, 0x20, 0x20, 0x20, 0x24, 0x74, 0x68, 0x69, 0x73, 0x2d, 
        0x3e, 0x6b, 0x65, 0x79, 0x20, 0x3d, 0x20, 0x73, 0x74, 0x72, 0x69, 0x6e, 
        0x67, 0x3a, 0x3a, 0x76, 0x69, 0x65, 0x77, 0x28, 0x6e, 0x75, 0x6c, 0x6c, 
        0x2c, 0x20, 0x30, 0x29, 0x3b, 0x0a, 0x20, 0x20, 0x20, 0x20, 0x20, 0x20, 
        0x20, 0x20, 0x24, 0x74, 0x68, 0x69, 0x73, 0x2d, 0x3e, 0x76, 0x61, 0x6c, 
        0x75, 0x65, 0x20, 0x3d, 0x20, 0x73, 0x74, 0x72, 0x69, 0x6e, 0x67, 0x3a, 
        0x3a, 0x76, 0x69, 0x65, 0x77, 0x28, 0x6e, 0x75, 0x6c, 0x6c, 0x2c, 0x20, 
        0x30, 0x29, 0x3b, 0x0a, 0x20, 0x20, 0x20, 0x20, 0x7d, 0x0a, 0x0a, 0x20, 
        0x20, 0x20, 0x20, 0x66, 0x75, 0x6e, 0x63, 0x74, 0x69, 0x6f, 0x6e, 0x20, 
        0x61, 0x64, 0x76, 0x61, 0x6e, 0x63, 0x65, 0x28, 0x29, 0x20, 0x3a, 0x20, 
        0x62, 0x6f, 0x6f, 0x6c, 0x0a, 0x20, 0x20, 0x20, 0x20, 0x7b, 0x0a, 0x20, 
        0x20, 0x20, 0x20, 0x20, 0x20, 0x20, 0x20, 0x2f, 0x2f, 0x20, 0x61, 0x62, 
        0x73, 0x65, 0x6e, 0x74, 0x20, 0x6f, 0x6e, 0x20, 0x61, 0x20, 0x70, 0x6c, 
        0x61, 0x74, 0x66, 0x6f, 0x72, 0x6d, 0x20, 0x74, 0x68, 0x61, 0x74, 0x20, 
        0x64, 0x6f, 0x65, 0x73, 0x20, 0x6e, 0x6f, 0x74, 0x20, 0x68, 0x61, 0x6e, 
        0x64, 0x20, 0x60, 0x6d, 0x61, 0x69, 0x6e, 0x60, 0x20, 0x61, 0x6e, 0x20, 
        0x65, 0x6e, 0x76, 0x69, 0x72, 0x6f, 0x6e, 0x6d, 0x65, 0x6e, 0x74, 0x2c, 
        0x20, 0x77, 0x68, 0x69, 0x63, 0x68, 0x20, 0x69, 0x73, 0x20, 0x6e, 0x6f, 
        0x74, 0x20, 0x61, 0x20, 0x74, 0x68, 0x69, 0x6e, 0x67, 0x20, 0x65, 0x69, 
        0x74, 0x68, 0x65, 0x72, 0x0a, 0x20, 0x20, 0x20, 0x20, 0x20, 0x20, 0x20, 
        0x20, 0x2f, 0x2f, 0x20, 0x6f, 0x66, 0x20, 0x74, 0x68, 0x65, 0x20, 0x74, 
        0x77, 0x6f, 0x20, 0x73, 0x75, 0x70, 0x70, 0x6f, 0x72, 0x74, 0x65, 0x64, 
        0x20, 0x6f, 0x6e, 0x65, 0x73, 0x20, 0x64, 0x6f, 0x65, 0x73, 0x20, 0x2d, 
        0x20, 0x62, 0x75, 0x74, 0x20, 0x61, 0x20, 0x6e, 0x75, 0x6c, 0x6c, 0x20, 
        0x62, 0x6c, 0x6f, 0x63, 0x6b, 0x20, 0x69, 0x73, 0x20, 0x61, 0x20, 0x6c, 
        0x65, 0x67, 0x61, 0x6c, 0x20, 0x61, 0x6e, 0x73, 0x77, 0x65, 0x72, 0x20, 
        0x61, 0x6e, 0x64, 0x20, 0x69, 0x74, 0x65, 0x72, 0x61, 0x74, 0x69, 0x6e, 
        0x67, 0x20, 0x69, 0x74, 0x20, 0x68, 0x61, 0x73, 0x20, 0x74, 0x6f, 0x0a, 
        0x20, 0x20, 0x20, 0x20, 0x20, 0x20, 0x20, 0x20, 0x2f, 0x2f, 0x20, 0x6d, 
        0x65, 0x61, 0x6e, 0x20, 0x22, 0x6e, 0x6f, 0x74, 0x68, 0x69, 0x6e, 0x67, 
        0x22, 0x2c, 0x20, 0x6e, 0x6f, 0x74, 0x20, 0x61, 0x20, 0x63, 0x72, 0x61, 
        0x73, 0x68, 0x0a, 0x20, 0x20, 0x20, 0x20, 0x20, 0x20, 0x20, 0x20, 0x69, 
        0x66, 0x20, 0x28, 0x24, 0x74, 0x68, 0x69, 0x73, 0x2d, 0x3e, 0x62, 0x6c, 
        0x6f, 0x63, 0x6b, 0x3a, 0x24, 0x20, 0x3d, 0x3d, 0x20, 0x6e, 0x75, 0x6c, 
        0x6c, 0x29, 0x20, 0x7b, 0x0a, 0x20, 0x20, 0x20, 0x20, 0x20, 0x20, 0x20, 
        0x20, 0x20, 0x20, 0x20, 0x20, 0x72, 0x65, 0x74, 0x75, 0x72, 0x6e, 0x20, 
        0x66, 0x61, 0x6c, 0x73, 0x65, 0x3b, 0x0a, 0x20, 0x20, 0x20, 0x20, 0x20, 
        0x20, 0x20, 0x20, 0x7d, 0x0a, 0x0a, 0x20, 0x20, 0x20, 0x20, 0x20, 0x20, 
        0x20, 0x20, 0x70, 0x74, 0x72, 0x3c, 0x75, 0x69, 0x6e, 0x74, 0x38, 0x3e, 
        0x20, 0x24, 0x65, 0x6e, 0x74, 0x72, 0x79, 0x20, 0x3d, 0x20, 0x24, 0x74, 
        0x68, 0x69, 0x73, 0x2d, 0x3e, 0x62, 0x6c, 0x6f, 0x63, 0x6b, 0x3a, 0x24, 
        0x5b, 0x24, 0x74, 0x68, 0x69, 0x73, 0x2d, 0x3e, 0x70, 0x6f, 0x73, 0x5d, 
        0x3b, 0x0a, 0x0a, 0x20, 0x20, 0x20, 0x20, 0x20, 0x20, 0x20, 0x20, 0x69, 
        0x66, 0x20, 0x28, 0x24, 0x65, 0x6e, 0x74, 0x72, 0x79, 0x3a, 0x24, 0x20, 
        0x3d, 0x3d, 0x20, 0x6e, 0x75, 0x6c, 0x6c, 0x29, 0x20, 0x7b, 0x0a, 0x20, 
        0x20, 0x20, 0x20, 0x20, 0x20, 0x20, 0x20, 0x20, 0x20, 0x20, 0x20, 0x72, 
        0x65, 0x74, 0x75, 0x72, 0x6e, 0x20, 0x66, 0x61, 0x6c, 0x73, 0x65, 0x3b, 
        0x0a, 0x20, 0x20, 0x20, 0x20, 0x20, 0x20, 0x20, 0x20, 0x7d, 0x0a, 0x0a, 
        0x20, 0x20, 0x20, 0x20, 0x20, 0x20, 0x20, 0x20, 0x73, 0x74, 0x72, 0x69, 
        0x6e, 0x67, 0x3a, 0x3a, 0x76, 0x69, 0x65, 0x77, 0x20, 0x24, 0x77, 0x68, 
        0x6f, 0x6c, 0x65, 0x20, 0x3d, 0x20, 0x73, 0x74, 0x72, 0x3a, 0x3a, 0x76, 
        0x69, 0x65, 0x77, 0x5f, 0x6f, 0x66, 0x5f, 0x63, 0x5f, 0x73, 0x74, 0x72, 
        0x28, 0x24, 0x65, 0x6e, 0x74, 0x72, 0x79, 0x29, 0x3b, 0x0a, 0x20, 0x20, 
        0x20, 0x20, 0x20, 0x20, 0x20, 0x20, 0x75, 0x73, 0x69, 0x7a, 0x65, 0x20, 
        0x24, 0x73, 0x70, 0x6c, 0x69, 0x74, 0x20, 0x3d, 0x20, 0x24, 0x77, 0x68, 
        0x6f, 0x6c, 0x65, 0x2d, 0x3e, 0x69, 0x6e, 0x64, 0x65, 0x78, 0x5f, 0x6f, 
        0x66, 0x28, 0x27, 0x3d, 0x27, 0x29, 0x3b, 0x0a, 0x0a, 0x20, 0x20, 0x20, 
        0x20, 0x20, 0x20, 0x20, 0x20, 0x2f, 0x2f, 0x20, 0x60, 0x69, 0x6e, 0x64, 
        0x65, 0x78, 0x5f, 0x6f, 0x66, 0x60, 0x20, 0x61, 0x6e, 0x73, 0x77, 0x65, 
        0x72, 0x73, 0x20, 0x74, 0x68, 0x65, 0x20, 0x73, 0x69, 0x7a, 0x65, 0x20, 
        0x77, 0x68, 0x65, 0x6e, 0x20, 0x74, 0x68, 0x65, 0x72, 0x65, 0x20, 0x69, 
        0x73, 0x20, 0x6e, 0x6f, 0x20, 0x6d, 0x61, 0x74, 0x63, 0x68, 0x2c, 0x20, 
        0x61, 0x6e, 0x64, 0x20, 0x74, 0x68, 0x65, 0x6e, 0x20, 0x74, 0x68, 0x65, 
        0x20, 0x6b, 0x65, 0x79, 0x20, 0x69, 0x73, 0x20, 0x74, 0x68, 0x65, 0x20, 
        0x77, 0x68, 0x6f, 0x6c, 0x65, 0x20, 0x65, 0x6e, 0x74, 0x72, 0x79, 0x20, 
        0x61, 0x6e, 0x64, 0x20, 0x74, 0x68, 0x65, 0x0a, 0x20, 0x20, 0x20, 0x20, 
        0x20, 0x20, 0x20, 0x20, 0x2f, 0x2f, 0x20, 0x76, 0x61, 0x6c, 0x75, 0x65, 
        0x20, 0x69, 0x73, 0x20, 0x65, 0x6d, 0x70, 0x74, 0x79, 0x20, 0x2d, 0x20, 
        0x77, 0x68, 0x69, 0x63, 0x68, 0x20, 0x69, 0x73, 0x20, 0x74, 0x68, 0x65, 
        0x20, 0x68, 0x6f, 0x6e, 0x65, 0x73, 0x74, 0x20, 0x72, 0x65, 0x61, 0x64, 
        0x69, 0x6e, 0x67, 0x20, 0x6f, 0x66, 0x20, 0x61, 0x6e, 0x20, 0x65, 0x6e, 
        0x74, 0x72, 0x79, 0x20, 0x77, 0x69, 0x74, 0x68, 0x20, 0x6e, 0x6f, 0x20, 
        0x60, 0x3d, 0x60, 0x20, 0x69, 0x6e, 0x20, 0x69, 0x74, 0x0a, 0x20, 0x20, 
        0x20, 0x20, 0x20, 0x20, 0x20, 0x20, 0x24, 0x74, 0x68, 0x69, 0x73, 0x2d, 
        0x3e, 0x6b, 0x65, 0x79, 0x20, 0x3d, 0x20, 0x24, 0x77, 0x68, 0x6f, 0x6c, 
        0x65, 0x2d, 0x3e, 0x73, 0x75, 0x62, 0x28, 0x30, 0x2c, 0x20, 0x24, 0x73, 
        0x70, 0x6c, 0x69, 0x74, 0x29, 0x3b, 0x0a, 0x0a, 0x20, 0x20, 0x20, 0x20, 
        0x20, 0x20, 0x20, 0x20, 0x2f, 0x2f, 0x20, 0x70, 0x61, 0x73, 0x74, 0x20, 
        0x74, 0x68, 0x65, 0x20, 0x60, 0x3d, 0x60, 0x20, 0x69, 0x74, 0x73, 0x65, 
        0x6c, 0x66, 0x2c, 0x20, 0x6f, 0x6e, 0x20, 0x74, 0x68, 0x65, 0x20, 0x70, 
        0x61, 0x74, 0x68, 0x73, 0x20, 0x77, 0x68, 0x65, 0x72, 0x65, 0x20, 0x74, 
        0x68, 0x65, 0x72, 0x65, 0x20, 0x77, 0x61, 0x73, 0x20, 0x6f, 0x6e, 0x65, 
        0x0a, 0x20, 0x20, 0x20, 0x20, 0x20, 0x20, 0x20, 0x20, 0x75, 0x73, 0x69, 
        0x7a, 0x65, 0x20, 0x24, 0x73, 0x74, 0x61, 0x72, 0x74, 0x20, 0x3d, 0x20, 
        0x24, 0x77, 0x68, 0x6f, 0x6c, 0x65, 0x2d, 0x3e, 0x73, 0x69, 0x7a, 0x65, 
        0x3b, 0x0a, 0x0a, 0x20, 0x20, 0x20, 0x20, 0x20, 0x20, 0x20, 0x20, 0x69, 
        0x66, 0x20, 0x28, 0x24, 0x73, 0x70, 0x6c, 0x69, 0x74, 0x20, 0x3c, 0x20, 
        0x24, 0x77, 0x68, 0x6f, 0x6c, 0x65, 0x2d, 0x3e, 0x73, 0x69, 0x7a, 0x65, 
        0x29, 0x20, 0x7b, 0x0a, 0x20, 0x20, 0x20, 0x20, 0x20, 0x20, 0x20, 0x20, 
        0x20, 0x20, 0x20, 0x20, 0x24, 0x73, 0x74, 0x61, 0x72, 0x74, 0x20, 0x3d, 
        0x20, 0x24, 0x73, 0x70, 0x6c, 0x69, 0x74, 0x20, 0x2b, 0x20, 0x31, 0x3b, 
        0x0a, 0x20, 0x20, 0x20, 0x20, 0x20, 0x20, 0x20, 0x20, 0x7d, 0x0a, 0x0a, 
        0x20, 0x20, 0x20, 0x20, 0x20, 0x20, 0x20, 0x20, 0x24, 0x74, 0x68, 0x69, 
        0x73, 0x2d, 0x3e, 0x76, 0x61, 0x6c, 0x75, 0x65, 0x20, 0x3d, 0x20, 0x24, 
        0x77, 0x68, 0x6f, 0x6c, 0x65, 0x2d, 0x3e, 0x73, 0x75, 0x62, 0x28, 0x24, 
        0x73, 0x74, 0x61, 0x72, 0x74, 0x2c, 0x20, 0x24, 0x77, 0x68, 0x6f, 0x6c, 
        0x65, 0x2d, 0x3e, 0x73, 0x69, 0x7a, 0x65, 0x20, 0x2d, 0x20, 0x24, 0x73, 
        0x74, 0x61, 0x72, 0x74, 0x29, 0x3b, 0x0a, 0x0a, 0x20, 0x20, 0x20, 0x20, 
        0x20, 0x20, 0x20, 0x20, 0x24, 0x74, 0x68, 0x69, 0x73, 0x2d, 0x3e, 0x70, 
        0x6f, 0x73, 0x20, 0x3d, 0x20, 0x24, 0x74, 0x68, 0x69, 0x73, 0x2d, 0x3e, 
        0x70, 0x6f, 0x73, 0x20, 0x2b, 0x20, 0x31, 0x3b, 0x0a, 0x0a, 0x20, 0x20, 
        0x20, 0x20, 0x20, 0x20, 0x20, 0x20, 0x72, 0x65, 0x74, 0x75, 0x72, 0x6e, 
        0x20, 0x74, 0x72, 0x75, 0x65, 0x3b, 0x0a, 0x20, 0x20, 0x20, 0x20, 0x7d, 
        0x0a, 0x0a, 0x20, 0x20, 0x20, 0x20, 0x66, 0x75, 0x6e, 0x63, 0x74, 0x69, 
        0x6f, 0x6e, 0x20, 0x63, 0x75, 0x72, 0x72, 0x65, 0x6e, 0x74, 0x28, 0x29, 
        0x20, 0x3a, 0x20, 0x73, 0x74, 0x72, 0x69, 0x6e, 0x67, 0x3a, 0x3a, 0x76, 
        0x69, 0x65, 0x77, 0x26, 0x0a, 0x20, 0x20, 0x20, 0x20, 0x7b, 0x0a, 0x20, 
        0x20, 0x20, 0x20, 0x20, 0x20, 0x20, 0x20, 0x72, 0x65, 0x74, 0x75, 0x72, 
        0x6e, 0x20, 0x26, 0x24, 0x74, 0x68, 0x69, 0x73, 0x2d, 0x3e, 0x76, 0x61, 
        0x6c, 0x75, 0x65, 0x3b, 0x0a, 0x20, 0x20, 0x20, 0x20, 0x7d, 0x0a, 0x0a, 
        0x20, 0x20, 0x20, 0x20, 0x66, 0x75, 0x6e, 0x63, 0x74, 0x69, 0x6f, 0x6e, 
        0x20, 0x6b, 0x65, 0x79, 0x28, 0x29, 0x20, 0x3a, 0x20, 0x73, 0x74, 0x72, 
        0x69, 0x6e, 0x67, 0x3a, 0x3a, 0x76, 0x69, 0x65, 0x77, 0x0a, 0x20, 0x20, 
        0x20, 0x20, 0x7b, 0x0a, 0x20, 0x20, 0x20, 0x20, 0x20, 0x20, 0x20, 0x20, 
        0x72, 0x65, 0x74, 0x75, 0x72, 0x6e, 0x20, 0x24, 0x74, 0x68, 0x69, 0x73, 
        0x2d, 0x3e, 0x6b, 0x65, 0x79, 0x3b, 0x0a, 0x20, 0x20, 0x20, 0x20, 0x7d, 
        0x0a, 0x7d, 0x0a, 0x0a, 0x2f, 0x2a, 0x2a, 0x0a, 0x20, 0x2a, 0x20, 0x41, 
        0x20, 0x63, 0x75, 0x72, 0x73, 0x6f, 0x72, 0x20, 0x6f, 0x76, 0x65, 0x72, 
        0x20, 0x65, 0x76, 0x65, 0x72, 0x79, 0x20, 0x65, 0x6e, 0x76, 0x69, 0x72, 
        0x6f, 0x6e, 0x6d, 0x65, 0x6e, 0x74, 0x20, 0x76, 0x61, 0x72, 0x69, 0x61, 
        0x62, 0x6c, 0x65, 0x2c, 0x20, 0x66, 0x6f, 0x72, 0x20, 0x60, 0x66, 0x6f, 
        0x72, 0x65, 0x61, 0x63, 0x68, 0x60, 0x2e, 0x20, 0x41, 0x6c, 0x6c, 0x6f, 
        0x63, 0x61, 0x74, 0x65, 0x73, 0x20, 0x6e, 0x6f, 0x74, 0x68, 0x69, 0x6e, 
        0x67, 0x2e, 0x0a, 0x20, 0x2a, 0x2f, 0x0a, 0x23, 0x5b, 0x69, 0x6e, 0x6c, 
        0x69, 0x6e, 0x65, 0x5d, 0x0a, 0x66, 0x75, 0x6e, 0x63, 0x74, 0x69, 0x6f, 
        0x6e, 0x20, 0x76, 0x61, 0x72, 0x73, 0x28, 0x29, 0x20, 0x3a, 0x20, 0x76, 
        0x61, 0x72, 0x5f, 0x69, 0x74, 0x65, 0x72, 0x61, 0x74, 0x6f, 0x72, 0x0a, 
        0x7b, 0x0a, 0x20, 0x20, 0x20, 0x20, 0x72, 0x65, 0x74, 0x75, 0x72, 0x6e, 
        0x20, 0x76, 0x61, 0x72, 0x5f, 0x69, 0x74, 0x65, 0x72, 0x61, 0x74, 0x6f, 
        0x72, 0x28, 0x29, 0x3b, 0x0a, 0x7d, 0x0a, 
    };
    file_13.set_content(reinterpret_cast<const char*>(file_13_data), sizeof(file_13_data));
    auto &file_14 = module.add_file("stdlib:/std/math/functions.eco");
    static const unsigned char file_14_data[] = {
        0x6e, 0x61, 0x6d, 0x65, 0x73, 0x70, 0x61, 0x63, 0x65, 0x20, 0x73, 0x74, 
        0x64, 0x3a, 0x3a, 0x6d, 0x61, 0x74, 0x68, 0x3b, 0x0a, 0x0a, 0x2f, 0x2a, 
        0x2a, 0x0a, 0x20, 0x2a, 0x20, 0x52, 0x65, 0x74, 0x75, 0x72, 0x6e, 0x73, 
        0x20, 0x74, 0x68, 0x65, 0x20, 0x61, 0x62, 0x73, 0x6f, 0x6c, 0x75, 0x74, 
        0x65, 0x20, 0x76, 0x61, 0x6c, 0x75, 0x65, 0x20, 0x6f, 0x66, 0x20, 0x61, 
        0x20, 0x6e, 0x75, 0x6d, 0x62, 0x65, 0x72, 0x2e, 0x0a, 0x20, 0x2a, 0x0a, 
        0x20, 0x2a, 0x20, 0x40, 0x70, 0x61, 0x72, 0x61, 0x6d, 0x20, 0x24, 0x76, 
        0x61, 0x6c, 0x75, 0x65, 0x20, 0x54, 0x68, 0x65, 0x20, 0x76, 0x61, 0x6c, 
        0x75, 0x65, 0x20, 0x74, 0x6f, 0x20, 0x74, 0x61, 0x6b, 0x65, 0x20, 0x74, 
        0x68, 0x65, 0x20, 0x61, 0x62, 0x73, 0x6f, 0x6c, 0x75, 0x74, 0x65, 0x20, 
        0x76, 0x61, 0x6c, 0x75, 0x65, 0x20, 0x6f, 0x66, 0x2e, 0x0a, 0x20, 0x2a, 
        0x0a, 0x20, 0x2a, 0x20, 0x40, 0x72, 0x65, 0x74, 0x75, 0x72, 0x6e, 0x20, 
        0x54, 0x68, 0x65, 0x20, 0x61, 0x62, 0x73, 0x6f, 0x6c, 0x75, 0x74, 0x65, 
        0x20, 0x76, 0x61, 0x6c, 0x75, 0x65, 0x20, 0x6f, 0x66, 0x20, 0x24, 0x76, 
        0x61, 0x6c, 0x75, 0x65, 0x2e, 0x0a, 0x20, 0x2a, 0x2f, 0x0a, 0x23, 0x5b, 
        0x69, 0x6e, 0x6c, 0x69, 0x6e, 0x65, 0x5d, 0x0a, 0x66, 0x75, 0x6e, 0x63, 
        0x74, 0x69, 0x6f, 0x6e, 0x20, 0x61, 0x62, 0x73, 0x3c, 0x54, 0x3e, 0x28, 
        0x54, 0x20, 0x24, 0x76, 0x61, 0x6c, 0x75, 0x65, 0x29, 0x20, 0x3a, 0x20, 
        0x54, 0x0a, 0x7b, 0x0a, 0x20, 0x20, 0x20, 0x20, 0x69, 0x66, 0x20, 0x28, 
        0x24, 0x76, 0x61, 0x6c, 0x75, 0x65, 0x20, 0x3c, 0x20, 0x30, 0x29, 0x20, 
        0x7b, 0x0a, 0x20, 0x20, 0x20, 0x20, 0x20, 0x20, 0x20, 0x20, 0x72, 0x65, 
        0x74, 0x75, 0x72, 0x6e, 0x20, 0x2d, 0x24, 0x76, 0x61, 0x6c, 0x75, 0x65, 
        0x3b, 0x0a, 0x20, 0x20, 0x20, 0x20, 0x7d, 0x0a, 0x20, 0x20, 0x20, 0x20, 
        0x72, 0x65, 0x74, 0x75, 0x72, 0x6e, 0x20, 0x24, 0x76, 0x61, 0x6c, 0x75, 
        0x65, 0x3b, 0x0a, 0x7d, 0x0a, 0x0a, 0x2f, 0x2a, 0x2a, 0x0a, 0x20, 0x2a, 
        0x20, 0x43, 0x6c, 0x61, 0x6d, 0x70, 0x73, 0x20, 0x61, 0x20, 0x76, 0x61, 
        0x6c, 0x75, 0x65, 0x20, 0x62, 0x65, 0x74, 0x77, 0x65, 0x65, 0x6e, 0x20, 
        0x61, 0x20, 0x6d, 0x69, 0x6e, 0x69, 0x6d, 0x75, 0x6d, 0x20, 0x61, 0x6e, 
        0x64, 0x20, 0x6d, 0x61, 0x78, 0x69, 0x6d, 0x75, 0x6d, 0x20, 0x76, 0x61, 
        0x6c, 0x75, 0x65, 0x2e, 0x0a, 0x20, 0x2a, 0x20, 0x0a, 0x20, 0x2a, 0x20, 
        0x40, 0x70, 0x61, 0x72, 0x61, 0x6d, 0x20, 0x24, 0x76, 0x61, 0x6c, 0x75, 
        0x65, 0x20, 0x54, 0x68, 0x65, 0x20, 0x76, 0x61, 0x6c, 0x75, 0x65, 0x20, 
        0x74, 0x6f, 0x20, 0x63, 0x6c, 0x61, 0x6d, 0x70, 0x2e, 0x0a, 0x20, 0x2a, 
        0x20, 0x40, 0x70, 0x61, 0x72, 0x61, 0x6d, 0x20, 0x24, 0x6d, 0x69, 0x6e, 
        0x20, 0x54, 0x68, 0x65, 0x20, 0x6d, 0x69, 0x6e, 0x69, 0x6d, 0x75, 0x6d, 
        0x20, 0x76, 0x61, 0x6c, 0x75, 0x65, 0x2e, 0x0a, 0x20, 0x2a, 0x20, 0x40, 
        0x70, 0x61, 0x72, 0x61, 0x6d, 0x20, 0x24, 0x6d, 0x61, 0x78, 0x20, 0x54, 
        0x68, 0x65, 0x20, 0x6d, 0x61, 0x78, 0x69, 0x6d, 0x75, 0x6d, 0x20, 0x76, 
        0x61, 0x6c, 0x75, 0x65, 0x2e, 0x0a, 0x20, 0x2a, 0x20, 0x0a, 0x20, 0x2a, 
        0x20, 0x40, 0x72, 0x65, 0x74, 0x75, 0x72, 0x6e, 0x20, 0x54, 0x68, 0x65, 
        0x20, 0x63, 0x6c, 0x61, 0x6d, 0x70, 0x65, 0x64, 0x20, 0x76, 0x61, 0x6c, 
        0x75, 0x65, 0x2e, 0x0a, 0x20, 0x2a, 0x2f, 0x0a, 0x23, 0x5b, 0x69, 0x6e, 
        0x6c, 0x69, 0x6e, 0x65, 0x5d, 0x0a, 0x66, 0x75, 0x6e, 0x63, 0x74, 0x69, 
        0x6f, 0x6e, 0x20, 0x63, 0x6c, 0x61, 0x6d, 0x70, 0x28, 0x66, 0x6c, 0x6f, 
        0x61, 0x74, 0x20, 0x24, 0x76, 0x61, 0x6c, 0x75, 0x65, 0x2c, 0x20, 0x66, 
        0x6c, 0x6f, 0x61, 0x74, 0x20, 0x24, 0x6d, 0x69, 0x6e, 0x2c, 0x20, 0x66, 
        0x6c, 0x6f, 0x61, 0x74, 0x20, 0x24, 0x6d, 0x61, 0x78, 0x29, 0x20, 0x3a, 
        0x20, 0x66, 0x6c, 0x6f, 0x61, 0x74, 0x0a, 0x7b, 0x0a, 0x20, 0x20, 0x20, 
        0x20, 0x72, 0x65, 0x74, 0x75, 0x72, 0x6e, 0x20, 0x6d, 0x69, 0x6e, 0x28, 
        0x6d, 0x61, 0x78, 0x28, 0x24, 0x76, 0x61, 0x6c, 0x75, 0x65, 0x2c, 0x20, 
        0x24, 0x6d, 0x69, 0x6e, 0x29, 0x2c, 0x20, 0x24, 0x6d, 0x61, 0x78, 0x29, 
        0x3b, 0x0a, 0x7d, 0x0a, 0x0a, 0x2f, 0x2a, 0x2a, 0x0a, 0x20, 0x2a, 0x20, 
        0x43, 0x6c, 0x61, 0x6d, 0x70, 0x73, 0x20, 0x61, 0x20, 0x76, 0x61, 0x6c, 
        0x75, 0x65, 0x20, 0x62, 0x65, 0x74, 0x77, 0x65, 0x65, 0x6e, 0x20, 0x61, 
        0x20, 0x6d, 0x69, 0x6e, 0x69, 0x6d, 0x75, 0x6d, 0x20, 0x61, 0x6e, 0x64, 
        0x20, 0x6d, 0x61, 0x78, 0x69, 0x6d, 0x75, 0x6d, 0x20, 0x76, 0x61, 0x6c, 
        0x75, 0x65, 0x2e, 0x0a, 0x20, 0x2a, 0x0a, 0x20, 0x2a, 0x20, 0x40, 0x70, 
        0x61, 0x72, 0x61, 0x6d, 0x20, 0x24, 0x76, 0x61, 0x6c, 0x75, 0x65, 0x20, 
        0x54, 0x68, 0x65, 0x20, 0x76, 0x61, 0x6c, 0x75, 0x65, 0x20, 0x74, 0x6f, 
        0x20, 0x63, 0x6c, 0x61, 0x6d, 0x70, 0x2e, 0x0a, 0x20, 0x2a, 0x20, 0x40, 
        0x70, 0x61, 0x72, 0x61, 0x6d, 0x20, 0x24, 0x6d, 0x69, 0x6e, 0x20, 0x54, 
        0x68, 0x65, 0x20, 0x6d, 0x69, 0x6e, 0x69, 0x6d, 0x75, 0x6d, 0x20, 0x76, 
        0x61, 0x6c, 0x75, 0x65, 0x2e, 0x0a, 0x20, 0x2a, 0x20, 0x40, 0x70, 0x61, 
        0x72, 0x61, 0x6d, 0x20, 0x24, 0x6d, 0x61, 0x78, 0x20, 0x54, 0x68, 0x65, 
        0x20, 0x6d, 0x61, 0x78, 0x69, 0x6d, 0x75, 0x6d, 0x20, 0x76, 0x61, 0x6c, 
        0x75, 0x65, 0x2e, 0x0a, 0x20, 0x2a, 0x0a, 0x20, 0x2a, 0x20, 0x40, 0x72, 
        0x65, 0x74, 0x75, 0x72, 0x6e, 0x20, 0x54, 0x68, 0x65, 0x20, 0x63, 0x6c, 
        0x61, 0x6d, 0x70, 0x65, 0x64, 0x20, 0x76, 0x61, 0x6c, 0x75, 0x65, 0x2e, 
        0x0a, 0x20, 0x2a, 0x2f, 0x0a, 0x23, 0x5b, 0x69, 0x6e, 0x6c, 0x69, 0x6e, 
        0x65, 0x5d, 0x0a, 0x66, 0x75, 0x6e, 0x63, 0x74, 0x69, 0x6f, 0x6e, 0x20, 
        0x63, 0x6c, 0x61, 0x6d, 0x70, 0x28, 0x66, 0x6c, 0x6f, 0x61, 0x74, 0x36, 
        0x34, 0x20, 0x24, 0x76, 0x61, 0x6c, 0x75, 0x65, 0x2c, 0x20, 0x66, 0x6c, 
        0x6f, 0x61, 0x74, 0x36, 0x34, 0x20, 0x24, 0x6d, 0x69, 0x6e, 0x2c, 0x20, 
        0x66, 0x6c, 0x6f, 0x61, 0x74, 0x36, 0x34, 0x20, 0x24, 0x6d, 0x61, 0x78, 
        0x29, 0x20, 0x3a, 0x20, 0x66, 0x6c, 0x6f, 0x61, 0x74, 0x36, 0x34, 0x0a, 
        0x7b, 0x0a, 0x20, 0x20, 0x20, 0x20, 0x72, 0x65, 0x74, 0x75, 0x72, 0x6e, 
        0x20, 0x6d, 0x69, 0x6e, 0x28, 0x6d, 0x61, 0x78, 0x28, 0x24, 0x76, 0x61, 
        0x6c, 0x75, 0x65, 0x2c, 0x20, 0x24, 0x6d, 0x69, 0x6e, 0x29, 0x2c, 0x20, 
        0x24, 0x6d, 0x61, 0x78, 0x29, 0x3b, 0x0a, 0x7d, 
    };
    file_14.set_content(reinterpret_cast<const char*>(file_14_data), sizeof(file_14_data));
    auto &file_15 = module.add_file("stdlib:/std/math/intrinsics.eco");
    static const unsigned char file_15_data[] = {
        0x6e, 0x61, 0x6d, 0x65, 0x73, 0x70, 0x61, 0x63, 0x65, 0x20, 0x73, 0x74, 
        0x64, 0x3a, 0x3a, 0x6d, 0x61, 0x74, 0x68, 0x3b, 0x0a, 0x0a, 0x2f, 0x2a, 
        0x2a, 0x0a, 0x20, 0x2a, 0x20, 0x4d, 0x61, 0x74, 0x68, 0x20, 0x66, 0x75, 
        0x6e, 0x63, 0x74, 0x69, 0x6f, 0x6e, 0x73, 0x20, 0x74, 0x68, 0x61, 0x74, 
        0x20, 0x6c, 0x6f, 0x77, 0x65, 0x72, 0x20, 0x74, 0x6f, 0x20, 0x61, 0x20, 
        0x73, 0x69, 0x6e, 0x67, 0x6c, 0x65, 0x20, 0x4c, 0x4c, 0x56, 0x4d, 0x20, 
        0x69, 0x6e, 0x74, 0x72, 0x69, 0x6e, 0x73, 0x69, 0x63, 0x2e, 0x0a, 0x20, 
        0x2a, 0x0a, 0x20, 0x2a, 0x20, 0x65, 0x76, 0x65, 0x72, 0x79, 0x20, 0x66, 
        0x75, 0x6e, 0x63, 0x74, 0x69, 0x6f, 0x6e, 0x20, 0x68, 0x65, 0x72, 0x65, 
        0x20, 0x69, 0x73, 0x20, 0x64, 0x65, 0x63, 0x6c, 0x61, 0x72, 0x65, 0x64, 
        0x20, 0x74, 0x77, 0x69, 0x63, 0x65, 0x2c, 0x20, 0x6f, 0x6e, 0x63, 0x65, 
        0x20, 0x66, 0x6f, 0x72, 0x20, 0x60, 0x66, 0x6c, 0x6f, 0x61, 0x74, 0x60, 
        0x20, 0x28, 0x33, 0x32, 0x20, 0x62, 0x69, 0x74, 0x29, 0x20, 0x61, 0x6e, 
        0x64, 0x20, 0x6f, 0x6e, 0x63, 0x65, 0x20, 0x66, 0x6f, 0x72, 0x20, 0x60, 
        0x66, 0x6c, 0x6f, 0x61, 0x74, 0x36, 0x34, 0x60, 0x2e, 0x20, 0x74, 0x68, 
        0x65, 0x20, 0x74, 0x77, 0x6f, 0x0a, 0x20, 0x2a, 0x20, 0x61, 0x72, 0x65, 
        0x20, 0x61, 0x20, 0x70, 0x6c, 0x61, 0x69, 0x6e, 0x20, 0x6f, 0x76, 0x65, 
        0x72, 0x6c, 0x6f, 0x61, 0x64, 0x20, 0x73, 0x65, 0x74, 0x3a, 0x20, 0x74, 
        0x68, 0x65, 0x20, 0x61, 0x72, 0x67, 0x75, 0x6d, 0x65, 0x6e, 0x74, 0x20, 
        0x74, 0x79, 0x70, 0x65, 0x20, 0x70, 0x69, 0x63, 0x6b, 0x73, 0x20, 0x74, 
        0x68, 0x65, 0x20, 0x63, 0x61, 0x6e, 0x64, 0x69, 0x64, 0x61, 0x74, 0x65, 
        0x20, 0x61, 0x6e, 0x64, 0x20, 0x65, 0x61, 0x63, 0x68, 0x20, 0x6c, 0x6f, 
        0x77, 0x65, 0x72, 0x73, 0x20, 0x74, 0x6f, 0x20, 0x69, 0x74, 0x73, 0x20, 
        0x6f, 0x77, 0x6e, 0x0a, 0x20, 0x2a, 0x20, 0x60, 0x2e, 0x66, 0x33, 0x32, 
        0x60, 0x20, 0x2f, 0x20, 0x60, 0x2e, 0x66, 0x36, 0x34, 0x60, 0x20, 0x6d, 
        0x61, 0x6e, 0x67, 0x6c, 0x69, 0x6e, 0x67, 0x2c, 0x20, 0x73, 0x6f, 0x20, 
        0x73, 0x69, 0x6e, 0x67, 0x6c, 0x65, 0x2d, 0x70, 0x72, 0x65, 0x63, 0x69, 
        0x73, 0x69, 0x6f, 0x6e, 0x20, 0x6d, 0x61, 0x74, 0x68, 0x20, 0x6e, 0x65, 
        0x76, 0x65, 0x72, 0x20, 0x72, 0x6f, 0x75, 0x6e, 0x64, 0x2d, 0x74, 0x72, 
        0x69, 0x70, 0x73, 0x20, 0x74, 0x68, 0x72, 0x6f, 0x75, 0x67, 0x68, 0x20, 
        0x61, 0x20, 0x64, 0x6f, 0x75, 0x62, 0x6c, 0x65, 0x0a, 0x20, 0x2a, 0x0a, 
        0x20, 0x2a, 0x20, 0x6e, 0x6f, 0x74, 0x65, 0x20, 0x74, 0x68, 0x61, 0x74, 
        0x20, 0x61, 0x20, 0x66, 0x6c, 0x6f, 0x61, 0x74, 0x20, 0x6c, 0x69, 0x74, 
        0x65, 0x72, 0x61, 0x6c, 0x20, 0x69, 0x73, 0x20, 0x64, 0x6f, 0x75, 0x62, 
        0x6c, 0x65, 0x20, 0x70, 0x72, 0x65, 0x63, 0x69, 0x73, 0x69, 0x6f, 0x6e, 
        0x20, 0x75, 0x6e, 0x6c, 0x65, 0x73, 0x73, 0x20, 0x69, 0x74, 0x20, 0x65, 
        0x6e, 0x64, 0x73, 0x20, 0x69, 0x6e, 0x20, 0x60, 0x66, 0x60, 0x2c, 0x20, 
        0x73, 0x6f, 0x20, 0x60, 0x73, 0x74, 0x64, 0x3a, 0x3a, 0x6d, 0x61, 0x74, 
        0x68, 0x3a, 0x3a, 0x73, 0x71, 0x72, 0x74, 0x28, 0x32, 0x2e, 0x30, 0x29, 
        0x60, 0x20, 0x69, 0x73, 0x20, 0x74, 0x68, 0x65, 0x0a, 0x20, 0x2a, 0x20, 
        0x66, 0x6c, 0x6f, 0x61, 0x74, 0x36, 0x34, 0x20, 0x6f, 0x76, 0x65, 0x72, 
        0x6c, 0x6f, 0x61, 0x64, 0x20, 0x61, 0x6e, 0x64, 0x20, 0x60, 0x73, 0x74, 
        0x64, 0x3a, 0x3a, 0x6d, 0x61, 0x74, 0x68, 0x3a, 0x3a, 0x73, 0x71, 0x72, 
        0x74, 0x28, 0x32, 0x2e, 0x30, 0x66, 0x29, 0x60, 0x20, 0x74, 0x68, 0x65, 
        0x20, 0x66, 0x6c, 0x6f, 0x61, 0x74, 0x20, 0x6f, 0x6e, 0x65, 0x0a, 0x20, 
        0x2a, 0x2f, 0x0a, 0x0a, 0x2f, 0x2f, 0x20, 0x2d, 0x2d, 0x2d, 0x2d, 0x2d, 
        0x2d, 0x2d, 0x2d, 0x2d, 0x2d, 0x2d, 0x2d, 0x2d, 0x2d, 0x2d, 0x2d, 0x2d, 
        0x2d, 0x2d, 0x2d, 0x2d, 0x2d, 0x2d, 0x2d, 0x2d, 0x2d, 0x2d, 0x2d, 0x2d, 
        0x2d, 0x2d, 0x2d, 0x2d, 0x2d, 0x2d, 0x2d, 0x2d, 0x2d, 0x2d, 0x2d, 0x2d, 
        0x2d, 0x2d, 0x2d, 0x2d, 0x2d, 0x2d, 0x2d, 0x2d, 0x2d, 0x2d, 0x2d, 0x2d, 
        0x2d, 0x2d, 0x2d, 0x2d, 0x2d, 0x2d, 0x2d, 0x2d, 0x2d, 0x2d, 0x2d, 0x2d, 
        0x2d, 0x2d, 0x2d, 0x2d, 0x2d, 0x2d, 0x2d, 0x2d, 0x2d, 0x2d, 0x2d, 0x0a, 
        0x2f, 0x2f, 0x20, 0x74, 0x72, 0x69, 0x67, 0x6f, 0x6e, 0x6f, 0x6d, 0x65, 
        0x74, 0x72, 0x79, 0x0a, 0x2f, 0x2f, 0x20, 0x2d, 0x2d, 0x2d, 0x2d, 0x2d, 
        0x2d, 0x2d, 0x2d, 0x2d, 0x2d, 0x2d, 0x2d, 0x2d, 0x2d, 0x2d, 0x2d, 0x2d, 
        0x2d, 0x2d, 0x2d, 0x2d, 0x2d, 0x2d, 0x2d, 0x2d, 0x2d, 0x2d, 0x2d, 0x2d, 
        0x2d, 0x2d, 0x2d, 0x2d, 0x2d, 0x2d, 0x2d, 0x2d, 0x2d, 0x2d, 0x2d, 0x2d, 
        0x2d, 0x2d, 0x2d, 0x2d, 0x2d, 0x2d, 0x2d, 0x2d, 0x2d, 0x2d, 0x2d, 0x2d, 
        0x2d, 0x2d, 0x2d, 0x2d, 0x2d, 0x2d, 0x2d, 0x2d, 0x2d, 0x2d, 0x2d, 0x2d, 
        0x2d, 0x2d, 0x2d, 0x2d, 0x2d, 0x2d, 0x2d, 0x2d, 0x2d, 0x2d, 0x2d, 0x0a, 
        0x0a, 0x2f, 0x2a, 0x2a, 0x0a, 0x20, 0x2a, 0x20, 0x52, 0x65, 0x74, 0x75, 
        0x72, 0x6e, 0x73, 0x20, 0x74, 0x68, 0x65, 0x20, 0x73, 0x69, 0x6e, 0x65, 
        0x20, 0x6f, 0x66, 0x20, 0x61, 0x20, 0x67, 0x69, 0x76, 0x65, 0x6e, 0x20, 
        0x76, 0x61, 0x6c, 0x75, 0x65, 0x2e, 0x0a, 0x20, 0x2a, 0x2f, 0x0a, 0x23, 
        0x5b, 0x69, 0x6e, 0x6c, 0x69, 0x6e, 0x65, 0x5d, 0x0a, 0x23, 0x5b, 0x69, 
        0x6e, 0x74, 0x72, 0x69, 0x6e, 0x73, 0x69, 0x63, 0x3a, 0x20, 0x22, 0x6c, 
        0x6c, 0x76, 0x6d, 0x2e, 0x73, 0x69, 0x6e, 0x22, 0x5d, 0x0a, 0x66, 0x75, 
        0x6e, 0x63, 0x74, 0x69, 0x6f, 0x6e, 0x20, 0x73, 0x69, 0x6e, 0x28, 0x66, 
        0x6c, 0x6f, 0x61, 0x74, 0x20, 0x24, 0x78, 0x29, 0x20, 0x3a, 0x20, 0x66, 
        0x6c, 0x6f, 0x61, 0x74, 0x3b, 0x0a, 0x0a, 0x23, 0x5b, 0x69, 0x6e, 0x6c, 
        0x69, 0x6e, 0x65, 0x5d, 0x0a, 0x23, 0x5b, 0x69, 0x6e, 0x74, 0x72, 0x69, 
        0x6e, 0x73, 0x69, 0x63, 0x3a, 0x20, 0x22, 0x6c, 0x6c, 0x76, 0x6d, 0x2e, 
        0x73, 0x69, 0x6e, 0x22, 0x5d, 0x0a, 0x66, 0x75, 0x6e, 0x63, 0x74, 0x69, 
        0x6f, 0x6e, 0x20, 0x73, 0x69, 0x6e, 0x28, 0x66, 0x6c, 0x6f, 0x61, 0x74, 
        0x36, 0x34, 0x20, 0x24, 0x78, 0x29, 0x20, 0x3a, 0x20, 0x66, 0x6c, 0x6f, 
        0x61, 0x74, 0x36, 0x34, 0x3b, 0x0a, 0x0a, 0x2f, 0x2a, 0x2a, 0x0a, 0x20, 
        0x2a, 0x20, 0x52, 0x65, 0x74, 0x75, 0x72, 0x6e, 0x73, 0x20, 0x74, 0x68, 
        0x65, 0x20, 0x63, 0x6f, 0x73, 0x69, 0x6e, 0x65, 0x20, 0x6f, 0x66, 0x20, 
        0x61, 0x20, 0x67, 0x69, 0x76, 0x65, 0x6e, 0x20, 0x76, 0x61, 0x6c, 0x75, 
        0x65, 0x2e, 0x0a, 0x20, 0x2a, 0x2f, 0x0a, 0x23, 0x5b, 0x69, 0x6e, 0x6c, 
        0x69, 0x6e, 0x65, 0x5d, 0x0a, 0x23, 0x5b, 0x69, 0x6e, 0x74, 0x72, 0x69, 
        0x6e, 0x73, 0x69, 0x63, 0x3a, 0x20, 0x22, 0x6c, 0x6c, 0x76, 0x6d, 0x2e, 
        0x63, 0x6f, 0x73, 0x22, 0x5d, 0x0a, 0x66, 0x75, 0x6e, 0x63, 0x74, 0x69, 
        0x6f, 0x6e, 0x20, 0x63, 0x6f, 0x73, 0x28, 0x66, 0x6c, 0x6f, 0x61, 0x74, 
        0x20, 0x24, 0x78, 0x29, 0x20, 0x3a, 0x20, 0x66, 0x6c, 0x6f, 0x61, 0x74, 
        0x3b, 0x0a, 0x0a, 0x23, 0x5b, 0x69, 0x6e, 0x6c, 0x69, 0x6e, 0x65, 0x5d, 
        0x0a, 0x23, 0x5b, 0x69, 0x6e, 0x74, 0x72, 0x69, 0x6e, 0x73, 0x69, 0x63, 
        0x3a, 0x20, 0x22, 0x6c, 0x6c, 0x76, 0x6d, 0x2e, 0x63, 0x6f, 0x73, 0x22, 
        0x5d, 0x0a, 0x66, 0x75, 0x6e, 0x63, 0x74, 0x69, 0x6f, 0x6e, 0x20, 0x63, 
        0x6f, 0x73, 0x28, 0x66, 0x6c, 0x6f, 0x61, 0x74, 0x36, 0x34, 0x20, 0x24, 
        0x78, 0x29, 0x20, 0x3a, 0x20, 0x66, 0x6c, 0x6f, 0x61, 0x74, 0x36, 0x34, 
        0x3b, 0x0a, 0x0a, 0x2f, 0x2a, 0x2a, 0x0a, 0x20, 0x2a, 0x20, 0x52, 0x65, 
        0x74, 0x75, 0x72, 0x6e, 0x73, 0x20, 0x74, 0x68, 0x65, 0x20, 0x74, 0x61, 
        0x6e, 0x67, 0x65, 0x6e, 0x74, 0x20, 0x6f, 0x66, 0x20, 0x61, 0x20, 0x67, 
        0x69, 0x76, 0x65, 0x6e, 0x20, 0x76, 0x61, 0x6c, 0x75, 0x65, 0x2e, 0x0a, 
        0x20, 0x2a, 0x2f, 0x0a, 0x23, 0x5b, 0x69, 0x6e, 0x6c, 0x69, 0x6e, 0x65, 
        0x5d, 0x0a, 0x23, 0x5b, 0x69, 0x6e, 0x74, 0x72, 0x69, 0x6e, 0x73, 0x69, 
        0x63, 0x3a, 0x20, 0x22, 0x6c, 0x6c, 0x76, 0x6d, 0x2e, 0x74, 0x61, 0x6e, 
        0x22, 0x5d, 0x0a, 0x66, 0x75, 0x6e, 0x63, 0x74, 0x69, 0x6f, 0x6e, 0x20, 
        0x74, 0x61, 0x6e, 0x28, 0x66, 0x6c, 0x6f, 0x61, 0x74, 0x20, 0x24, 0x78, 
        0x29, 0x20, 0x3a, 0x20, 0x66, 0x6c, 0x6f, 0x61, 0x74, 0x3b, 0x0a, 0x0a, 
        0x23, 0x5b, 0x69, 0x6e, 0x6c, 0x69, 0x6e, 0x65, 0x5d, 0x0a, 0x23, 0x5b, 
        0x69, 0x6e, 0x74, 0x72, 0x69, 0x6e, 0x73, 0x69, 0x63, 0x3a, 0x20, 0x22, 
        0x6c, 0x6c, 0x76, 0x6d, 0x2e, 0x74, 0x61, 0x6e, 0x22, 0x5d, 0x0a, 0x66, 
        0x75, 0x6e, 0x63, 0x74, 0x69, 0x6f, 0x6e, 0x20, 0x74, 0x61, 0x6e, 0x28, 
        0x66, 0x6c, 0x6f, 0x61, 0x74, 0x36, 0x34, 0x20, 0x24, 0x78, 0x29, 0x20, 
        0x3a, 0x20, 0x66, 0x6c, 0x6f, 0x61, 0x74, 0x36, 0x34, 0x3b, 0x0a, 0x0a, 
        0x2f, 0x2a, 0x2a, 0x0a, 0x20, 0x2a, 0x20, 0x52, 0x65, 0x74, 0x75, 0x72, 
        0x6e, 0x73, 0x20, 0x74, 0x68, 0x65, 0x20, 0x61, 0x72, 0x63, 0x20, 0x73, 
        0x69, 0x6e, 0x65, 0x20, 0x6f, 0x66, 0x20, 0x61, 0x20, 0x67, 0x69, 0x76, 
        0x65, 0x6e, 0x20, 0x76, 0x61, 0x6c, 0x75, 0x65, 0x2c, 0x20, 0x69, 0x6e, 
        0x20, 0x72, 0x61, 0x64, 0x69, 0x61, 0x6e, 0x73, 0x2e, 0x0a, 0x20, 0x2a, 
        0x2f, 0x0a, 0x23, 0x5b, 0x69, 0x6e, 0x6c, 0x69, 0x6e, 0x65, 0x5d, 0x0a, 
        0x23, 0x5b, 0x69, 0x6e, 0x74, 0x72, 0x69, 0x6e, 0x73, 0x69, 0x63, 0x3a, 
        0x20, 0x22, 0x6c, 0x6c, 0x76, 0x6d, 0x2e, 0x61, 0x73, 0x69, 0x6e, 0x22, 
        0x5d, 0x0a, 0x66, 0x75, 0x6e, 0x63, 0x74, 0x69, 0x6f, 0x6e, 0x20, 0x61, 
        0x73, 0x69, 0x6e, 0x28, 0x66, 0x6c, 0x6f, 0x61, 0x74, 0x20, 0x24, 0x78, 
        0x29, 0x20, 0x3a, 0x20, 0x66, 0x6c, 0x6f, 0x61, 0x74, 0x3b, 0x0a, 0x0a, 
        0x23, 0x5b, 0x69, 0x6e, 0x6c, 0x69, 0x6e, 0x65, 0x5d, 0x0a, 0x23, 0x5b, 
        0x69, 0x6e, 0x74, 0x72, 0x69, 0x6e, 0x73, 0x69, 0x63, 0x3a, 0x20, 0x22, 
        0x6c, 0x6c, 0x76, 0x6d, 0x2e, 0x61, 0x73, 0x69, 0x6e, 0x22, 0x5d, 0x0a, 
        0x66, 0x75, 0x6e, 0x63, 0x74, 0x69, 0x6f, 0x6e, 0x20, 0x61, 0x73, 0x69, 
        0x6e, 0x28, 0x66, 0x6c, 0x6f, 0x61, 0x74, 0x36, 0x34, 0x20, 0x24, 0x78, 
        0x29, 0x20, 0x3a, 0x20, 0x66, 0x6c, 0x6f, 0x61, 0x74, 0x36, 0x34, 0x3b, 
        0x0a, 0x0a, 0x2f, 0x2a, 0x2a, 0x0a, 0x20, 0x2a, 0x20, 0x52, 0x65, 0x74, 
        0x75, 0x72, 0x6e, 0x73, 0x20, 0x74, 0x68, 0x65, 0x20, 0x61, 0x72, 0x63, 
        0x20, 0x63, 0x6f, 0x73, 0x69, 0x6e, 0x65, 0x20, 0x6f, 0x66, 0x20, 0x61, 
        0x20, 0x67, 0x69, 0x76, 0x65, 0x6e, 0x20, 0x76, 0x61, 0x6c, 0x75, 0x65, 
        0x2c, 0x20, 0x69, 0x6e, 0x20, 0x72, 0x61, 0x64, 0x69, 0x61, 0x6e, 0x73, 
        0x2e, 0x0a, 0x20, 0x2a, 0x2f, 0x0a, 0x23, 0x5b, 0x69, 0x6e, 0x6c, 0x69, 
        0x6e, 0x65, 0x5d, 0x0a, 0x23, 0x5b, 0x69, 0x6e, 0x74, 0x72, 0x69, 0x6e, 
        0x73, 0x69, 0x63, 0x3a, 0x20, 0x22, 0x6c, 0x6c, 0x76, 0x6d, 0x2e, 0x61, 
        0x63, 0x6f, 0x73, 0x22, 0x5d, 0x0a, 0x66, 0x75, 0x6e, 0x63, 0x74, 0x69, 
        0x6f, 0x6e, 0x20, 0x61, 0x63, 0x6f, 0x73, 0x28, 0x66, 0x6c, 0x6f, 0x61, 
        0x74, 0x20, 0x24, 0x78, 0x29, 0x20, 0x3a, 0x20, 0x66, 0x6c, 0x6f, 0x61, 
        0x74, 0x3b, 0x0a, 0x0a, 0x23, 0x5b, 0x69, 0x6e, 0x6c, 0x69, 0x6e, 0x65, 
        0x5d, 0x0a, 0x23, 0x5b, 0x69, 0x6e, 0x74, 0x72, 0x69, 0x6e, 0x73, 0x69, 
        0x63, 0x3a, 0x20, 0x22, 0x6c, 0x6c, 0x76, 0x6d, 0x2e, 0x61, 0x63, 0x6f, 
        0x73, 0x22, 0x5d, 0x0a, 0x66, 0x75, 0x6e, 0x63, 0x74, 0x69, 0x6f, 0x6e, 
        0x20, 0x61, 0x63, 0x6f, 0x73, 0x28, 0x66, 0x6c, 0x6f, 0x61, 0x74, 0x36, 
        0x34, 0x20, 0x24, 0x78, 0x29, 0x20, 0x3a, 0x20, 0x66, 0x6c, 0x6f, 0x61, 
        0x74, 0x36, 0x34, 0x3b, 0x0a, 0x0a, 0x2f, 0x2a, 0x2a, 0x0a, 0x20, 0x2a, 
        0x20, 0x52, 0x65, 0x74, 0x75, 0x72, 0x6e, 0x73, 0x20, 0x74, 0x68, 0x65, 
        0x20, 0x61, 0x72, 0x63, 0x20, 0x74, 0x61, 0x6e, 0x67, 0x65, 0x6e, 0x74, 
        0x20, 0x6f, 0x66, 0x20, 0x61, 0x20, 0x67, 0x69, 0x76, 0x65, 0x6e, 0x20, 
        0x76, 0x61, 0x6c, 0x75, 0x65, 0x2c, 0x20, 0x69, 0x6e, 0x20, 0x72, 0x61, 
        0x64, 0x69, 0x61, 0x6e, 0x73, 0x2e, 0x0a, 0x20, 0x2a, 0x2f, 0x0a, 0x23, 
        0x5b, 0x69, 0x6e, 0x6c, 0x69, 0x6e, 0x65, 0x5d, 0x0a, 0x23, 0x5b, 0x69, 
        0x6e, 0x74, 0x72, 0x69, 0x6e, 0x73, 0x69, 0x63, 0x3a, 0x20, 0x22, 0x6c, 
        0x6c, 0x76, 0x6d, 0x2e, 0x61, 0x74, 0x61, 0x6e, 0x22, 0x5d, 0x0a, 0x66, 
        0x75, 0x6e, 0x63, 0x74, 0x69, 0x6f, 0x6e, 0x20, 0x61, 0x74, 0x61, 0x6e, 
        0x28, 0x66, 0x6c, 0x6f, 0x61, 0x74, 0x20, 0x24, 0x78, 0x29, 0x20, 0x3a, 
        0x20, 0x66, 0x6c, 0x6f, 0x61, 0x74, 0x3b, 0x0a, 0x0a, 0x23, 0x5b, 0x69, 
        0x6e, 0x6c, 0x69, 0x6e, 0x65, 0x5d, 0x0a, 0x23, 0x5b, 0x69, 0x6e, 0x74, 
        0x72, 0x69, 0x6e, 0x73, 0x69, 0x63, 0x3a, 0x20, 0x22, 0x6c, 0x6c, 0x76, 
        0x6d, 0x2e, 0x61, 0x74, 0x61, 0x6e, 0x22, 0x5d, 0x0a, 0x66, 0x75, 0x6e, 
        0x63, 0x74, 0x69, 0x6f, 0x6e, 0x20, 0x61, 0x74, 0x61, 0x6e, 0x28, 0x66, 
        0x6c, 0x6f, 0x61, 0x74, 0x36, 0x34, 0x20, 0x24, 0x78, 0x29, 0x20, 0x3a, 
        0x20, 0x66, 0x6c, 0x6f, 0x61, 0x74, 0x36, 0x34, 0x3b, 0x0a, 0x0a, 0x2f, 
        0x2a, 0x2a, 0x0a, 0x20, 0x2a, 0x20, 0x52, 0x65, 0x74, 0x75, 0x72, 0x6e, 
        0x73, 0x20, 0x74, 0x68, 0x65, 0x20, 0x61, 0x72, 0x63, 0x20, 0x74, 0x61, 
        0x6e, 0x67, 0x65, 0x6e, 0x74, 0x20, 0x6f, 0x66, 0x20, 0x24, 0x79, 0x20, 
        0x2f, 0x20, 0x24, 0x78, 0x2c, 0x20, 0x75, 0x73, 0x69, 0x6e, 0x67, 0x20, 
        0x74, 0x68, 0x65, 0x20, 0x73, 0x69, 0x67, 0x6e, 0x73, 0x20, 0x6f, 0x66, 
        0x20, 0x62, 0x6f, 0x74, 0x68, 0x20, 0x74, 0x6f, 0x20, 0x70, 0x69, 0x63, 
        0x6b, 0x20, 0x74, 0x68, 0x65, 0x20, 0x71, 0x75, 0x61, 0x64, 0x72, 0x61, 
        0x6e, 0x74, 0x2e, 0x0a, 0x20, 0x2a, 0x2f, 0x0a, 0x23, 0x5b, 0x69, 0x6e, 
        0x6c, 0x69, 0x6e, 0x65, 0x5d, 0x0a, 0x23, 0x5b, 0x69, 0x6e, 0x74, 0x72, 
        0x69, 0x6e, 0x73, 0x69, 0x63, 0x3a, 0x20, 0x22, 0x6c, 0x6c, 0x76, 0x6d, 
        0x2e, 0x61, 0x74, 0x61, 0x6e, 0x32, 0x22, 0x5d, 0x0a, 0x66, 0x75, 0x6e, 
        0x63, 0x74, 0x69, 0x6f, 0x6e, 0x20, 0x61, 0x74, 0x61, 0x6e, 0x32, 0x28, 
        0x66, 0x6c, 0x6f, 0x61, 0x74, 0x20, 0x24, 0x79, 0x2c, 0x20, 0x66, 0x6c, 
        0x6f, 0x61, 0x74, 0x20, 0x24, 0x78, 0x29, 0x20, 0x3a, 0x20, 0x66, 0x6c, 
        0x6f, 0x61, 0x74, 0x3b, 0x0a, 0x0a, 0x23, 0x5b, 0x69, 0x6e, 0x6c, 0x69, 
        0x6e, 0x65, 0x5d, 0x0a, 0x23, 0x5b, 0x69, 0x6e, 0x74, 0x72, 0x69, 0x6e, 
        0x73, 0x69, 0x63, 0x3a, 0x20, 0x22, 0x6c, 0x6c, 0x76, 0x6d, 0x2e, 0x61, 
        0x74, 0x61, 0x6e, 0x32, 0x22, 0x5d, 0x0a, 0x66, 0x75, 0x6e, 0x63, 0x74, 
        0x69, 0x6f, 0x6e, 0x20, 0x61, 0x74, 0x61, 0x6e, 0x32, 0x28, 0x66, 0x6c, 
        0x6f, 0x61, 0x74, 0x36, 0x34, 0x20, 0x24, 0x79, 0x2c, 0x20, 0x66, 0x6c, 
        0x6f, 0x61, 0x74, 0x36, 0x34, 0x20, 0x24, 0x78, 0x29, 0x20, 0x3a, 0x20, 
        0x66, 0x6c, 0x6f, 0x61, 0x74, 0x36, 0x34, 0x3b, 0x0a, 0x0a, 0x2f, 0x2a, 
        0x2a, 0x0a, 0x20, 0x2a, 0x20, 0x52, 0x65, 0x74, 0x75, 0x72, 0x6e, 0x73, 
        0x20, 0x74, 0x68, 0x65, 0x20, 0x68, 0x79, 0x70, 0x65, 0x72, 0x62, 0x6f, 
        0x6c, 0x69, 0x63, 0x20, 0x73, 0x69, 0x6e, 0x65, 0x20, 0x6f, 0x66, 0x20, 
        0x61, 0x20, 0x67, 0x69, 0x76, 0x65, 0x6e, 0x20, 0x76, 0x61, 0x6c, 0x75, 
        0x65, 0x2e, 0x0a, 0x20, 0x2a, 0x2f, 0x0a, 0x23, 0x5b, 0x69, 0x6e, 0x6c, 
        0x69, 0x6e, 0x65, 0x5d, 0x0a, 0x23, 0x5b, 0x69, 0x6e, 0x74, 0x72, 0x69, 
        0x6e, 0x73, 0x69, 0x63, 0x3a, 0x20, 0x22, 0x6c, 0x6c, 0x76, 0x6d, 0x2e, 
        0x73, 0x69, 0x6e, 0x68, 0x22, 0x5d, 0x0a, 0x66, 0x75, 0x6e, 0x63, 0x74, 
        0x69, 0x6f, 0x6e, 0x20, 0x73, 0x69, 0x6e, 0x68, 0x28, 0x66, 0x6c, 0x6f, 
        0x61, 0x74, 0x20, 0x24, 0x78, 0x29, 0x20, 0x3a, 0x20, 0x66, 0x6c, 0x6f, 
        0x61, 0x74, 0x3b, 0x0a, 0x0a, 0x23, 0x5b, 0x69, 0x6e, 0x6c, 0x69, 0x6e, 
        0x65, 0x5d, 0x0a, 0x23, 0x5b, 0x69, 0x6e, 0x74, 0x72, 0x69, 0x6e, 0x73, 
        0x69, 0x63, 0x3a, 0x20, 0x22, 0x6c, 0x6c, 0x76, 0x6d, 0x2e, 0x73, 0x69, 
        0x6e, 0x68, 0x22, 0x5d, 0x0a, 0x66, 0x75, 0x6e, 0x63, 0x74, 0x69, 0x6f, 
        0x6e, 0x20, 0x73, 0x69, 0x6e, 0x68, 0x28, 0x66, 0x6c, 0x6f, 0x61, 0x74, 
        0x36, 0x34, 0x20, 0x24, 0x78, 0x29, 0x20, 0x3a, 0x20, 0x66, 0x6c, 0x6f, 
        0x61, 0x74, 0x36, 0x34, 0x3b, 0x0a, 0x0a, 0x2f, 0x2a, 0x2a, 0x0a, 0x20, 
        0x2a, 0x20, 0x52, 0x65, 0x74, 0x75, 0x72, 0x6e, 0x73, 0x20, 0x74, 0x68, 
        0x65, 0x20, 0x68, 0x79, 0x70, 0x65, 0x72, 0x62, 0x6f, 0x6c, 0x69, 0x63, 
        0x20, 0x63, 0x6f, 0x73, 0x69, 0x6e, 0x65, 0x20, 0x6f, 0x66, 0x20, 0x61, 
        0x20, 0x67, 0x69, 0x76, 0x65, 0x6e, 0x20, 0x76, 0x61, 0x6c, 0x75, 0x65, 
        0x2e, 0x0a, 0x20, 0x2a, 0x2f, 0x0a, 0x23, 0x5b, 0x69, 0x6e, 0x6c, 0x69, 
        0x6e, 0x65, 0x5d, 0x0a, 0x23, 0x5b, 0x69, 0x6e, 0x74, 0x72, 0x69, 0x6e, 
        0x73, 0x69, 0x63, 0x3a, 0x20, 0x22, 0x6c, 0x6c, 0x76, 0x6d, 0x2e, 0x63, 
        0x6f, 0x73, 0x68, 0x22, 0x5d, 0x0a, 0x66, 0x75, 0x6e, 0x63, 0x74, 0x69, 
        0x6f, 0x6e, 0x20, 0x63, 0x6f, 0x73, 0x68, 0x28, 0x66, 0x6c, 0x6f, 0x61, 
        0x74, 0x20, 0x24, 0x78, 0x29, 0x20, 0x3a, 0x20, 0x66, 0x6c, 0x6f, 0x61, 
        0x74, 0x3b, 0x0a, 0x0a, 0x23, 0x5b, 0x69, 0x6e, 0x6c, 0x69, 0x6e, 0x65, 
        0x5d, 0x0a, 0x23, 0x5b, 0x69, 0x6e, 0x74, 0x72, 0x69, 0x6e, 0x73, 0x69, 
        0x63, 0x3a, 0x20, 0x22, 0x6c, 0x6c, 0x76, 0x6d, 0x2e, 0x63, 0x6f, 0x73, 
        0x68, 0x22, 0x5d, 0x0a, 0x66, 0x75, 0x6e, 0x63, 0x74, 0x69, 0x6f, 0x6e, 
        0x20, 0x63, 0x6f, 0x73, 0x68, 0x28, 0x66, 0x6c, 0x6f, 0x61, 0x74, 0x36, 
        0x34, 0x20, 0x24, 0x78, 0x29, 0x20, 0x3a, 0x20, 0x66, 0x6c, 0x6f, 0x61, 
        0x74, 0x36, 0x34, 0x3b, 0x0a, 0x0a, 0x2f, 0x2a, 0x2a, 0x0a, 0x20, 0x2a, 
        0x20, 0x52, 0x65, 0x74, 0x75, 0x72, 0x6e, 0x73, 0x20, 0x74, 0x68, 0x65, 
        0x20, 0x68, 0x79, 0x70, 0x65, 0x72, 0x62, 0x6f, 0x6c, 0x69, 0x63, 0x20, 
        0x74, 0x61, 0x6e, 0x67, 0x65, 0x6e, 0x74, 0x20, 0x6f, 0x66, 0x20, 0x61, 
        0x20, 0x67, 0x69, 0x76, 0x65, 0x6e, 0x20, 0x76, 0x61, 0x6c, 0x75, 0x65, 
        0x2e, 0x0a, 0x20, 0x2a, 0x2f, 0x0a, 0x23, 0x5b, 0x69, 0x6e, 0x6c, 0x69, 
        0x6e, 0x65, 0x5d, 0x0a, 0x23, 0x5b, 0x69, 0x6e, 0x74, 0x72, 0x69, 0x6e, 
        0x73, 0x69, 0x63, 0x3a, 0x20, 0x22, 0x6c, 0x6c, 0x76, 0x6d, 0x2e, 0x74, 
        0x61, 0x6e, 0x68, 0x22, 0x5d, 0x0a, 0x66, 0x75, 0x6e, 0x63, 0x74, 0x69, 
        0x6f, 0x6e, 0x20, 0x74, 0x61, 0x6e, 0x68, 0x28, 0x66, 0x6c, 0x6f, 0x61, 
        0x74, 0x20, 0x24, 0x78, 0x29, 0x20, 0x3a, 0x20, 0x66, 0x6c, 0x6f, 0x61, 
        0x74, 0x3b, 0x0a, 0x0a, 0x23, 0x5b, 0x69, 0x6e, 0x6c, 0x69, 0x6e, 0x65, 
        0x5d, 0x0a, 0x23, 0x5b, 0x69, 0x6e, 0x74, 0x72, 0x69, 0x6e, 0x73, 0x69, 
        0x63, 0x3a, 0x20, 0x22, 0x6c, 0x6c, 0x76, 0x6d, 0x2e, 0x74, 0x61, 0x6e, 
        0x68, 0x22, 0x5d, 0x0a, 0x66, 0x75, 0x6e, 0x63, 0x74, 0x69, 0x6f, 0x6e, 
        0x20, 0x74, 0x61, 0x6e, 0x68, 0x28, 0x66, 0x6c, 0x6f, 0x61, 0x74, 0x36, 
        0x34, 0x20, 0x24, 0x78, 0x29, 0x20, 0x3a, 0x20, 0x66, 0x6c, 0x6f, 0x61, 
        0x74, 0x36, 0x34, 0x3b, 0x0a, 0x0a, 0x2f, 0x2f, 0x20, 0x2d, 0x2d, 0x2d, 
        0x2d, 0x2d, 0x2d, 0x2d, 0x2d, 0x2d, 0x2d, 0x2d, 0x2d, 0x2d, 0x2d, 0x2d, 
        0x2d, 0x2d, 0x2d, 0x2d, 0x2d, 0x2d, 0x2d, 0x2d, 0x2d, 0x2d, 0x2d, 0x2d, 
        0x2d, 0x2d, 0x2d, 0x2d, 0x2d, 0x2d, 0x2d, 0x2d, 0x2d, 0x2d, 0x2d, 0x2d, 
        0x2d, 0x2d, 0x2d, 0x2d, 0x2d, 0x2d, 0x2d, 0x2d, 0x2d, 0x2d, 0x2d, 0x2d, 
        0x2d, 0x2d, 0x2d, 0x2d, 0x2d, 0x2d, 0x2d, 0x2d, 0x2d, 0x2d, 0x2d, 0x2d, 
        0x2d, 0x2d, 0x2d, 0x2d, 0x2d, 0x2d, 0x2d, 0x2d, 0x2d, 0x2d, 0x2d, 0x2d, 
        0x2d, 0x0a, 0x2f, 0x2f, 0x20, 0x72, 0x6f, 0x6f, 0x74, 0x73, 0x2c, 0x20, 
        0x70, 0x6f, 0x77, 0x65, 0x72, 0x73, 0x2c, 0x20, 0x65, 0x78, 0x70, 0x6f, 
        0x6e, 0x65, 0x6e, 0x74, 0x69, 0x61, 0x6c, 0x73, 0x20, 0x61, 0x6e, 0x64, 
        0x20, 0x6c, 0x6f, 0x67, 0x61, 0x72, 0x69, 0x74, 0x68, 0x6d, 0x73, 0x0a, 
        0x2f, 0x2f, 0x20, 0x2d, 0x2d, 0x2d, 0x2d, 0x2d, 0x2d, 0x2d, 0x2d, 0x2d, 
        0x2d, 0x2d, 0x2d, 0x2d, 0x2d, 0x2d, 0x2d, 0x2d, 0x2d, 0x2d, 0x2d, 0x2d, 
        0x2d, 0x2d, 0x2d, 0x2d, 0x2d, 0x2d, 0x2d, 0x2d, 0x2d, 0x2d, 0x2d, 0x2d, 
        0x2d, 0x2d, 0x2d, 0x2d, 0x2d, 0x2d, 0x2d, 0x2d, 0x2d, 0x2d, 0x2d, 0x2d, 
        0x2d, 0x2d, 0x2d, 0x2d, 0x2d, 0x2d, 0x2d, 0x2d, 0x2d, 0x2d, 0x2d, 0x2d, 
        0x2d, 0x2d, 0x2d, 0x2d, 0x2d, 0x2d, 0x2d, 0x2d, 0x2d, 0x2d, 0x2d, 0x2d, 
        0x2d, 0x2d, 0x2d, 0x2d, 0x2d, 0x2d, 0x2d, 0x0a, 0x0a, 0x2f, 0x2a, 0x2a, 
        0x0a, 0x20, 0x2a, 0x20, 0x52, 0x65, 0x74, 0x75, 0x72, 0x6e, 0x73, 0x20, 
        0x74, 0x68, 0x65, 0x20, 0x73, 0x71, 0x75, 0x61, 0x72, 0x65, 0x20, 0x72, 
        0x6f, 0x6f, 0x74, 0x20, 0x6f, 0x66, 0x20, 0x61, 0x20, 0x67, 0x69, 0x76, 
        0x65, 0x6e, 0x20, 0x76, 0x61, 0x6c, 0x75, 0x65, 0x2e, 0x0a, 0x20, 0x2a, 
        0x2f, 0x0a, 0x23, 0x5b, 0x69, 0x6e, 0x6c, 0x69, 0x6e, 0x65, 0x5d, 0x0a, 
        0x23, 0x5b, 0x69, 0x6e, 0x74, 0x72, 0x69, 0x6e, 0x73, 0x69, 0x63, 0x3a, 
        0x20, 0x22, 0x6c, 0x6c, 0x76, 0x6d, 0x2e, 0x73, 0x71, 0x72, 0x74, 0x22, 
        0x5d, 0x0a, 0x66, 0x75, 0x6e, 0x63, 0x74, 0x69, 0x6f, 0x6e, 0x20, 0x73, 
        0x71, 0x72, 0x74, 0x28, 0x66, 0x6c, 0x6f, 0x61, 0x74, 0x20, 0x24, 0x78, 
        0x29, 0x20, 0x3a, 0x20, 0x66, 0x6c, 0x6f, 0x61, 0x74, 0x3b, 0x0a, 0x0a, 
        0x23, 0x5b, 0x69, 0x6e, 0x6c, 0x69, 0x6e, 0x65, 0x5d, 0x0a, 0x23, 0x5b, 
        0x69, 0x6e, 0x74, 0x72, 0x69, 0x6e, 0x73, 0x69, 0x63, 0x3a, 0x20, 0x22, 
        0x6c, 0x6c, 0x76, 0x6d, 0x2e, 0x73, 0x71, 0x72, 0x74, 0x22, 0x5d, 0x0a, 
        0x66, 0x75, 0x6e, 0x63, 0x74, 0x69, 0x6f, 0x6e, 0x20, 0x73, 0x71, 0x72, 
        0x74, 0x28, 0x66, 0x6c, 0x6f, 0x61, 0x74, 0x36, 0x34, 0x20, 0x24, 0x78, 
        0x29, 0x20, 0x3a, 0x20, 0x66, 0x6c, 0x6f, 0x61, 0x74, 0x36, 0x34, 0x3b, 
        0x0a, 0x0a, 0x2f, 0x2a, 0x2a, 0x0a, 0x20, 0x2a, 0x20, 0x52, 0x65, 0x74, 
        0x75, 0x72, 0x6e, 0x73, 0x20, 0x24, 0x62, 0x61, 0x73, 0x65, 0x20, 0x72, 
        0x61, 0x69, 0x73, 0x65, 0x64, 0x20, 0x74, 0x6f, 0x20, 0x74, 0x68, 0x65, 
        0x20, 0x70, 0x6f, 0x77, 0x65, 0x72, 0x20, 0x6f, 0x66, 0x20, 0x24, 0x65, 
        0x78, 0x70, 0x6f, 0x6e, 0x65, 0x6e, 0x74, 0x2e, 0x0a, 0x20, 0x2a, 0x2f, 
        0x0a, 0x23, 0x5b, 0x69, 0x6e, 0x6c, 0x69, 0x6e, 0x65, 0x5d, 0x0a, 0x23, 
        0x5b, 0x69, 0x6e, 0x74, 0x72, 0x69, 0x6e, 0x73, 0x69, 0x63, 0x3a, 0x20, 
        0x22, 0x6c, 0x6c, 0x76, 0x6d, 0x2e, 0x70, 0x6f, 0x77, 0x22, 0x5d, 0x0a, 
        0x66, 0x75, 0x6e, 0x63, 0x74, 0x69, 0x6f, 0x6e, 0x20, 0x70, 0x6f, 0x77, 
        0x28, 0x66, 0x6c, 0x6f, 0x61, 0x74, 0x20, 0x24, 0x62, 0x61, 0x73, 0x65, 
        0x2c, 0x20, 0x66, 0x6c, 0x6f, 0x61, 0x74, 0x20, 0x24, 0x65, 0x78, 0x70, 
        0x6f, 0x6e, 0x65, 0x6e, 0x74, 0x29, 0x20, 0x3a, 0x20, 0x66, 0x6c, 0x6f, 
        0x61, 0x74, 0x3b, 0x0a, 0x0a, 0x23, 0x5b, 0x69, 0x6e, 0x6c, 0x69, 0x6e, 
        0x65, 0x5d, 0x0a, 0x23, 0x5b, 0x69, 0x6e, 0x74, 0x72, 0x69, 0x6e, 0x73, 
        0x69, 0x63, 0x3a, 0x20, 0x22, 0x6c, 0x6c, 0x76, 0x6d, 0x2e, 0x70, 0x6f, 
        0x77, 0x22, 0x5d, 0x0a, 0x66, 0x75, 0x6e, 0x63, 0x74, 0x69, 0x6f, 0x6e, 
        0x20, 0x70, 0x6f, 0x77, 0x28, 0x66, 0x6c, 0x6f, 0x61, 0x74, 0x36, 0x34, 
        0x20, 0x24, 0x62, 0x61, 0x73, 0x65, 0x2c, 0x20, 0x66, 0x6c, 0x6f, 0x61, 
        0x74, 0x36, 0x34, 0x20, 0x24, 0x65, 0x78, 0x70, 0x6f, 0x6e, 0x65, 0x6e, 
        0x74, 0x29, 0x20, 0x3a, 0x20, 0x66, 0x6c, 0x6f, 0x61, 0x74, 0x36, 0x34, 
        0x3b, 0x0a, 0x0a, 0x2f, 0x2a, 0x2a, 0x0a, 0x20, 0x2a, 0x20, 0x52, 0x65, 
        0x74, 0x75, 0x72, 0x6e, 0x73, 0x20, 0x65, 0x20, 0x72, 0x61, 0x69, 0x73, 
        0x65, 0x64, 0x20, 0x74, 0x6f, 0x20, 0x74, 0x68, 0x65, 0x20, 0x70, 0x6f, 
        0x77, 0x65, 0x72, 0x20, 0x6f, 0x66, 0x20, 0x61, 0x20, 0x67, 0x69, 0x76, 
        0x65, 0x6e, 0x20, 0x76, 0x61, 0x6c, 0x75, 0x65, 0x2e, 0x0a, 0x20, 0x2a, 
        0x2f, 0x0a, 0x23, 0x5b, 0x69, 0x6e, 0x6c, 0x69, 0x6e, 0x65, 0x5d, 0x0a, 
        0x23, 0x5b, 0x69, 0x6e, 0x74, 0x72, 0x69, 0x6e, 0x73, 0x69, 0x63, 0x3a, 
        0x20, 0x22, 0x6c, 0x6c, 0x76, 0x6d, 0x2e, 0x65, 0x78, 0x70, 0x22, 0x5d, 
        0x0a, 0x66, 0x75, 0x6e, 0x63, 0x74, 0x69, 0x6f, 0x6e, 0x20, 0x65, 0x78, 
        0x70, 0x28, 0x66, 0x6c, 0x6f, 0x61, 0x74, 0x20, 0x24, 0x78, 0x29, 0x20, 
        0x3a, 0x20, 0x66, 0x6c, 0x6f, 0x61, 0x74, 0x3b, 0x0a, 0x0a, 0x23, 0x5b, 
        0x69, 0x6e, 0x6c, 0x69, 0x6e, 0x65, 0x5d, 0x0a, 0x23, 0x5b, 0x69, 0x6e, 
        0x74, 0x72, 0x69, 0x6e, 0x73, 0x69, 0x63, 0x3a, 0x20, 0x22, 0x6c, 0x6c, 
        0x76, 0x6d, 0x2e, 0x65, 0x78, 0x70, 0x22, 0x5d, 0x0a, 0x66, 0x75, 0x6e, 
        0x63, 0x74, 0x69, 0x6f, 0x6e, 0x20, 0x65, 0x78, 0x70, 0x28, 0x66, 0x6c, 
        0x6f, 0x61, 0x74, 0x36, 0x34, 0x20, 0x24, 0x78, 0x29, 0x20, 0x3a, 0x20, 
        0x66, 0x6c, 0x6f, 0x61, 0x74, 0x36, 0x34, 0x3b, 0x0a, 0x0a, 0x2f, 0x2a, 
        0x2a, 0x0a, 0x20, 0x2a, 0x20, 0x52, 0x65, 0x74, 0x75, 0x72, 0x6e, 0x73, 
        0x20, 0x32, 0x20, 0x72, 0x61, 0x69, 0x73, 0x65, 0x64, 0x20, 0x74, 0x6f, 
        0x20, 0x74, 0x68, 0x65, 0x20, 0x70, 0x6f, 0x77, 0x65, 0x72, 0x20, 0x6f, 
        0x66, 0x20, 0x61, 0x20, 0x67, 0x69, 0x76, 0x65, 0x6e, 0x20, 0x76, 0x61, 
        0x6c, 0x75, 0x65, 0x2e, 0x0a, 0x20, 0x2a, 0x2f, 0x0a, 0x23, 0x5b, 0x69, 
        0x6e, 0x6c, 0x69, 0x6e, 0x65, 0x5d, 0x0a, 0x23, 0x5b, 0x69, 0x6e, 0x74, 
        0x72, 0x69, 0x6e, 0x73, 0x69, 0x63, 0x3a, 0x20, 0x22, 0x6c, 0x6c, 0x76, 
        0x6d, 0x2e, 0x65, 0x78, 0x70, 0x32, 0x22, 0x5d, 0x0a, 0x66, 0x75, 0x6e, 
        0x63, 0x74, 0x69, 0x6f, 0x6e, 0x20, 0x65, 0x78, 0x70, 0x32, 0x28, 0x66, 
        0x6c, 0x6f, 0x61, 0x74, 0x20, 0x24, 0x78, 0x29, 0x20, 0x3a, 0x20, 0x66, 
        0x6c, 0x6f, 0x61, 0x74, 0x3b, 0x0a, 0x0a, 0x23, 0x5b, 0x69, 0x6e, 0x6c, 
        0x69, 0x6e, 0x65, 0x5d, 0x0a, 0x23, 0x5b, 0x69, 0x6e, 0x74, 0x72, 0x69, 
        0x6e, 0x73, 0x69, 0x63, 0x3a, 0x20, 0x22, 0x6c, 0x6c, 0x76, 0x6d, 0x2e, 
        0x65, 0x78, 0x70, 0x32, 0x22, 0x5d, 0x0a, 0x66, 0x75, 0x6e, 0x63, 0x74, 
        0x69, 0x6f, 0x6e, 0x20, 0x65, 0x78, 0x70, 0x32, 0x28, 0x66, 0x6c, 0x6f, 
        0x61, 0x74, 0x36, 0x34, 0x20, 0x24, 0x78, 0x29, 0x20, 0x3a, 0x20, 0x66, 
        0x6c, 0x6f, 0x61, 0x74, 0x36, 0x34, 0x3b, 0x0a, 0x0a, 0x2f, 0x2a, 0x2a, 
        0x0a, 0x20, 0x2a, 0x20, 0x52, 0x65, 0x74, 0x75, 0x72, 0x6e, 0x73, 0x20, 
        0x31, 0x30, 0x20, 0x72, 0x61, 0x69, 0x73, 0x65, 0x64, 0x20, 0x74, 0x6f, 
        0x20, 0x74, 0x68, 0x65, 0x20, 0x70, 0x6f, 0x77, 0x65, 0x72, 0x20, 0x6f, 
        0x66, 0x20, 0x61, 0x20, 0x67, 0x69, 0x76, 0x65, 0x6e, 0x20, 0x76, 0x61, 
        0x6c, 0x75, 0x65, 0x2e, 0x0a, 0x20, 0x2a, 0x2f, 0x0a, 0x23, 0x5b, 0x69, 
        0x6e, 0x6c, 0x69, 0x6e, 0x65, 0x5d, 0x0a, 0x23, 0x5b, 0x69, 0x6e, 0x74, 
        0x72, 0x69, 0x6e, 0x73, 0x69, 0x63, 0x3a, 0x20, 0x22, 0x6c, 0x6c, 0x76, 
        0x6d, 0x2e, 0x65, 0x78, 0x70, 0x31, 0x30, 0x22, 0x5d, 0x0a, 0x66, 0x75, 
        0x6e, 0x63, 0x74, 0x69, 0x6f, 0x6e, 0x20, 0x65, 0x78, 0x70, 0x31, 0x30, 
        0x28, 0x66, 0x6c, 0x6f, 0x61, 0x74, 0x20, 0x24, 0x78, 0x29, 0x20, 0x3a, 
        0x20, 0x66, 0x6c, 0x6f, 0x61, 0x74, 0x3b, 0x0a, 0x0a, 0x23, 0x5b, 0x69, 
        0x6e, 0x6c, 0x69, 0x6e, 0x65, 0x5d, 0x0a, 0x23, 0x5b, 0x69, 0x6e, 0x74, 
        0x72, 0x69, 0x6e, 0x73, 0x69, 0x63, 0x3a, 0x20, 0x22, 0x6c, 0x6c, 0x76, 
        0x6d, 0x2e, 0x65, 0x78, 0x70, 0x31, 0x30, 0x22, 0x5d, 0x0a, 0x66, 0x75, 
        0x6e, 0x63, 0x74, 0x69, 0x6f, 0x6e, 0x20, 0x65, 0x78, 0x70, 0x31, 0x30, 
        0x28, 0x66, 0x6c, 0x6f, 0x61, 0x74, 0x36, 0x34, 0x20, 0x24, 0x78, 0x29, 
        0x20, 0x3a, 0x20, 0x66, 0x6c, 0x6f, 0x61, 0x74, 0x36, 0x34, 0x3b, 0x0a, 
        0x0a, 0x2f, 0x2a, 0x2a, 0x0a, 0x20, 0x2a, 0x20, 0x52, 0x65, 0x74, 0x75, 
        0x72, 0x6e, 0x73, 0x20, 0x74, 0x68, 0x65, 0x20, 0x6e, 0x61, 0x74, 0x75, 
        0x72, 0x61, 0x6c, 0x20, 0x6c, 0x6f, 0x67, 0x61, 0x72, 0x69, 0x74, 0x68, 
        0x6d, 0x20, 0x6f, 0x66, 0x20, 0x61, 0x20, 0x67, 0x69, 0x76, 0x65, 0x6e, 
        0x20, 0x76, 0x61, 0x6c, 0x75, 0x65, 0x2e, 0x0a, 0x20, 0x2a, 0x2f, 0x0a, 
        0x23, 0x5b, 0x69, 0x6e, 0x6c, 0x69, 0x6e, 0x65, 0x5d, 0x0a, 0x23, 0x5b, 
        0x69, 0x6e, 0x74, 0x72, 0x69, 0x6e, 0x73, 0x69, 0x63, 0x3a, 0x20, 0x22, 
        0x6c, 0x6c, 0x76, 0x6d, 0x2e, 0x6c, 0x6f, 0x67, 0x22, 0x5d, 0x0a, 0x66, 
        0x75, 0x6e, 0x63, 0x74, 0x69, 0x6f, 0x6e, 0x20, 0x6c, 0x6f, 0x67, 0x28, 
        0x66, 0x6c, 0x6f, 0x61, 0x74, 0x20, 0x24, 0x78, 0x29, 0x20, 0x3a, 0x20, 
        0x66, 0x6c, 0x6f, 0x61, 0x74, 0x3b, 0x0a, 0x0a, 0x23, 0x5b, 0x69, 0x6e, 
        0x6c, 0x69, 0x6e, 0x65, 0x5d, 0x0a, 0x23, 0x5b, 0x69, 0x6e, 0x74, 0x72, 
        0x69, 0x6e, 0x73, 0x69, 0x63, 0x3a, 0x20, 0x22, 0x6c, 0x6c, 0x76, 0x6d, 
        0x2e, 0x6c, 0x6f, 0x67, 0x22, 0x5d, 0x0a, 0x66, 0x75, 0x6e, 0x63, 0x74, 
        0x69, 0x6f, 0x6e, 0x20, 0x6c, 0x6f, 0x67, 0x28, 0x66, 0x6c, 0x6f, 0x61, 
        0x74, 0x36, 0x34, 0x20, 0x24, 0x78, 0x29, 0x20, 0x3a, 0x20, 0x66, 0x6c, 
        0x6f, 0x61, 0x74, 0x36, 0x34, 0x3b, 0x0a, 0x0a, 0x2f, 0x2a, 0x2a, 0x0a, 
        0x20, 0x2a, 0x20, 0x52, 0x65, 0x74, 0x75, 0x72, 0x6e, 0x73, 0x20, 0x74, 
        0x68, 0x65, 0x20, 0x62, 0x61, 0x73, 0x65, 0x20, 0x32, 0x20, 0x6c, 0x6f, 
        0x67, 0x61, 0x72, 0x69, 0x74, 0x68, 0x6d, 0x20, 0x6f, 0x66, 0x20, 0x61, 
        0x20, 0x67, 0x69, 0x76, 0x65, 0x6e, 0x20, 0x76, 0x61, 0x6c, 0x75, 0x65, 
        0x2e, 0x0a, 0x20, 0x2a, 0x2f, 0x0a, 0x23, 0x5b, 0x69, 0x6e, 0x6c, 0x69, 
        0x6e, 0x65, 0x5d, 0x0a, 0x23, 0x5b, 0x69, 0x6e, 0x74, 0x72, 0x69, 0x6e, 
        0x73, 0x69, 0x63, 0x3a, 0x20, 0x22, 0x6c, 0x6c, 0x76, 0x6d, 0x2e, 0x6c, 
        0x6f, 0x67, 0x32, 0x22, 0x5d, 0x0a, 0x66, 0x75, 0x6e, 0x63, 0x74, 0x69, 
        0x6f, 0x6e, 0x20, 0x6c, 0x6f, 0x67, 0x32, 0x28, 0x66, 0x6c, 0x6f, 0x61, 
        0x74, 0x20, 0x24, 0x78, 0x29, 0x20, 0x3a, 0x20, 0x66, 0x6c, 0x6f, 0x61, 
        0x74, 0x3b, 0x0a, 0x0a, 0x23, 0x5b, 0x69, 0x6e, 0x6c, 0x69, 0x6e, 0x65, 
        0x5d, 0x0a, 0x23, 0x5b, 0x69, 0x6e, 0x74, 0x72, 0x69, 0x6e, 0x73, 0x69, 
        0x63, 0x3a, 0x20, 0x22, 0x6c, 0x6c, 0x76, 0x6d, 0x2e, 0x6c, 0x6f, 0x67, 
        0x32, 0x22, 0x5d, 0x0a, 0x66, 0x75, 0x6e, 0x63, 0x74, 0x69, 0x6f, 0x6e, 
        0x20, 0x6c, 0x6f, 0x67, 0x32, 0x28, 0x66, 0x6c, 0x6f, 0x61, 0x74, 0x36, 
        0x34, 0x20, 0x24, 0x78, 0x29, 0x20, 0x3a, 0x20, 0x66, 0x6c, 0x6f, 0x61, 
        0x74, 0x36, 0x34, 0x3b, 0x0a, 0x0a, 0x2f, 0x2a, 0x2a, 0x0a, 0x20, 0x2a, 
        0x20, 0x52, 0x65, 0x74, 0x75, 0x72, 0x6e, 0x73, 0x20, 0x74, 0x68, 0x65, 
        0x20, 0x62, 0x61, 0x73, 0x65, 0x20, 0x31, 0x30, 0x20, 0x6c, 0x6f, 0x67, 
        0x61, 0x72, 0x69, 0x74, 0x68, 0x6d, 0x20, 0x6f, 0x66, 0x20, 0x61, 0x20, 
        0x67, 0x69, 0x76, 0x65, 0x6e, 0x20, 0x76, 0x61, 0x6c, 0x75, 0x65, 0x2e, 
        0x0a, 0x20, 0x2a, 0x2f, 0x0a, 0x23, 0x5b, 0x69, 0x6e, 0x6c, 0x69, 0x6e, 
        0x65, 0x5d, 0x0a, 0x23, 0x5b, 0x69, 0x6e, 0x74, 0x72, 0x69, 0x6e, 0x73, 
        0x69, 0x63, 0x3a, 0x20, 0x22, 0x6c, 0x6c, 0x76, 0x6d, 0x2e, 0x6c, 0x6f, 
        0x67, 0x31, 0x30, 0x22, 0x5d, 0x0a, 0x66, 0x75, 0x6e, 0x63, 0x74, 0x69, 
        0x6f, 0x6e, 0x20, 0x6c, 0x6f, 0x67, 0x31, 0x30, 0x28, 0x66, 0x6c, 0x6f, 
        0x61, 0x74, 0x20, 0x24, 0x78, 0x29, 0x20, 0x3a, 0x20, 0x66, 0x6c, 0x6f, 
        0x61, 0x74, 0x3b, 0x0a, 0x0a, 0x23, 0x5b, 0x69, 0x6e, 0x6c, 0x69, 0x6e, 
        0x65, 0x5d, 0x0a, 0x23, 0x5b, 0x69, 0x6e, 0x74, 0x72, 0x69, 0x6e, 0x73, 
        0x69, 0x63, 0x3a, 0x20, 0x22, 0x6c, 0x6c, 0x76, 0x6d, 0x2e, 0x6c, 0x6f, 
        0x67, 0x31, 0x30, 0x22, 0x5d, 0x0a, 0x66, 0x75, 0x6e, 0x63, 0x74, 0x69, 
        0x6f, 0x6e, 0x20, 0x6c, 0x6f, 0x67, 0x31, 0x30, 0x28, 0x66, 0x6c, 0x6f, 
        0x61, 0x74, 0x36, 0x34, 0x20, 0x24, 0x78, 0x29, 0x20, 0x3a, 0x20, 0x66, 
        0x6c, 0x6f, 0x61, 0x74, 0x36, 0x34, 0x3b, 0x0a, 0x0a, 0x2f, 0x2f, 0x20, 
        0x2d, 0x2d, 0x2d, 0x2d, 0x2d, 0x2d, 0x2d, 0x2d, 0x2d, 0x2d, 0x2d, 0x2d, 
        0x2d, 0x2d, 0x2d, 0x2d, 0x2d, 0x2d, 0x2d, 0x2d, 0x2d, 0x2d, 0x2d, 0x2d, 
        0x2d, 0x2d, 0x2d, 0x2d, 0x2d, 0x2d, 0x2d, 0x2d, 0x2d, 0x2d, 0x2d, 0x2d, 
        0x2d, 0x2d, 0x2d, 0x2d, 0x2d, 0x2d, 0x2d, 0x2d, 0x2d, 0x2d, 0x2d, 0x2d, 
        0x2d, 0x2d, 0x2d, 0x2d, 0x2d, 0x2d, 0x2d, 0x2d, 0x2d, 0x2d, 0x2d, 0x2d, 
        0x2d, 0x2d, 0x2d, 0x2d, 0x2d, 0x2d, 0x2d, 0x2d, 0x2d, 0x2d, 0x2d, 0x2d, 
        0x2d, 0x2d, 0x2d, 0x2d, 0x0a, 0x2f, 0x2f, 0x20, 0x72, 0x6f, 0x75, 0x6e, 
        0x64, 0x69, 0x6e, 0x67, 0x0a, 0x2f, 0x2f, 0x20, 0x2d, 0x2d, 0x2d, 0x2d, 
        0x2d, 0x2d, 0x2d, 0x2d, 0x2d, 0x2d, 0x2d, 0x2d, 0x2d, 0x2d, 0x2d, 0x2d, 
        0x2d, 0x2d, 0x2d, 0x2d, 0x2d, 0x2d, 0x2d, 0x2d, 0x2d, 0x2d, 0x2d, 0x2d, 
        0x2d, 0x2d, 0x2d, 0x2d, 0x2d, 0x2d, 0x2d, 0x2d, 0x2d, 0x2d, 0x2d, 0x2d, 
        0x2d, 0x2d, 0x2d, 0x2d, 0x2d, 0x2d, 0x2d, 0x2d, 0x2d, 0x2d, 0x2d, 0x2d, 
        0x2d, 0x2d, 0x2d, 0x2d, 0x2d, 0x2d, 0x2d, 0x2d, 0x2d, 0x2d, 0x2d, 0x2d, 
        0x2d, 0x2d, 0x2d, 0x2d, 0x2d, 0x2d, 0x2d, 0x2d, 0x2d, 0x2d, 0x2d, 0x2d, 
        0x0a, 0x0a, 0x2f, 0x2a, 0x2a, 0x0a, 0x20, 0x2a, 0x20, 0x52, 0x65, 0x74, 
        0x75, 0x72, 0x6e, 0x73, 0x20, 0x74, 0x68, 0x65, 0x20, 0x6c, 0x61, 0x72, 
        0x67, 0x65, 0x73, 0x74, 0x20, 0x69, 0x6e, 0x74, 0x65, 0x67, 0x72, 0x61, 
        0x6c, 0x20, 0x76, 0x61, 0x6c, 0x75, 0x65, 0x20, 0x6e, 0x6f, 0x74, 0x20, 
        0x67, 0x72, 0x65, 0x61, 0x74, 0x65, 0x72, 0x20, 0x74, 0x68, 0x61, 0x6e, 
        0x20, 0x61, 0x20, 0x67, 0x69, 0x76, 0x65, 0x6e, 0x20, 0x76, 0x61, 0x6c, 
        0x75, 0x65, 0x2e, 0x0a, 0x20, 0x2a, 0x2f, 0x0a, 0x23, 0x5b, 0x69, 0x6e, 
        0x6c, 0x69, 0x6e, 0x65, 0x5d, 0x0a, 0x23, 0x5b, 0x69, 0x6e, 0x74, 0x72, 
        0x69, 0x6e, 0x73, 0x69, 0x63, 0x3a, 0x20, 0x22, 0x6c, 0x6c, 0x76, 0x6d, 
        0x2e, 0x66, 0x6c, 0x6f, 0x6f, 0x72, 0x22, 0x5d, 0x0a, 0x66, 0x75, 0x6e, 
        0x63, 0x74, 0x69, 0x6f, 0x6e, 0x20, 0x66, 0x6c, 0x6f, 0x6f, 0x72, 0x28, 
        0x66, 0x6c, 0x6f, 0x61, 0x74, 0x20, 0x24, 0x78, 0x29, 0x20, 0x3a, 0x20, 
        0x66, 0x6c, 0x6f, 0x61, 0x74, 0x3b, 0x0a, 0x0a, 0x23, 0x5b, 0x69, 0x6e, 
        0x6c, 0x69, 0x6e, 0x65, 0x5d, 0x0a, 0x23, 0x5b, 0x69, 0x6e, 0x74, 0x72, 
        0x69, 0x6e, 0x73, 0x69, 0x63, 0x3a, 0x20, 0x22, 0x6c, 0x6c, 0x76, 0x6d, 
        0x2e, 0x66, 0x6c, 0x6f, 0x6f, 0x72, 0x22, 0x5d, 0x0a, 0x66, 0x75, 0x6e, 
        0x63, 0x74, 0x69, 0x6f, 0x6e, 0x20, 0x66, 0x6c, 0x6f, 0x6f, 0x72, 0x28, 
        0x66, 0x6c, 0x6f, 0x61, 0x74, 0x36, 0x34, 0x20, 0x24, 0x78, 0x29, 0x20, 
        0x3a, 0x20, 0x66, 0x6c, 0x6f, 0x61, 0x74, 0x36, 0x34, 0x3b, 0x0a, 0x0a, 
        0x2f, 0x2a, 0x2a, 0x0a, 0x20, 0x2a, 0x20, 0x52, 0x65, 0x74, 0x75, 0x72, 
        0x6e, 0x73, 0x20, 0x74, 0x68, 0x65, 0x20, 0x73, 0x6d, 0x61, 0x6c, 0x6c, 
        0x65, 0x73, 0x74, 0x20, 0x69, 0x6e, 0x74, 0x65, 0x67, 0x72, 0x61, 0x6c, 
        0x20, 0x76, 0x61, 0x6c, 0x75, 0x65, 0x20, 0x6e, 0x6f, 0x74, 0x20, 0x6c, 
        0x65, 0x73, 0x73, 0x20, 0x74, 0x68, 0x61, 0x6e, 0x20, 0x61, 0x20, 0x67, 
        0x69, 0x76, 0x65, 0x6e, 0x20, 0x76, 0x61, 0x6c, 0x75, 0x65, 0x2e, 0x0a, 
        0x20, 0x2a, 0x2f, 0x0a, 0x23, 0x5b, 0x69, 0x6e, 0x6c, 0x69, 0x6e, 0x65, 
        0x5d, 0x0a, 0x23, 0x5b, 0x69, 0x6e, 0x74, 0x72, 0x69, 0x6e, 0x73, 0x69, 
        0x63, 0x3a, 0x20, 0x22, 0x6c, 0x6c, 0x76, 0x6d, 0x2e, 0x63, 0x65, 0x69, 
        0x6c, 0x22, 0x5d, 0x0a, 0x66, 0x75, 0x6e, 0x63, 0x74, 0x69, 0x6f, 0x6e, 
        0x20, 0x63, 0x65, 0x69, 0x6c, 0x28, 0x66, 0x6c, 0x6f, 0x61, 0x74, 0x20, 
        0x24, 0x78, 0x29, 0x20, 0x3a, 0x20, 0x66, 0x6c, 0x6f, 0x61, 0x74, 0x3b, 
        0x0a, 0x0a, 0x23, 0x5b, 0x69, 0x6e, 0x6c, 0x69, 0x6e, 0x65, 0x5d, 0x0a, 
        0x23, 0x5b, 0x69, 0x6e, 0x74, 0x72, 0x69, 0x6e, 0x73, 0x69, 0x63, 0x3a, 
        0x20, 0x22, 0x6c, 0x6c, 0x76, 0x6d, 0x2e, 0x63, 0x65, 0x69, 0x6c, 0x22, 
        0x5d, 0x0a, 0x66, 0x75, 0x6e, 0x63, 0x74, 0x69, 0x6f, 0x6e, 0x20, 0x63, 
        0x65, 0x69, 0x6c, 0x28, 0x66, 0x6c, 0x6f, 0x61, 0x74, 0x36, 0x34, 0x20, 
        0x24, 0x78, 0x29, 0x20, 0x3a, 0x20, 0x66, 0x6c, 0x6f, 0x61, 0x74, 0x36, 
        0x34, 0x3b, 0x0a, 0x0a, 0x2f, 0x2a, 0x2a, 0x0a, 0x20, 0x2a, 0x20, 0x52, 
        0x65, 0x74, 0x75, 0x72, 0x6e, 0x73, 0x20, 0x61, 0x20, 0x67, 0x69, 0x76, 
        0x65, 0x6e, 0x20, 0x76, 0x61, 0x6c, 0x75, 0x65, 0x20, 0x77, 0x69, 0x74, 
        0x68, 0x20, 0x69, 0x74, 0x73, 0x20, 0x66, 0x72, 0x61, 0x63, 0x74, 0x69, 
        0x6f, 0x6e, 0x61, 0x6c, 0x20, 0x70, 0x61, 0x72, 0x74, 0x20, 0x64, 0x69, 
        0x73, 0x63, 0x61, 0x72, 0x64, 0x65, 0x64, 0x2c, 0x20, 0x72, 0x6f, 0x75, 
        0x6e, 0x64, 0x69, 0x6e, 0x67, 0x20, 0x74, 0x6f, 0x77, 0x61, 0x72, 0x64, 
        0x20, 0x7a, 0x65, 0x72, 0x6f, 0x2e, 0x0a, 0x20, 0x2a, 0x2f, 0x0a, 0x23, 
        0x5b, 0x69, 0x6e, 0x6c, 0x69, 0x6e, 0x65, 0x5d, 0x0a, 0x23, 0x5b, 0x69, 
        0x6e, 0x74, 0x72, 0x69, 0x6e, 0x73, 0x69, 0x63, 0x3a, 0x20, 0x22, 0x6c, 
        0x6c, 0x76, 0x6d, 0x2e, 0x74, 0x72, 0x75, 0x6e, 0x63, 0x22, 0x5d, 0x0a, 
        0x66, 0x75, 0x6e, 0x63, 0x74, 0x69, 0x6f, 0x6e, 0x20, 0x74, 0x72, 0x75, 
        0x6e, 0x63, 0x28, 0x66, 0x6c, 0x6f, 0x61, 0x74, 0x20, 0x24, 0x78, 0x29, 
        0x20, 0x3a, 0x20, 0x66, 0x6c, 0x6f, 0x61, 0x74, 0x3b, 0x0a, 0x0a, 0x23, 
        0x5b, 0x69, 0x6e, 0x6c, 0x69, 0x6e, 0x65, 0x5d, 0x0a, 0x23, 0x5b, 0x69, 
        0x6e, 0x74, 0x72, 0x69, 0x6e, 0x73, 0x69, 0x63, 0x3a, 0x20, 0x22, 0x6c, 
        0x6c, 0x76, 0x6d, 0x2e, 0x74, 0x72, 0x75, 0x6e, 0x63, 0x22, 0x5d, 0x0a, 
        0x66, 0x75, 0x6e, 0x63, 0x74, 0x69, 0x6f, 0x6e, 0x20, 0x74, 0x72, 0x75, 
        0x6e, 0x63, 0x28, 0x66, 0x6c, 0x6f, 0x61, 0x74, 0x36, 0x34, 0x20, 0x24, 
        0x78, 0x29, 0x20, 0x3a, 0x20, 0x66, 0x6c, 0x6f, 0x61, 0x74, 0x36, 0x34, 
        0x3b, 0x0a, 0x0a, 0x2f, 0x2a, 0x2a, 0x0a, 0x20, 0x2a, 0x20, 0x52, 0x65, 
        0x74, 0x75, 0x72, 0x6e, 0x73, 0x20, 0x74, 0x68, 0x65, 0x20, 0x6e, 0x65, 
        0x61, 0x72, 0x65, 0x73, 0x74, 0x20, 0x69, 0x6e, 0x74, 0x65, 0x67, 0x72, 
        0x61, 0x6c, 0x20, 0x76, 0x61, 0x6c, 0x75, 0x65, 0x2c, 0x20, 0x72, 0x6f, 
        0x75, 0x6e, 0x64, 0x69, 0x6e, 0x67, 0x20, 0x68, 0x61, 0x6c, 0x66, 0x77, 
        0x61, 0x79, 0x20, 0x63, 0x61, 0x73, 0x65, 0x73, 0x20, 0x61, 0x77, 0x61, 
        0x79, 0x20, 0x66, 0x72, 0x6f, 0x6d, 0x20, 0x7a, 0x65, 0x72, 0x6f, 0x2e, 
        0x0a, 0x20, 0x2a, 0x2f, 0x0a, 0x23, 0x5b, 0x69, 0x6e, 0x6c, 0x69, 0x6e, 
        0x65, 0x5d, 0x0a, 0x23, 0x5b, 0x69, 0x6e, 0x74, 0x72, 0x69, 0x6e, 0x73, 
        0x69, 0x63, 0x3a, 0x20, 0x22, 0x6c, 0x6c, 0x76, 0x6d, 0x2e, 0x72, 0x6f, 
        0x75, 0x6e, 0x64, 0x22, 0x5d, 0x0a, 0x66, 0x75, 0x6e, 0x63, 0x74, 0x69, 
        0x6f, 0x6e, 0x20, 0x72, 0x6f, 0x75, 0x6e, 0x64, 0x28, 0x66, 0x6c, 0x6f, 
        0x61, 0x74, 0x20, 0x24, 0x78, 0x29, 0x20, 0x3a, 0x20, 0x66, 0x6c, 0x6f, 
        0x61, 0x74, 0x3b, 0x0a, 0x0a, 0x23, 0x5b, 0x69, 0x6e, 0x6c, 0x69, 0x6e, 
        0x65, 0x5d, 0x0a, 0x23, 0x5b, 0x69, 0x6e, 0x74, 0x72, 0x69, 0x6e, 0x73, 
        0x69, 0x63, 0x3a, 0x20, 0x22, 0x6c, 0x6c, 0x76, 0x6d, 0x2e, 0x72, 0x6f, 
        0x75, 0x6e, 0x64, 0x22, 0x5d, 0x0a, 0x66, 0x75, 0x6e, 0x63, 0x74, 0x69, 
        0x6f, 0x6e, 0x20, 0x72, 0x6f, 0x75, 0x6e, 0x64, 0x28, 0x66, 0x6c, 0x6f, 
        0x61, 0x74, 0x36, 0x34, 0x20, 0x24, 0x78, 0x29, 0x20, 0x3a, 0x20, 0x66, 
        0x6c, 0x6f, 0x61, 0x74, 0x36, 0x34, 0x3b, 0x0a, 0x0a, 0x2f, 0x2a, 0x2a, 
        0x0a, 0x20, 0x2a, 0x20, 0x52, 0x65, 0x74, 0x75, 0x72, 0x6e, 0x73, 0x20, 
        0x74, 0x68, 0x65, 0x20, 0x6e, 0x65, 0x61, 0x72, 0x65, 0x73, 0x74, 0x20, 
        0x69, 0x6e, 0x74, 0x65, 0x67, 0x72, 0x61, 0x6c, 0x20, 0x76, 0x61, 0x6c, 
        0x75, 0x65, 0x2c, 0x20, 0x72, 0x6f, 0x75, 0x6e, 0x64, 0x69, 0x6e, 0x67, 
        0x20, 0x68, 0x61, 0x6c, 0x66, 0x77, 0x61, 0x79, 0x20, 0x63, 0x61, 0x73, 
        0x65, 0x73, 0x20, 0x74, 0x6f, 0x20, 0x74, 0x68, 0x65, 0x20, 0x65, 0x76, 
        0x65, 0x6e, 0x20, 0x6e, 0x65, 0x69, 0x67, 0x68, 0x62, 0x6f, 0x75, 0x72, 
        0x2e, 0x0a, 0x20, 0x2a, 0x0a, 0x20, 0x2a, 0x20, 0x74, 0x68, 0x69, 0x73, 
        0x20, 0x69, 0x73, 0x20, 0x62, 0x61, 0x6e, 0x6b, 0x65, 0x72, 0x27, 0x73, 
        0x20, 0x72, 0x6f, 0x75, 0x6e, 0x64, 0x69, 0x6e, 0x67, 0x2c, 0x20, 0x61, 
        0x6e, 0x64, 0x20, 0x69, 0x74, 0x20, 0x64, 0x69, 0x66, 0x66, 0x65, 0x72, 
        0x73, 0x20, 0x66, 0x72, 0x6f, 0x6d, 0x20, 0x72, 0x6f, 0x75, 0x6e, 0x64, 
        0x28, 0x29, 0x20, 0x6f, 0x6e, 0x20, 0x65, 0x78, 0x61, 0x63, 0x74, 0x20, 
        0x68, 0x61, 0x6c, 0x76, 0x65, 0x73, 0x3a, 0x20, 0x72, 0x6f, 0x75, 0x6e, 
        0x64, 0x28, 0x32, 0x2e, 0x35, 0x29, 0x20, 0x69, 0x73, 0x20, 0x33, 0x2c, 
        0x20, 0x77, 0x68, 0x69, 0x6c, 0x65, 0x0a, 0x20, 0x2a, 0x20, 0x72, 0x6f, 
        0x75, 0x6e, 0x64, 0x65, 0x76, 0x65, 0x6e, 0x28, 0x32, 0x2e, 0x35, 0x29, 
        0x20, 0x69, 0x73, 0x20, 0x32, 0x0a, 0x20, 0x2a, 0x2f, 0x0a, 0x23, 0x5b, 
        0x69, 0x6e, 0x6c, 0x69, 0x6e, 0x65, 0x5d, 0x0a, 0x23, 0x5b, 0x69, 0x6e, 
        0x74, 0x72, 0x69, 0x6e, 0x73, 0x69, 0x63, 0x3a, 0x20, 0x22, 0x6c, 0x6c, 
        0x76, 0x6d, 0x2e, 0x72, 0x6f, 0x75, 0x6e, 0x64, 0x65, 0x76, 0x65, 0x6e, 
        0x22, 0x5d, 0x0a, 0x66, 0x75, 0x6e, 0x63, 0x74, 0x69, 0x6f, 0x6e, 0x20, 
        0x72, 0x6f, 0x75, 0x6e, 0x64, 0x65, 0x76, 0x65, 0x6e, 0x28, 0x66, 0x6c, 
        0x6f, 0x61, 0x74, 0x20, 0x24, 0x78, 0x29, 0x20, 0x3a, 0x20, 0x66, 0x6c, 
        0x6f, 0x61, 0x74, 0x3b, 0x0a, 0x0a, 0x23, 0x5b, 0x69, 0x6e, 0x6c, 0x69, 
        0x6e, 0x65, 0x5d, 0x0a, 0x23, 0x5b, 0x69, 0x6e, 0x74, 0x72, 0x69, 0x6e, 
        0x73, 0x69, 0x63, 0x3a, 0x20, 0x22, 0x6c, 0x6c, 0x76, 0x6d, 0x2e, 0x72, 
        0x6f, 0x75, 0x6e, 0x64, 0x65, 0x76, 0x65, 0x6e, 0x22, 0x5d, 0x0a, 0x66, 
        0x75, 0x6e, 0x63, 0x74, 0x69, 0x6f, 0x6e, 0x20, 0x72, 0x6f, 0x75, 0x6e, 
        0x64, 0x65, 0x76, 0x65, 0x6e, 0x28, 0x66, 0x6c, 0x6f, 0x61, 0x74, 0x36, 
        0x34, 0x20, 0x24, 0x78, 0x29, 0x20, 0x3a, 0x20, 0x66, 0x6c, 0x6f, 0x61, 
        0x74, 0x36, 0x34, 0x3b, 0x0a, 0x0a, 0x2f, 0x2a, 0x2a, 0x0a, 0x20, 0x2a, 
        0x20, 0x52, 0x65, 0x74, 0x75, 0x72, 0x6e, 0x73, 0x20, 0x74, 0x68, 0x65, 
        0x20, 0x6e, 0x65, 0x61, 0x72, 0x65, 0x73, 0x74, 0x20, 0x69, 0x6e, 0x74, 
        0x65, 0x67, 0x72, 0x61, 0x6c, 0x20, 0x76, 0x61, 0x6c, 0x75, 0x65, 0x2c, 
        0x20, 0x61, 0x63, 0x63, 0x6f, 0x72, 0x64, 0x69, 0x6e, 0x67, 0x20, 0x74, 
        0x6f, 0x20, 0x74, 0x68, 0x65, 0x20, 0x63, 0x75, 0x72, 0x72, 0x65, 0x6e, 
        0x74, 0x20, 0x72, 0x6f, 0x75, 0x6e, 0x64, 0x69, 0x6e, 0x67, 0x20, 0x6d, 
        0x6f, 0x64, 0x65, 0x2e, 0x0a, 0x20, 0x2a, 0x2f, 0x0a, 0x23, 0x5b, 0x69, 
        0x6e, 0x6c, 0x69, 0x6e, 0x65, 0x5d, 0x0a, 0x23, 0x5b, 0x69, 0x6e, 0x74, 
        0x72, 0x69, 0x6e, 0x73, 0x69, 0x63, 0x3a, 0x20, 0x22, 0x6c, 0x6c, 0x76, 
        0x6d, 0x2e, 0x72, 0x69, 0x6e, 0x74, 0x22, 0x5d, 0x0a, 0x66, 0x75, 0x6e, 
        0x63, 0x74, 0x69, 0x6f, 0x6e, 0x20, 0x72, 0x69, 0x6e, 0x74, 0x28, 0x66, 
        0x6c, 0x6f, 0x61, 0x74, 0x20, 0x24, 0x78, 0x29, 0x20, 0x3a, 0x20, 0x66, 
        0x6c, 0x6f, 0x61, 0x74, 0x3b, 0x0a, 0x0a, 0x23, 0x5b, 0x69, 0x6e, 0x6c, 
        0x69, 0x6e, 0x65, 0x5d, 0x0a, 0x23, 0x5b, 0x69, 0x6e, 0x74, 0x72, 0x69, 
        0x6e, 0x73, 0x69, 0x63, 0x3a, 0x20, 0x22, 0x6c, 0x6c, 0x76, 0x6d, 0x2e, 
        0x72, 0x69, 0x6e, 0x74, 0x22, 0x5d, 0x0a, 0x66, 0x75, 0x6e, 0x63, 0x74, 
        0x69, 0x6f, 0x6e, 0x20, 0x72, 0x69, 0x6e, 0x74, 0x28, 0x66, 0x6c, 0x6f, 
        0x61, 0x74, 0x36, 0x34, 0x20, 0x24, 0x78, 0x29, 0x20, 0x3a, 0x20, 0x66, 
        0x6c, 0x6f, 0x61, 0x74, 0x36, 0x34, 0x3b, 0x0a, 0x0a, 0x2f, 0x2f, 0x20, 
        0x2d, 0x2d, 0x2d, 0x2d, 0x2d, 0x2d, 0x2d, 0x2d, 0x2d, 0x2d, 0x2d, 0x2d, 
        0x2d, 0x2d, 0x2d, 0x2d, 0x2d, 0x2d, 0x2d, 0x2d, 0x2d, 0x2d, 0x2d, 0x2d, 
        0x2d, 0x2d, 0x2d, 0x2d, 0x2d, 0x2d, 0x2d, 0x2d, 0x2d, 0x2d, 0x2d, 0x2d, 
        0x2d, 0x2d, 0x2d, 0x2d, 0x2d, 0x2d, 0x2d, 0x2d, 0x2d, 0x2d, 0x2d, 0x2d, 
        0x2d, 0x2d, 0x2d, 0x2d, 0x2d, 0x2d, 0x2d, 0x2d, 0x2d, 0x2d, 0x2d, 0x2d, 
        0x2d, 0x2d, 0x2d, 0x2d, 0x2d, 0x2d, 0x2d, 0x2d, 0x2d, 0x2d, 0x2d, 0x2d, 
        0x2d, 0x2d, 0x2d, 0x2d, 0x0a, 0x2f, 0x2f, 0x20, 0x73, 0x69, 0x67, 0x6e, 
        0x0a, 0x2f, 0x2f, 0x20, 0x2d, 0x2d, 0x2d, 0x2d, 0x2d, 0x2d, 0x2d, 0x2d, 
        0x2d, 0x2d, 0x2d, 0x2d, 0x2d, 0x2d, 0x2d, 0x2d, 0x2d, 0x2d, 0x2d, 0x2d, 
        0x2d, 0x2d, 0x2d, 0x2d, 0x2d, 0x2d, 0x2d, 0x2d, 0x2d, 0x2d, 0x2d, 0x2d, 
        0x2d, 0x2d, 0x2d, 0x2d, 0x2d, 0x2d, 0x2d, 0x2d, 0x2d, 0x2d, 0x2d, 0x2d, 
        0x2d, 0x2d, 0x2d, 0x2d, 0x2d, 0x2d, 0x2d, 0x2d, 0x2d, 0x2d, 0x2d, 0x2d, 
        0x2d, 0x2d, 0x2d, 0x2d, 0x2d, 0x2d, 0x2d, 0x2d, 0x2d, 0x2d, 0x2d, 0x2d, 
        0x2d, 0x2d, 0x2d, 0x2d, 0x2d, 0x2d, 0x2d, 0x2d, 0x0a, 0x0a, 0x2f, 0x2a, 
        0x2a, 0x0a, 0x20, 0x2a, 0x20, 0x52, 0x65, 0x74, 0x75, 0x72, 0x6e, 0x73, 
        0x20, 0x74, 0x68, 0x65, 0x20, 0x61, 0x62, 0x73, 0x6f, 0x6c, 0x75, 0x74, 
        0x65, 0x20, 0x76, 0x61, 0x6c, 0x75, 0x65, 0x20, 0x6f, 0x66, 0x20, 0x61, 
        0x20, 0x67, 0x69, 0x76, 0x65, 0x6e, 0x20, 0x76, 0x61, 0x6c, 0x75, 0x65, 
        0x2e, 0x0a, 0x20, 0x2a, 0x0a, 0x20, 0x2a, 0x20, 0x74, 0x68, 0x65, 0x73, 
        0x65, 0x20, 0x74, 0x77, 0x6f, 0x20, 0x73, 0x69, 0x74, 0x20, 0x61, 0x6c, 
        0x6f, 0x6e, 0x67, 0x73, 0x69, 0x64, 0x65, 0x20, 0x74, 0x68, 0x65, 0x20, 
        0x67, 0x65, 0x6e, 0x65, 0x72, 0x69, 0x63, 0x20, 0x61, 0x62, 0x73, 0x3c, 
        0x54, 0x3e, 0x20, 0x69, 0x6e, 0x20, 0x66, 0x75, 0x6e, 0x63, 0x74, 0x69, 
        0x6f, 0x6e, 0x73, 0x2e, 0x65, 0x63, 0x6f, 0x2c, 0x20, 0x61, 0x6e, 0x64, 
        0x20, 0x74, 0x68, 0x65, 0x20, 0x6f, 0x76, 0x65, 0x72, 0x6c, 0x6f, 0x61, 
        0x64, 0x20, 0x73, 0x65, 0x74, 0x20, 0x73, 0x6f, 0x72, 0x74, 0x73, 0x20, 
        0x69, 0x74, 0x20, 0x6f, 0x75, 0x74, 0x3a, 0x0a, 0x20, 0x2a, 0x20, 0x61, 
        0x20, 0x66, 0x6c, 0x6f, 0x61, 0x74, 0x20, 0x61, 0x72, 0x67, 0x75, 0x6d, 
        0x65, 0x6e, 0x74, 0x20, 0x6d, 0x61, 0x74, 0x63, 0x68, 0x65, 0x73, 0x20, 
        0x6f, 0x6e, 0x65, 0x20, 0x6f, 0x66, 0x20, 0x74, 0x68, 0x65, 0x73, 0x65, 
        0x20, 0x65, 0x78, 0x61, 0x63, 0x74, 0x6c, 0x79, 0x2c, 0x20, 0x77, 0x68, 
        0x69, 0x6c, 0x65, 0x20, 0x61, 0x6e, 0x20, 0x69, 0x6e, 0x74, 0x65, 0x67, 
        0x65, 0x72, 0x20, 0x6f, 0x6e, 0x65, 0x20, 0x69, 0x6e, 0x73, 0x74, 0x61, 
        0x6e, 0x74, 0x69, 0x61, 0x74, 0x65, 0x73, 0x20, 0x74, 0x68, 0x65, 0x20, 
        0x74, 0x65, 0x6d, 0x70, 0x6c, 0x61, 0x74, 0x65, 0x0a, 0x20, 0x2a, 0x2f, 
        0x0a, 0x23, 0x5b, 0x69, 0x6e, 0x6c, 0x69, 0x6e, 0x65, 0x5d, 0x0a, 0x23, 
        0x5b, 0x69, 0x6e, 0x74, 0x72, 0x69, 0x6e, 0x73, 0x69, 0x63, 0x3a, 0x20, 
        0x22, 0x6c, 0x6c, 0x76, 0x6d, 0x2e, 0x66, 0x61, 0x62, 0x73, 0x22, 0x5d, 
        0x0a, 0x66, 0x75, 0x6e, 0x63, 0x74, 0x69, 0x6f, 0x6e, 0x20, 0x61, 0x62, 
        0x73, 0x28, 0x66, 0x6c, 0x6f, 0x61, 0x74, 0x20, 0x24, 0x78, 0x29, 0x20, 
        0x3a, 0x20, 0x66, 0x6c, 0x6f, 0x61, 0x74, 0x3b, 0x0a, 0x0a, 0x23, 0x5b, 
        0x69, 0x6e, 0x6c, 0x69, 0x6e, 0x65, 0x5d, 0x0a, 0x23, 0x5b, 0x69, 0x6e, 
        0x74, 0x72, 0x69, 0x6e, 0x73, 0x69, 0x63, 0x3a, 0x20, 0x22, 0x6c, 0x6c, 
        0x76, 0x6d, 0x2e, 0x66, 0x61, 0x62, 0x73, 0x22, 0x5d, 0x0a, 0x66, 0x75, 
        0x6e, 0x63, 0x74, 0x69, 0x6f, 0x6e, 0x20, 0x61, 0x62, 0x73, 0x28, 0x66, 
        0x6c, 0x6f, 0x61, 0x74, 0x36, 0x34, 0x20, 0x24, 0x78, 0x29, 0x20, 0x3a, 
        0x20, 0x66, 0x6c, 0x6f, 0x61, 0x74, 0x36, 0x34, 0x3b, 0x0a, 0x0a, 0x2f, 
        0x2a, 0x2a, 0x0a, 0x20, 0x2a, 0x20, 0x52, 0x65, 0x74, 0x75, 0x72, 0x6e, 
        0x73, 0x20, 0x24, 0x6d, 0x61, 0x67, 0x6e, 0x69, 0x74, 0x75, 0x64, 0x65, 
        0x20, 0x77, 0x69, 0x74, 0x68, 0x20, 0x74, 0x68, 0x65, 0x20, 0x73, 0x69, 
        0x67, 0x6e, 0x20, 0x6f, 0x66, 0x20, 0x24, 0x73, 0x69, 0x67, 0x6e, 0x2e, 
        0x0a, 0x20, 0x2a, 0x2f, 0x0a, 0x23, 0x5b, 0x69, 0x6e, 0x6c, 0x69, 0x6e, 
        0x65, 0x5d, 0x0a, 0x23, 0x5b, 0x69, 0x6e, 0x74, 0x72, 0x69, 0x6e, 0x73, 
        0x69, 0x63, 0x3a, 0x20, 0x22, 0x6c, 0x6c, 0x76, 0x6d, 0x2e, 0x63, 0x6f, 
        0x70, 0x79, 0x73, 0x69, 0x67, 0x6e, 0x22, 0x5d, 0x0a, 0x66, 0x75, 0x6e, 
        0x63, 0x74, 0x69, 0x6f, 0x6e, 0x20, 0x63, 0x6f, 0x70, 0x79, 0x73, 0x69, 
        0x67, 0x6e, 0x28, 0x66, 0x6c, 0x6f, 0x61, 0x74, 0x20, 0x24, 0x6d, 0x61, 
        0x67, 0x6e, 0x69, 0x74, 0x75, 0x64, 0x65, 0x2c, 0x20, 0x66, 0x6c, 0x6f, 
        0x61, 0x74, 0x20, 0x24, 0x73, 0x69, 0x67, 0x6e, 0x29, 0x20, 0x3a, 0x20, 
        0x66, 0x6c, 0x6f, 0x61, 0x74, 0x3b, 0x0a, 0x0a, 0x23, 0x5b, 0x69, 0x6e, 
        0x6c, 0x69, 0x6e, 0x65, 0x5d, 0x0a, 0x23, 0x5b, 0x69, 0x6e, 0x74, 0x72, 
        0x69, 0x6e, 0x73, 0x69, 0x63, 0x3a, 0x20, 0x22, 0x6c, 0x6c, 0x76, 0x6d, 
        0x2e, 0x63, 0x6f, 0x70, 0x79, 0x73, 0x69, 0x67, 0x6e, 0x22, 0x5d, 0x0a, 
        0x66, 0x75, 0x6e, 0x63, 0x74, 0x69, 0x6f, 0x6e, 0x20, 0x63, 0x6f, 0x70, 
        0x79, 0x73, 0x69, 0x67, 0x6e, 0x28, 0x66, 0x6c, 0x6f, 0x61, 0x74, 0x36, 
        0x34, 0x20, 0x24, 0x6d, 0x61, 0x67, 0x6e, 0x69, 0x74, 0x75, 0x64, 0x65, 
        0x2c, 0x20, 0x66, 0x6c, 0x6f, 0x61, 0x74, 0x36, 0x34, 0x20, 0x24, 0x73, 
        0x69, 0x67, 0x6e, 0x29, 0x20, 0x3a, 0x20, 0x66, 0x6c, 0x6f, 0x61, 0x74, 
        0x36, 0x34, 0x3b, 0x0a, 0x0a, 0x2f, 0x2f, 0x20, 0x2d, 0x2d, 0x2d, 0x2d, 
        0x2d, 0x2d, 0x2d, 0x2d, 0x2d, 0x2d, 0x2d, 0x2d, 0x2d, 0x2d, 0x2d, 0x2d, 
        0x2d, 0x2d, 0x2d, 0x2d, 0x2d, 0x2d, 0x2d, 0x2d, 0x2d, 0x2d, 0x2d, 0x2d, 
        0x2d, 0x2d, 0x2d, 0x2d, 0x2d, 0x2d, 0x2d, 0x2d, 0x2d, 0x2d, 0x2d, 0x2d, 
        0x2d, 0x2d, 0x2d, 0x2d, 0x2d, 0x2d, 0x2d, 0x2d, 0x2d, 0x2d, 0x2d, 0x2d, 
        0x2d, 0x2d, 0x2d, 0x2d, 0x2d, 0x2d, 0x2d, 0x2d, 0x2d, 0x2d, 0x2d, 0x2d, 
        0x2d, 0x2d, 0x2d, 0x2d, 0x2d, 0x2d, 0x2d, 0x2d, 0x2d, 0x2d, 0x2d, 0x2d, 
        0x0a, 0x2f, 0x2f, 0x20, 0x6d, 0x69, 0x6e, 0x69, 0x6d, 0x75, 0x6d, 0x2c, 
        0x20, 0x6d, 0x61, 0x78, 0x69, 0x6d, 0x75, 0x6d, 0x20, 0x61, 0x6e, 0x64, 
        0x20, 0x66, 0x75, 0x73, 0x65, 0x64, 0x20, 0x6d, 0x75, 0x6c, 0x74, 0x69, 
        0x70, 0x6c, 0x79, 0x2d, 0x61, 0x64, 0x64, 0x0a, 0x2f, 0x2f, 0x20, 0x2d, 
        0x2d, 0x2d, 0x2d, 0x2d, 0x2d, 0x2d, 0x2d, 0x2d, 0x2d, 0x2d, 0x2d, 0x2d, 
        0x2d, 0x2d, 0x2d, 0x2d, 0x2d, 0x2d, 0x2d, 0x2d, 0x2d, 0x2d, 0x2d, 0x2d, 
        0x2d, 0x2d, 0x2d, 0x2d, 0x2d, 0x2d, 0x2d, 0x2d, 0x2d, 0x2d, 0x2d, 0x2d, 
        0x2d, 0x2d, 0x2d, 0x2d, 0x2d, 0x2d, 0x2d, 0x2d, 0x2d, 0x2d, 0x2d, 0x2d, 
        0x2d, 0x2d, 0x2d, 0x2d, 0x2d, 0x2d, 0x2d, 0x2d, 0x2d, 0x2d, 0x2d, 0x2d, 
        0x2d, 0x2d, 0x2d, 0x2d, 0x2d, 0x2d, 0x2d, 0x2d, 0x2d, 0x2d, 0x2d, 0x2d, 
        0x2d, 0x2d, 0x2d, 0x0a, 0x0a, 0x2f, 0x2a, 0x2a, 0x0a, 0x20, 0x2a, 0x20, 
        0x52, 0x65, 0x74, 0x75, 0x72, 0x6e, 0x73, 0x20, 0x74, 0x68, 0x65, 0x20, 
        0x73, 0x6d, 0x61, 0x6c, 0x6c, 0x65, 0x72, 0x20, 0x6f, 0x66, 0x20, 0x74, 
        0x77, 0x6f, 0x20, 0x76, 0x61, 0x6c, 0x75, 0x65, 0x73, 0x2e, 0x0a, 0x20, 
        0x2a, 0x0a, 0x20, 0x2a, 0x20, 0x73, 0x69, 0x67, 0x6e, 0x65, 0x64, 0x20, 
        0x61, 0x6e, 0x64, 0x20, 0x75, 0x6e, 0x73, 0x69, 0x67, 0x6e, 0x65, 0x64, 
        0x20, 0x69, 0x6e, 0x74, 0x65, 0x67, 0x65, 0x72, 0x73, 0x20, 0x6e, 0x65, 
        0x65, 0x64, 0x20, 0x64, 0x69, 0x66, 0x66, 0x65, 0x72, 0x65, 0x6e, 0x74, 
        0x20, 0x69, 0x6e, 0x73, 0x74, 0x72, 0x75, 0x63, 0x74, 0x69, 0x6f, 0x6e, 
        0x73, 0x2c, 0x20, 0x73, 0x6f, 0x20, 0x74, 0x68, 0x65, 0x20, 0x69, 0x6e, 
        0x74, 0x65, 0x67, 0x65, 0x72, 0x20, 0x6f, 0x76, 0x65, 0x72, 0x6c, 0x6f, 
        0x61, 0x64, 0x73, 0x20, 0x61, 0x72, 0x65, 0x20, 0x73, 0x70, 0x65, 0x6c, 
        0x6c, 0x65, 0x64, 0x0a, 0x20, 0x2a, 0x20, 0x6f, 0x75, 0x74, 0x20, 0x72, 
        0x61, 0x74, 0x68, 0x65, 0x72, 0x20, 0x74, 0x68, 0x61, 0x6e, 0x20, 0x67, 
        0x65, 0x6e, 0x65, 0x72, 0x69, 0x63, 0x2e, 0x20, 0x61, 0x20, 0x6d, 0x69, 
        0x78, 0x65, 0x64, 0x2d, 0x73, 0x69, 0x67, 0x6e, 0x65, 0x64, 0x6e, 0x65, 
        0x73, 0x73, 0x20, 0x63, 0x61, 0x6c, 0x6c, 0x20, 0x68, 0x61, 0x73, 0x20, 
        0x6e, 0x6f, 0x20, 0x65, 0x78, 0x61, 0x63, 0x74, 0x20, 0x63, 0x61, 0x6e, 
        0x64, 0x69, 0x64, 0x61, 0x74, 0x65, 0x20, 0x61, 0x6e, 0x64, 0x20, 0x69, 
        0x73, 0x20, 0x72, 0x65, 0x70, 0x6f, 0x72, 0x74, 0x65, 0x64, 0x20, 0x61, 
        0x73, 0x20, 0x73, 0x75, 0x63, 0x68, 0x2c, 0x0a, 0x20, 0x2a, 0x20, 0x77, 
        0x68, 0x69, 0x63, 0x68, 0x20, 0x69, 0x73, 0x20, 0x74, 0x68, 0x65, 0x20, 
        0x68, 0x6f, 0x6e, 0x65, 0x73, 0x74, 0x20, 0x61, 0x6e, 0x73, 0x77, 0x65, 
        0x72, 0x20, 0x2d, 0x20, 0x63, 0x61, 0x73, 0x74, 0x20, 0x74, 0x68, 0x65, 
        0x20, 0x6f, 0x70, 0x65, 0x72, 0x61, 0x6e, 0x64, 0x73, 0x20, 0x74, 0x6f, 
        0x20, 0x6f, 0x6e, 0x65, 0x20, 0x74, 0x79, 0x70, 0x65, 0x20, 0x66, 0x69, 
        0x72, 0x73, 0x74, 0x0a, 0x20, 0x2a, 0x2f, 0x0a, 0x23, 0x5b, 0x69, 0x6e, 
        0x6c, 0x69, 0x6e, 0x65, 0x5d, 0x0a, 0x23, 0x5b, 0x69, 0x6e, 0x74, 0x72, 
        0x69, 0x6e, 0x73, 0x69, 0x63, 0x3a, 0x20, 0x22, 0x6c, 0x6c, 0x76, 0x6d, 
        0x2e, 0x6d, 0x69, 0x6e, 0x6e, 0x75, 0x6d, 0x22, 0x5d, 0x0a, 0x66, 0x75, 
        0x6e, 0x63, 0x74, 0x69, 0x6f, 0x6e, 0x20, 0x6d, 0x69, 0x6e, 0x28, 0x66, 
        0x6c, 0x6f, 0x61, 0x74, 0x20, 0x24, 0x61, 0x2c, 0x20, 0x66, 0x6c, 0x6f, 
        0x61, 0x74, 0x20, 0x24, 0x62, 0x29, 0x20, 0x3a, 0x20, 0x66, 0x6c, 0x6f, 
        0x61, 0x74, 0x3b, 0x0a, 0x0a, 0x23, 0x5b, 0x69, 0x6e, 0x6c, 0x69, 0x6e, 
        0x65, 0x5d, 0x0a, 0x23, 0x5b, 0x69, 0x6e, 0x74, 0x72, 0x69, 0x6e, 0x73, 
        0x69, 0x63, 0x3a, 0x20, 0x22, 0x6c, 0x6c, 0x76, 0x6d, 0x2e, 0x6d, 0x69, 
        0x6e, 0x6e, 0x75, 0x6d, 0x22, 0x5d, 0x0a, 0x66, 0x75, 0x6e, 0x63, 0x74, 
        0x69, 0x6f, 0x6e, 0x20, 0x6d, 0x69, 0x6e, 0x28, 0x66, 0x6c, 0x6f, 0x61, 
        0x74, 0x36, 0x34, 0x20, 0x24, 0x61, 0x2c, 0x20, 0x66, 0x6c, 0x6f, 0x61, 
        0x74, 0x36, 0x34, 0x20, 0x24, 0x62, 0x29, 0x20, 0x3a, 0x20, 0x66, 0x6c, 
        0x6f, 0x61, 0x74, 0x36, 0x34, 0x3b, 0x0a, 0x0a, 0x23, 0x5b, 0x69, 0x6e, 
        0x6c, 0x69, 0x6e, 0x65, 0x5d, 0x0a, 0x23, 0x5b, 0x69, 0x6e, 0x74, 0x72, 
        0x69, 0x6e, 0x73, 0x69, 0x63, 0x3a, 0x20, 0x22, 0x6c, 0x6c, 0x76, 0x6d, 
        0x2e, 0x73, 0x6d, 0x69, 0x6e, 0x22, 0x5d, 0x0a, 0x66, 0x75, 0x6e, 0x63, 
        0x74, 0x69, 0x6f, 0x6e, 0x20, 0x6d, 0x69, 0x6e, 0x28, 0x69, 0x6e, 0x74, 
        0x33, 0x32, 0x20, 0x24, 0x61, 0x2c, 0x20, 0x69, 0x6e, 0x74, 0x33, 0x32, 
        0x20, 0x24, 0x62, 0x29, 0x20, 0x3a, 0x20, 0x69, 0x6e, 0x74, 0x33, 0x32, 
        0x3b, 0x0a, 0x0a, 0x23, 0x5b, 0x69, 0x6e, 0x6c, 0x69, 0x6e, 0x65, 0x5d, 
        0x0a, 0x23, 0x5b, 0x69, 0x6e, 0x74, 0x72, 0x69, 0x6e, 0x73, 0x69, 0x63, 
        0x3a, 0x20, 0x22, 0x6c, 0x6c, 0x76, 0x6d, 0x2e, 0x73, 0x6d, 0x69, 0x6e, 
        0x22, 0x5d, 0x0a, 0x66, 0x75, 0x6e, 0x63, 0x74, 0x69, 0x6f, 0x6e, 0x20, 
        0x6d, 0x69, 0x6e, 0x28, 0x69, 0x6e, 0x74, 0x36, 0x34, 0x20, 0x24, 0x61, 
        0x2c, 0x20, 0x69, 0x6e, 0x74, 0x36, 0x34, 0x20, 0x24, 0x62, 0x29, 0x20, 
        0x3a, 0x20, 0x69, 0x6e, 0x74, 0x36, 0x34, 0x3b, 0x0a, 0x0a, 0x23, 0x5b, 
        0x69, 0x6e, 0x6c, 0x69, 0x6e, 0x65, 0x5d, 0x0a, 0x23, 0x5b, 0x69, 0x6e, 
        0x74, 0x72, 0x69, 0x6e, 0x73, 0x69, 0x63, 0x3a, 0x20, 0x22, 0x6c, 0x6c, 
        0x76, 0x6d, 0x2e, 0x75, 0x6d, 0x69, 0x6e, 0x22, 0x5d, 0x0a, 0x66, 0x75, 
        0x6e, 0x63, 0x74, 0x69, 0x6f, 0x6e, 0x20, 0x6d, 0x69, 0x6e, 0x28, 0x75, 
        0x69, 0x6e, 0x74, 0x33, 0x32, 0x20, 0x24, 0x61, 0x2c, 0x20, 0x75, 0x69, 
        0x6e, 0x74, 0x33, 0x32, 0x20, 0x24, 0x62, 0x29, 0x20, 0x3a, 0x20, 0x75, 
        0x69, 0x6e, 0x74, 0x33, 0x32, 0x3b, 0x0a, 0x0a, 0x23, 0x5b, 0x69, 0x6e, 
        0x6c, 0x69, 0x6e, 0x65, 0x5d, 0x0a, 0x23, 0x5b, 0x69, 0x6e, 0x74, 0x72, 
        0x69, 0x6e, 0x73, 0x69, 0x63, 0x3a, 0x20, 0x22, 0x6c, 0x6c, 0x76, 0x6d, 
        0x2e, 0x75, 0x6d, 0x69, 0x6e, 0x22, 0x5d, 0x0a, 0x66, 0x75, 0x6e, 0x63, 
        0x74, 0x69, 0x6f, 0x6e, 0x20, 0x6d, 0x69, 0x6e, 0x28, 0x75, 0x69, 0x6e, 
        0x74, 0x36, 0x34, 0x20, 0x24, 0x61, 0x2c, 0x20, 0x75, 0x69, 0x6e, 0x74, 
        0x36, 0x34, 0x20, 0x24, 0x62, 0x29, 0x20, 0x3a, 0x20, 0x75, 0x69, 0x6e, 
        0x74, 0x36, 0x34, 0x3b, 0x0a, 0x0a, 0x2f, 0x2a, 0x2a, 0x0a, 0x20, 0x2a, 
        0x20, 0x52, 0x65, 0x74, 0x75, 0x72, 0x6e, 0x73, 0x20, 0x74, 0x68, 0x65, 
        0x20, 0x6c, 0x61, 0x72, 0x67, 0x65, 0x72, 0x20, 0x6f, 0x66, 0x20, 0x74, 
        0x77, 0x6f, 0x20, 0x76, 0x61, 0x6c, 0x75, 0x65, 0x73, 0x2e, 0x0a, 0x20, 
        0x2a, 0x2f, 0x0a, 0x23, 0x5b, 0x69, 0x6e, 0x6c, 0x69, 0x6e, 0x65, 0x5d, 
        0x0a, 0x23, 0x5b, 0x69, 0x6e, 0x74, 0x72, 0x69, 0x6e, 0x73, 0x69, 0x63, 
        0x3a, 0x20, 0x22, 0x6c, 0x6c, 0x76, 0x6d, 0x2e, 0x6d, 0x61, 0x78, 0x6e, 
        0x75, 0x6d, 0x22, 0x5d, 0x0a, 0x66, 0x75, 0x6e, 0x63, 0x74, 0x69, 0x6f, 
        0x6e, 0x20, 0x6d, 0x61, 0x78, 0x28, 0x66, 0x6c, 0x6f, 0x61, 0x74, 0x20, 
        0x24, 0x61, 0x2c, 0x20, 0x66, 0x6c, 0x6f, 0x61, 0x74, 0x20, 0x24, 0x62, 
        0x29, 0x20, 0x3a, 0x20, 0x66, 0x6c, 0x6f, 0x61, 0x74, 0x3b, 0x0a, 0x0a, 
        0x23, 0x5b, 0x69, 0x6e, 0x6c, 0x69, 0x6e, 0x65, 0x5d, 0x0a, 0x23, 0x5b, 
        0x69, 0x6e, 0x74, 0x72, 0x69, 0x6e, 0x73, 0x69, 0x63, 0x3a, 0x20, 0x22, 
        0x6c, 0x6c, 0x76, 0x6d, 0x2e, 0x6d, 0x61, 0x78, 0x6e, 0x75, 0x6d, 0x22, 
        0x5d, 0x0a, 0x66, 0x75, 0x6e, 0x63, 0x74, 0x69, 0x6f, 0x6e, 0x20, 0x6d, 
        0x61, 0x78, 0x28, 0x66, 0x6c, 0x6f, 0x61, 0x74, 0x36, 0x34, 0x20, 0x24, 
        0x61, 0x2c, 0x20, 0x66, 0x6c, 0x6f, 0x61, 0x74, 0x36, 0x34, 0x20, 0x24, 
        0x62, 0x29, 0x20, 0x3a, 0x20, 0x66, 0x6c, 0x6f, 0x61, 0x74, 0x36, 0x34, 
        0x3b, 0x0a, 0x0a, 0x23, 0x5b, 0x69, 0x6e, 0x6c, 0x69, 0x6e, 0x65, 0x5d, 
        0x0a, 0x23, 0x5b, 0x69, 0x6e, 0x74, 0x72, 0x69, 0x6e, 0x73, 0x69, 0x63, 
        0x3a, 0x20, 0x22, 0x6c, 0x6c, 0x76, 0x6d, 0x2e, 0x73, 0x6d, 0x61, 0x78, 
        0x22, 0x5d, 0x0a, 0x66, 0x75, 0x6e, 0x63, 0x74, 0x69, 0x6f, 0x6e, 0x20, 
        0x6d, 0x61, 0x78, 0x28, 0x69, 0x6e, 0x74, 0x33, 0x32, 0x20, 0x24, 0x61, 
        0x2c, 0x20, 0x69, 0x6e, 0x74, 0x33, 0x32, 0x20, 0x24, 0x62, 0x29, 0x20, 
        0x3a, 0x20, 0x69, 0x6e, 0x74, 0x33, 0x32, 0x3b, 0x0a, 0x0a, 0x23, 0x5b, 
        0x69, 0x6e, 0x6c, 0x69, 0x6e, 0x65, 0x5d, 0x0a, 0x23, 0x5b, 0x69, 0x6e, 
        0x74, 0x72, 0x69, 0x6e, 0x73, 0x69, 0x63, 0x3a, 0x20, 0x22, 0x6c, 0x6c, 
        0x76, 0x6d, 0x2e, 0x73, 0x6d, 0x61, 0x78, 0x22, 0x5d, 0x0a, 0x66, 0x75, 
        0x6e, 0x63, 0x74, 0x69, 0x6f, 0x6e, 0x20, 0x6d, 0x61, 0x78, 0x28, 0x69, 
        0x6e, 0x74, 0x36, 0x34, 0x20, 0x24, 0x61, 0x2c, 0x20, 0x69, 0x6e, 0x74, 
        0x36, 0x34, 0x20, 0x24, 0x62, 0x29, 0x20, 0x3a, 0x20, 0x69, 0x6e, 0x74, 
        0x36, 0x34, 0x3b, 0x0a, 0x0a, 0x23, 0x5b, 0x69, 0x6e, 0x6c, 0x69, 0x6e, 
        0x65, 0x5d, 0x0a, 0x23, 0x5b, 0x69, 0x6e, 0x74, 0x72, 0x69, 0x6e, 0x73, 
        0x69, 0x63, 0x3a, 0x20, 0x22, 0x6c, 0x6c, 0x76, 0x6d, 0x2e, 0x75, 0x6d, 
        0x61, 0x78, 0x22, 0x5d, 0x0a, 0x66, 0x75, 0x6e, 0x63, 0x74, 0x69, 0x6f, 
        0x6e, 0x20, 0x6d, 0x61, 0x78, 0x28, 0x75, 0x69, 0x6e, 0x74, 0x33, 0x32, 
        0x20, 0x24, 0x61, 0x2c, 0x20, 0x75, 0x69, 0x6e, 0x74, 0x33, 0x32, 0x20, 
        0x24, 0x62, 0x29, 0x20, 0x3a, 0x20, 0x75, 0x69, 0x6e, 0x74, 0x33, 0x32, 
        0x3b, 0x0a, 0x0a, 0x23, 0x5b, 0x69, 0x6e, 0x6c, 0x69, 0x6e, 0x65, 0x5d, 
        0x0a, 0x23, 0x5b, 0x69, 0x6e, 0x74, 0x72, 0x69, 0x6e, 0x73, 0x69, 0x63, 
        0x3a, 0x20, 0x22, 0x6c, 0x6c, 0x76, 0x6d, 0x2e, 0x75, 0x6d, 0x61, 0x78, 
        0x22, 0x5d, 0x0a, 0x66, 0x75, 0x6e, 0x63, 0x74, 0x69, 0x6f, 0x6e, 0x20, 
        0x6d, 0x61, 0x78, 0x28, 0x75, 0x69, 0x6e, 0x74, 0x36, 0x34, 0x20, 0x24, 
        0x61, 0x2c, 0x20, 0x75, 0x69, 0x6e, 0x74, 0x36, 0x34, 0x20, 0x24, 0x62, 
        0x29, 0x20, 0x3a, 0x20, 0x75, 0x69, 0x6e, 0x74, 0x36, 0x34, 0x3b, 0x0a, 
        0x0a, 0x2f, 0x2a, 0x2a, 0x0a, 0x20, 0x2a, 0x20, 0x52, 0x65, 0x74, 0x75, 
        0x72, 0x6e, 0x73, 0x20, 0x24, 0x61, 0x20, 0x2a, 0x20, 0x24, 0x62, 0x20, 
        0x2b, 0x20, 0x24, 0x63, 0x2c, 0x20, 0x63, 0x6f, 0x6d, 0x70, 0x75, 0x74, 
        0x65, 0x64, 0x20, 0x77, 0x69, 0x74, 0x68, 0x20, 0x61, 0x20, 0x73, 0x69, 
        0x6e, 0x67, 0x6c, 0x65, 0x20, 0x72, 0x6f, 0x75, 0x6e, 0x64, 0x69, 0x6e, 
        0x67, 0x2e, 0x0a, 0x20, 0x2a, 0x2f, 0x0a, 0x23, 0x5b, 0x69, 0x6e, 0x6c, 
        0x69, 0x6e, 0x65, 0x5d, 0x0a, 0x23, 0x5b, 0x69, 0x6e, 0x74, 0x72, 0x69, 
        0x6e, 0x73, 0x69, 0x63, 0x3a, 0x20, 0x22, 0x6c, 0x6c, 0x76, 0x6d, 0x2e, 
        0x66, 0x6d, 0x61, 0x22, 0x5d, 0x0a, 0x66, 0x75, 0x6e, 0x63, 0x74, 0x69, 
        0x6f, 0x6e, 0x20, 0x66, 0x6d, 0x61, 0x28, 0x66, 0x6c, 0x6f, 0x61, 0x74, 
        0x20, 0x24, 0x61, 0x2c, 0x20, 0x66, 0x6c, 0x6f, 0x61, 0x74, 0x20, 0x24, 
        0x62, 0x2c, 0x20, 0x66, 0x6c, 0x6f, 0x61, 0x74, 0x20, 0x24, 0x63, 0x29, 
        0x20, 0x3a, 0x20, 0x66, 0x6c, 0x6f, 0x61, 0x74, 0x3b, 0x0a, 0x0a, 0x23, 
        0x5b, 0x69, 0x6e, 0x6c, 0x69, 0x6e, 0x65, 0x5d, 0x0a, 0x23, 0x5b, 0x69, 
        0x6e, 0x74, 0x72, 0x69, 0x6e, 0x73, 0x69, 0x63, 0x3a, 0x20, 0x22, 0x6c, 
        0x6c, 0x76, 0x6d, 0x2e, 0x66, 0x6d, 0x61, 0x22, 0x5d, 0x0a, 0x66, 0x75, 
        0x6e, 0x63, 0x74, 0x69, 0x6f, 0x6e, 0x20, 0x66, 0x6d, 0x61, 0x28, 0x66, 
        0x6c, 0x6f, 0x61, 0x74, 0x36, 0x34, 0x20, 0x24, 0x61, 0x2c, 0x20, 0x66, 
        0x6c, 0x6f, 0x61, 0x74, 0x36, 0x34, 0x20, 0x24, 0x62, 0x2c, 0x20, 0x66, 
        0x6c, 0x6f, 0x61, 0x74, 0x36, 0x34, 0x20, 0x24, 0x63, 0x29, 0x20, 0x3a, 
        0x20, 0x66, 0x6c, 0x6f, 0x61, 0x74, 0x36, 0x34, 0x3b, 0x0a, 
    };
    file_15.set_content(reinterpret_cast<const char*>(file_15_data), sizeof(file_15_data));
}
}
